<?xml version="1.0" encoding="UTF-8"?>
<project xmlns="http://maven.apache.org/POM/4.0.0" xmlns:xsi="http://www.w3.org/2001/XMLSchema-instance" xsi:schemaLocation="http://maven.apache.org/POM/4.0.0 http://maven.apache.org/maven-v4_0_0.xsd">
  <modelVersion>4.0.0</modelVersion>
  <groupId>com.att.dcae.dev</groupId>
  <artifactId>dropwizardPractice</artifactId>
  <name>Dropwizard Practice Project</name>
  <version>0.0.3</version>
  <description>Dropwizard Practice Project</description>
  <build>
    <plugins>
      <plugin>
        <artifactId>maven-shade-plugin</artifactId>
        <version>2.4.3</version>
        <executions>
          <execution>
            <phase>package</phase>
            <goals>
              <goal>shade</goal>
            </goals>
            <configuration>
              <transformers>
                <transformer />
                <transformer>
                  <mainClass>com.example.helloworld.HelloWorldApplication</mainClass>
                </transformer>
              </transformers>
            </configuration>
          </execution>
        </executions>
      </plugin>
      <plugin>
        <artifactId>maven-jar-plugin</artifactId>
        <version>2.4</version>
        <configuration>
          <archive>
            <manifest>
              <addDefaultImplementationEntries>true</addDefaultImplementationEntries>
            </manifest>
          </archive>
        </configuration>
      </plugin>
    </plugins>
  </build>
  <properties>
    <logback.version>1.2.3</logback.version>
    <dropwizard.version>1.1.1</dropwizard.version>
    <swagger-core.version>1.5.8</swagger-core.version>
  </properties>
</project>

