<project xmlns="http://maven.apache.org/POM/4.0.0" xmlns:xsi="http://www.w3.org/2001/XMLSchema-instance"
	xsi:schemaLocation="http://maven.apache.org/POM/4.0.0 http://maven.apache.org/xsd/maven-4.0.0.xsd">
	<modelVersion>4.0.0</modelVersion>
	<groupId>com.att.dcae.dev</groupId>
	<artifactId>dropwizardPractice</artifactId>
	<version>0.0.3</version>
	<name>Dropwizard Practice Project</name>
	<description>Dropwizard Practice Project</description>

	<properties>
		<dropwizard.version>1.1.1</dropwizard.version>
		<swagger-core.version>1.5.8</swagger-core.version>
		<logback.version>1.2.3</logback.version>
	</properties> 

	<dependencies>
		<dependency>
			<groupId>io.dropwizard</groupId>
			<artifactId>dropwizard-core</artifactId>
			<version>${dropwizard.version}</version>
		</dependency>
		<dependency>
			<groupId>io.dropwizard</groupId>
			<artifactId>dropwizard-jdbi</artifactId>
			<version>${dropwizard.version}</version>
		</dependency>
		<dependency>
			<groupId>io.dropwizard</groupId>
			<artifactId>dropwizard-client</artifactId>
			<version>${dropwizard.version}</version>
		</dependency>
		<dependency>
            <groupId>ch.qos.logback</groupId>
            <artifactId>logback-classic</artifactId>
            <version>${logback.version}</version>
        </dependency>
		<dependency>
			<groupId>io.swagger</groupId>
			<artifactId>swagger-jersey2-jaxrs</artifactId>
			<version>${swagger-core.version}</version>
			<exclusions>
				<exclusion>
					<groupId>*</groupId>
					<artifactId>*</artifactId>
				</exclusion>
			</exclusions>
		</dependency>
		<dependency>
			<groupId>io.swagger</groupId>
			<artifactId>swagger-models</artifactId>
			<version>${swagger-core.version}</version>
			<exclusions>
				<exclusion>
					<groupId>*</groupId>
					<artifactId>*</artifactId>
				</exclusion>
			</exclusions>
		</dependency>
		<dependency>
			<groupId>io.swagger</groupId>
			<artifactId>swagger-annotations</artifactId>
			<version>${swagger-core.version}</version>
			<exclusions>
				<exclusion>
					<groupId>*</groupId>
					<artifactId>*</artifactId>
				</exclusion>
			</exclusions>
		</dependency>
		<dependency>
			<groupId>io.swagger</groupId>
			<artifactId>swagger-core</artifactId>
			<version>${swagger-core.version}</version>
			<exclusions>
				<exclusion>
					<groupId>*</groupId>
					<artifactId>*</artifactId>
				</exclusion>
			</exclusions>
		</dependency>
		<dependency>
			<groupId>io.swagger</groupId>
			<artifactId>swagger-jaxrs</artifactId>
			<version>${swagger-core.version}</version>
			<exclusions>
				<exclusion>
					<groupId>*</groupId>
					<artifactId>*</artifactId>
				</exclusion>
			</exclusions>
		</dependency>
	</dependencies>


	<build>
		<plugins>
			<!-- Package an Uber jar -->
			<plugin>
				<groupId>org.apache.maven.plugins</groupId>
				<artifactId>maven-shade-plugin</artifactId>
				<version>2.4.3</version>
				<executions>
					<!-- Run shade goal on package phase -->
					<execution>
						<phase>package</phase>
						<goals>
							<goal>shade</goal>
						</goals>
						<configuration>
							<transformers>
								<transformer implementation="org.apache.maven.plugins.shade.resource.ServicesResourceTransformer" />
								<transformer implementation="org.apache.maven.plugins.shade.resource.ManifestResourceTransformer">
									<mainClass>com.example.helloworld.HelloWorldApplication</mainClass>
								</transformer>
							</transformers>
						</configuration>
					</execution>
				</executions>
			</plugin>
			<plugin>
				<groupId>org.apache.maven.plugins</groupId>
				<artifactId>maven-jar-plugin</artifactId>
				<version>2.4</version>
				<configuration>
					<archive>
						<manifest>
							<addDefaultImplementationEntries>true</addDefaultImplementationEntries>
						</manifest>
					</archive>
				</configuration>
			</plugin>
		</plugins>
	</build>


</project>