<?xml version="1.0" encoding="UTF-8" ?>
<filters xmlns="http://hp.com/uca/expert/filter">
   <topFilter name="ntdCorrelation">
		<allCondition>
				<stringFilterStatement>  
					<fieldName>originatingManagedEntity</fieldName>
					<operator>contains</operator>
					<fieldValue>PORT</fieldValue>
				</stringFilterStatement>
				<stringFilterStatement>   
					<fieldName>EventKey</fieldName>    
					<operator>isListedIn</operator>    
					<fieldValue>50003/100/1,50002/100/21,50001/100/7,50001/100/55,50003/100/13,50001/100/56,50001/100/57,50001/100/58,50001/100/59</fieldValue> 
				</stringFilterStatement>    
		</allCondition>  
    </topFilter>
</filters>  
