@ref()
@index(CLFI)key|TDL_instance_name|key|alarm_classification|alarm_domain|data_source|is_operational|legacy_org_ind|clfi|clfi2|clfi2plus|clfi3list
P101/GE10/DTRTMIBL0AW/DTRTMIBL0BW|JU104/GE1N/SNJLCA860AW/SNJSCA02W31|JU104/GE1N/SNJLCA860AW/SNJSCA02W31||||||JU104/GE1N/SNJLCA860AW/SNJSCA02W31|999/S0308S/SNFCCA21/SNJSCA02|999/S0308S/SNFCCA21/SNJSCA02/4|BR001/OMC/OKLDCA03/SNFCCA21,BR001/OMC/HYWRCA01/OKLDCA03,BR001/OMC/PLALCA02/SNTCCA01,BR001/OMC/SNBUCA02/SNFCCA21,BR001/OMC/SNJSCA02/SNTCCA01,P101/GE10/DTRTMIBL0AW/DTRTMIBL0BW,BR001/OMC/FRMTCA11/SNJSCA02,BR001/OMC/FRMTCA11/HYWRCA01
Q101/GE10/DTRTMIBL0AW/DTRTMIBL0BW|JU104/GE1N/SNJSCAPG0AW/SNJSCA02W31|JU104/GE1N/SNJSCAPG0AW/SNJSCA02W31||||||JU104/GE1N/SNJSCAPG0AW/SNJSCA02W31|999/S0308S/SNFCCA21/SNJSCA02,103/S0308/SNFCCA21/SNTCCA01|999/S0308S/SNFCCA21/SNJSCA02/1,Q101/GE10/DTRTMIBL0AW/DTRTMIBL0BW|BR001/OMC/OKLDCA03/SNFCCA21,BR001/OMC/HYWRCA01/OKLDCA03,BR001/OMC/PLALCA02/SNTCCA01,BR001/OMC/SNBUCA02/SNFCCA21,BR001/OMC/SNJSCA02/SNTCCA01,BR001/OMC/PLALCA02/SNBUCA02,BR001/OMC/FRMTCA11/SNJSCA02,BR001/OMC/FRMTCA11/HYWRCA01,BR001/OMC/SNBUCA02/SNFCCA21,BR001/OMC/FRMTCA11/HYWRCA01,BR001/OMC/PLALCA02/SNTCCA01,BR001/OMC/FRMTCA11/SNJSCA02,BR001/OMC/SNJSCA02/SNTCCA01,BR001/OMC/PLALCA02/SNBUCA02,BR001/OMC/HYWRCA01/OKLDCA03,BR001/OMC/OKLDCA03/SNFCCA21
R101/GE10/DTRTMIBL0AW/DTRTMIBL0BW|107/GE1N/SNJSCA02W31/SNJTCAQU0AW|107/GE1N/SNJSCA02W31/SNJTCAQU0AW||||||107/GE1N/SNJSCA02W31/SNJTCAQU0AW|R103/GE10/DTRTMIBL0AW/DTRTMIBL0BW,R101/GE10/DTRTMIBL0AW/DTRTMIBL0BW|103/S0308/SNFCCA21/SNTCCA01/5,R101/GE10/DTRTMIBL0AW/DTRTMIBL0BW|BR001/OMC/SNBUCA02/SNFCCA21,BR001/OMC/FRMTCA11/HYWRCA01,BR001/OMC/PLALCA02/SNTCCA01,BR001/OMC/FRMTCA11/SNJSCA02,BR001/OMC/SNJSCA02/SNTCCA01,BR001/OMC/PLALCA02/SNBUCA02,BR001/OMC/HYWRCA01/OKLDCA03,BR001/OMC/OKLDCA03/SNFCCA21
GE10/DTRTMIBL0AW/DTRTMIBL0BW|GE10/DTRTMIBL0AW/DTRTMIBL0BW|GE10/DTRTMIBL0AW/DTRTMIBL0BW||||||GE10/DTRTMIBL0AW/DTRTMIBL0BW|103/S0308/SNFCCA21/SNTCCA01,999/S0308S/SNFCCA21/SNJSCA02|103/S0308/SNFCCA21/SNTCCA01/2,999/S0308S/SNFCCA21/SNJSCA02/3|BR001/OMC/SNBUCA02/SNFCCA21,BR001/OMC/FRMTCA11/HYWRCA01,BR001/OMC/PLALCA02/SNTCCA01,BR001/OMC/FRMTCA11/SNJSCA02,BR001/OMC/SNJSCA02/SNTCCA01,BR001/OMC/PLALCA02/SNBUCA02,BR001/OMC/HYWRCA01/OKLDCA03,BR001/OMC/OKLDCA03/SNFCCA21,BR001/OMC/OKLDCA03/SNFCCA21,BR001/OMC/HYWRCA01/OKLDCA03,BR001/OMC/PLALCA02/SNTCCA01,BR001/OMC/SNBUCA02/SNFCCA21,BR001/OMC/SNJSCA02/SNTCCA01,BR001/OMC/PLALCA02/SNBUCA02,BR001/OMC/FRMTCA11/SNJSCA02,BR001/OMC/FRMTCA11/HYWRCA01
108/GE1N/SNJSCA02W31/SNJTCAQU0AW|108/GE1N/SNJSCA02W31/SNJTCAQU0AW|108/GE1N/SNJSCA02W31/SNJTCAQU0AW||||||108/GE1N/SNJSCA02W31/SNJTCAQU0AW|103/S0308/SNFCCA21/SNTCCA01|103/S0308/SNFCCA21/SNTCCA01/4|BR001/OMC/SNBUCA02/SNFCCA21,BR001/OMC/FRMTCA11/HYWRCA01,BR001/OMC/PLALCA02/SNTCCA01,BR001/OMC/FRMTCA11/SNJSCA02,BR001/OMC/SNJSCA02/SNTCCA01,BR001/OMC/PLALCA02/SNBUCA02,BR001/OMC/HYWRCA01/OKLDCA03,BR001/OMC/OKLDCA03/SNFCCA21
S101/GE10/DTRTMIBL0AW/DTRTMIBL0BW|S101/GE10/DTRTMIBL0AW/DTRTMIBL0BW|S101/GE10/DTRTMIBL0AW/DTRTMIBL0BW||||||S101/GE10/DTRTMIBL0AW/DTRTMIBL0BW|999/S0308S/SNFCCA21/SNJSCA02|999/S0308S/SNFCCA21/SNJSCA02/4|BR001/OMC/OKLDCA03/SNFCCA21,BR001/OMC/HYWRCA01/OKLDCA03,BR001/OMC/PLALCA02/SNTCCA01,BR001/OMC/SNBUCA02/SNFCCA21,BR001/OMC/SNJSCA02/SNTCCA01,BR001/OMC/FRMTCA11/SNJSCA02,BR001/OMC/FRMTCA11/HYWRCA01
102/GE1N/DYBHFLMAH02/DYBHFLMAH57|102/GE1N/DYBHFLMAH02/DYBHFLMAH57|102/GE1N/DYBHFLMAH02/DYBHFLMAH57||||||asdfajslfas|lasdkfjalsdkfj|alsdkjfalsdkfj,lasdkjfalskdjf,alskdfjalskdj|ljkalsdkfjasd,lakjdlfkajs,lakjsdklfajs,kjasldkjfsk
101/P101/GE10/DTRTMIBL0AW/DTRTMIBL0BW|101/P101/GE10/DTRTMIBL0AW/DTRTMIBL0BW|101/P101/GE10/DTRTMIBL0AW/DTRTMIBL0BW||||||GE10/DTRTMIBL0AW/DTRTMIBL0BW|103/S0308/SNFCCA21/SNTCCA01,999/S0308S/SNFCCA21/SNJSCA02|103/S0308/SNFCCA21/SNTCCA01/2,999/S0308S/SNFCCA21/SNJSCA02/3|BR001/OMC/SNBUCA02/SNFCCA21,BR001/OMC/FRMTCA11/HYWRCA01,BR001/OMC/PLALCA02/SNTCCA01,BR001/OMC/FRMTCA11/SNJSCA02,BR001/OMC/SNJSCA02/SNTCCA01,BR001/OMC/PLALCA02/SNBUCA02,BR001/OMC/HYWRCA01/OKLDCA03,BR001/OMC/OKLDCA03/SNFCCA21,BR001/OMC/OKLDCA03/SNFCCA21,BR001/OMC/HYWRCA01/OKLDCA03,BR001/OMC/PLALCA02/SNTCCA01,BR001/OMC/SNBUCA02/SNFCCA21,BR001/OMC/SNJSCA02/SNTCCA01,P101/GE10/DTRTMIBL0AW/DTRTMIBL0BW,BR001/OMC/PLALCA02/SNBUCA02,BR001/OMC/FRMTCA11/SNJSCA02,BR001/OMC/FRMTCA11/HYWRCA01
