<?xml version="1.0" encoding="UTF-8"?>
<!DOCTYPE log4j:configuration SYSTEM "log4j.dtd">

<log4j:configuration xmlns:log4j="http://jakarta.apache.org/log4j/" debug="false">

        <appender name="CONSOLE" class="org.apache.log4j.ConsoleAppender">
                <param name="threshold" value="INFO" />
                <layout class="org.apache.log4j.PatternLayout">
                        <param name="ConversionPattern" value="[%d{MM/dd/yyyy HH:mm:ss,SSS}][%-5p][%-10t]%m%n" />
                </layout>
        </appender>

        <appender name="FILE" class="org.apache.log4j.RollingFileAppender">
                <param name="threshold" value="INFO" />
                <param name="File" value="logs/cambriaPub.log" />
                <param name="MaxFileSize" value="32MB"/>
                <param name="MaxBackupIndex" value="3"/>
                <layout class="org.apache.log4j.PatternLayout">
                        <param name="ConversionPattern" value="[%d{MM/dd/yyyy HH:mm:ss,SSS}][%-5p][%-10t][%-5c][%4L]%m%n" />
                </layout>
        </appender>

 <!--
    <logger name="com.att" additivity="false">
        <level value="INFO" />
        <appender-ref ref="CONSOLE" />
        <appender-ref ref="FILE" />
    </logger>
 -->
        <root>
                <level value="INFO" />
                <appender-ref ref="CONSOLE" />  
                <appender-ref ref="FILE" />
        </root>
</log4j:configuration>
        
