{
	"event":
	{
		"eventHeader":
		{
			"timestamps":
			{
				"timestamp":
				[
					{		
						"componentName":"roamvpdev02a",
						"datetime":"Mon, 11 Jan 2016 17:28:27 GMT+00:00"
					}
				]
			},
			"sequence":0,
			"sourceName":"roamvpdev02a",
			"domain":"fault",
			"severity":"Normal",
			"Id":"roamvpdev02a",
			"eventType":"GFP-CPE-UCPE-VMS-ALARMS-DEV",
			"sourceId":" "
		},
		"faultFields":
		{
			"eventSourceType":"other",
			"specificProblem":"Device fails to respond to ping",
			"alarmCondition":"Device Unreachable",
			"eventSourceHostname":"BR19_JVM"
		}
	}
}