{

   "event-header":{
"id":"201509011430-ef0f7790-343b-432f-be6a-f1fc094a1861",
"timestamps":["2015-09-01 10:56:57:576"],
"source-name":"AOTSCM",
"sequence-number":"0",
"severity":"Normal",
"action":"PlannedStartTimeReached",  
"version":"v0.1" 
},

	"change-ticket":{
	"change-id": "CHG000000398600",
	"summary": "csrpd 115 AIN/SMS : Soloris: replace existing 16gb of memory with 32gb",
	"description": "VPMO 9138 � replace the existing 16gb of memory with 32gb memory",
	"business-risk": "Non-Disruptive",
	"planned-start-date": "20160427 12:00:00:455",
	"planned-end-date": "20160128 14:35:00:572",
	"ticket-status": "Assigned",

		"change-asset-list" : {
      		"change-asset": [
				{
				"asset-id": "dpa2r03c005.san3.cci.att.com",
					"asset-data": {
						"functional-area": "ATT_IT",
						"asset-type": "perver", 
						"in-maint": "True",
						"aai-status": "retrieval-success"}
				},
			
				{	
				"asset-id": "dfa2r03c013.san3.cci.att.com",
					
					"asset-data":{
						"functional-area": "ATT_IT",
						"asset-type": "vsever", 
						"in-maint": "True",
						"aai-status": "retrieval-success"}
						
				}
			]
		},
		
		"related-asset-list": {
	
			 "related-asset": [
				{
				"main-asset-id": "dpa2r03c005.san3.cci.att.com",
				"related-asset-id": "basx0001vm001",
					
					"related-asset-data": {
						"asset-type": "vserver",
						"vnf-name": "basx0001v",
						"vnf-type": "TRINITY BW NS VNF",
						"vnf-service-description": "HOSTED COMMUNICATIONS"
						}	
					
				},

				{
				"main-asset-id": "dpa2r03c005.san3.cci.att.com",
				"related-asset-id": "basx0002vm002",
					
					"related-asset-data": {
						"asset-type": "vserver",
						"vnf-name": "basx0001v",
						"vnf-type": "TRINITY BW NS VNF",
						"vnf-service-description": "HOSTED COMMUNICATIONS"}	
				}

			]
		}
	
	},

"validAssetTypes":["pserver", "vserver", "generic-vnf"]

}