{
  "self": {
    "version": "2.0.0",
    "name": "DcaeSyslogCollector",
    "description": "DCAE Control Plane Syslog Collector",
    "component_type": "docker"
  },
  "streams": {
    "subscribes": [{
       	"format": "Syslog Collector Syslog Message Input",
      	"version": "1.0.0",
      	"route": "IGNORE",
      	"type": "http"
      }
    ],
    "publishes": [{
    	"format": "Syslog Collector Parsed Json Message",
       	"version": "1.0.0",
       	"type": "message router",
       	"config_key": "publish_syslogs_secure"
      },
      {
    	"format": "Syslog Collector Parsed Json Message",
       	"version": "1.0.0",
       	"type": "message router",
       	"config_key": "publish_syslogs_unsecure"
      }
    ]
  },
  "services": {
    "calls": [],
    "provides": []
  },
  "parameters": { 
   	"app_config" : [
    	{ 
	      "name" : "DcaeIpHost.FlatironServers",
	      "description" : "Flatrion destination to connect to and query",
	      "value" : "klsd048.ipcoe.att.com,klsd055.ipcoe.att.com,klsd056.ipcoe.att.com"
    	}
    ],
    
    "collectors": [
    	{
    		"name":"GENERIC_RFC3164_RFC5424",
	    	"description" : "Generic Self Service Collector for 1710 Release",
	    	"value": [
		    	{
			    	"name":"COLLECTOR9.name",
			    	"description" : "",
			    	"value": "GENERIC_RFC3164_RFC5424"
				},
				{
			    	"name":"COLLECTOR9.LISTENER.port",
			    	"description" : "",
			    	"value": "1551"
				},
				{
			    	"name":"COLLECTOR9.LISTENER.protocol",
			    	"description" : "",
			    	"value": "udp"
				},
				{
			    	"name":"COLLECTOR9.LISTENER.packet_len",
			    	"description" : "",
			    	"value": "1537"
				},
				{
			    	"name":"COLLECTOR9.LISTENER.nthreads_pool",
			    	"description" : "",
			    	"value": "10"
				},
				{
			    	"name":"COLLECTOR9.PARSER.file",
			    	"description" : "",
			    	"value": "parser_data/parse_generic_rfc3164_rfc5424_rule"
				},
				{
			    	"name":"COLLECTOR9.PARSER.nthreads_pool",
			    	"description" : "",
			    	"value": "10"
				},
				{
			    	"name":"COLLECTOR8.PARSER.disableFlatiron",
			    	"description" : "",
			    	"value": "false"
				},
				{
			    	"name":"COLLECTOR9.PUBLISHER.to",
			    	"description" : "",
			    	"value": "PEERCON"
				},
				{
			    	"name":"COLLECTOR9.PUBLISHER.topic",
			    	"description" : "",
			    	"value": "UEB.topic"
				}                
	    	]
		},
		
		{
    		"name":"ABC",
	    	"description" : "Generic Self Service Collector for 1710 Release",
	    	"value": [
		    	{
			    	"name":"COLLECTOR10.name",
			    	"description" : "",
			    	"value": "GENERIC_RFC3164_RFC5424"
				},
				{
			    	"name":"COLLECTOR10.LISTENER.port",
			    	"description" : "",
			    	"value": "COLLECTOR10.name 1551"
				},
				{
			    	"name":"COLLECTOR10.LISTENER.protocol",
			    	"description" : "",
			    	"value": "COLLECTOR10.name udp"
				},
				{
			    	"name":"COLLECTOR10.LISTENER.packet_len",
			    	"description" : "",
			    	"value": "COLLECTOR10.name 1537"
				},
				{
			    	"name":"COLLECTOR10.LISTENER.nthreads_pool",
			    	"description" : "",
			    	"value": "COLLECTOR10.name 10"
				},
				{
			    	"name":"COLLECTOR10.PARSER.file",
			    	"description" : "",
			    	"value": "COLLECTOR10.name parser_data/parse_generic_rfc3164_rfc5424_rule"
				},
				{
			    	"name":"COLLECTOR10.PARSER.nthreads_pool",
			    	"description" : "",
			    	"value": "COLLECTOR10.name 10"
				},
				{
			    	"name":"COLLECTOR8.PARSER.disableFlatiron",
			    	"description" : "",
			    	"value": "COLLECTOR10.name false"
				},
				{
			    	"name":"COLLECTOR10.PUBLISHER.to",
			    	"description" : "",
			    	"value": "COLLECTOR10.name PEERCON"
				},
				{
			    	"name":"COLLECTOR10.PUBLISHER.topic",
			    	"description" : "",
			    	"value": "COLLECTOR10.name UEB.topic"
				}                
	    	]
		}
    ],
    
    "other_config" : [
	    {
	    	"name":"",
	    	"description":"",
	    	"value":""
		}     
    ]
    
   },
   
    "auxilary": {
        "healthcheck": {
            "type": "script",
            "interval": "300s",
            "timeout": "120s",
            "script": "/opt/app/dcaeap/cpSyslogCollector/bin/cpSyslogCollector.sh status"
        }
    },
    "artifacts": [{
        "type": "docker image",
        "uri" : "registry.proto.research.att.com/dcae-rework/dcae-controller-syslog-collector:2.0.0"
    }]
}