{
	"dcaeControllerConnection": 
	{
		"basePath": "resources",
		"required": false,
		"host": "dcae-controller-hostname",
		"user": null,
		"password": null,
		"port": 9998
	},

	"server": 
	{
		"applicationConnectors": 
		[
			{
				"validatePeers": false,
				"type": "https",
				"keyStorePath": "/opt/app/dcae-certificate/keystore.jks",
				"keyStorePassword": "FqQUAgMK7kxCDb1ncmc1WtgqxRYY7sZH",
				"keyStoreType": "JKS",
				"port": 8080,
				"validateCerts": false
			}
		]
	},

	"httpClient": 
	{
		"maxThreads": 128,
		"gzipEnabled": false,
		"gzipEnabledForRequests": false,
		"timeout": "5000milliseconds",
		"connectionTimeout": "5000milliseconds",
		"minThreads": 1
	},

	"databusControllerConnection": 
	{
		"host": "databus-controller-hostname",
		"password": null,
		"port": 8443,
		"mechId": null,
		"required": false
	},

	"database": 
	{
		"maxWaitForConnection": "1s",
		"validationQuery": "/* MyService Health Check */ SELECT 1",
		"url": "jdbc:postgresql://zltcrdm5bdcc1-pstg-write.a1e497.rdm5b.tci.att.com:5432/dcae_inv",
		"checkConnectionWhileIdle": false,
		"minSize": 2,
		"driverClass": "org.postgresql.Driver",
		"maxSize": 8,
		"evictionInterval": "10s",
		"user": "dcae_inv_admin",
		"initialSize": 2,
		"password": "2740082407789a3e52864381202c39e2",
		"properties": 
		{
			"charSet": "UTF-8"
		},

		"minIdleTime": "1 minute"
	}
}