{
	"type": "UveVirtualMachineAgent",
	"value": {
		"udp_sport_bitmap": [
			"1",
			"0",
			"0",
			"0",
			"0",
			"0",
			"0",
			"0"
		],
		"vm_name": "zrdm31rsrv01xlb002",
		"tcp_sport_bitmap": [
			"2147485696",
			"0",
			"0",
			"0",
			"524288",
			"100745216",
			"1076986912",
			"189"
		],
		"uuid": "0ebe1c19-d720-4460-b8f8-2cd4b2c33ee1",
		"udp_dport_bitmap": [
			"1",
			"0",
			"0",
			"0",
			"0",
			"0",
			"0",
			"0"
		],
		"cpu_info": {
			"virt_memory": 38228324,
			"cpu_one_min_avg": 1.66667,
			"disk_used_bytes": 863244288,
			"vm_memory_quota": 33554432,
			"peak_virt_memory": 38621888,
			"disk_allocated_bytes": 4294967295,
			"rss": 44136
		},
		"vrouter": "rdm3r19c009.rdm3.cci.att.com",
		"tcp_dport_bitmap": [
			"2147485696",
			"0",
			"0",
			"0",
			"524288",
			"100745216",
			"1076986912",
			"189"
		],
		"interface_list": [
			"default-domain:rprb_26071_rdm3_mme:Normandi_MME_11.2.1.3_qrouter0-qrouter_cdr_direct_net_1_port-lk6y5qqbxwrs",
			"default-domain:rprb_26071_rdm3_mme:Normandi_MME_11.2.1.3_qrouter0-qrouter_vprobes_mgmt_int_net_0_port-isk6f3dwo27b"
		]
	},
	"key": "ObjectVMTable:0ebe1c19-d720-4460-b8f8-2cd4b2c33ee1"
}