{
	"hp.tag":"hp.gfp-cpe-alarm-storm.20160719.0000000002",
	"event":{
		"eventHeader":{
			"timestamps":{
				"timestamp":[
					{
						"componentName":"TESTING_HOSTNAME",
						"datetime":"Tue,
						19Jul201616:56:05GMT"
					}
				]
			},
			"sourceName":"TESTING_HOSTNAME",
			"sequence":"0",
			"domain":"other",
			"Id":"TESTING_HOSTNAME",
			"severity":"critical",
			"eventType":"GFP-CPE-CEC-HEARTBEAT-DEV",
			"sourceId":""
		},
		"faultFields":{
			"eventSourceType":"other",
			"specificProblem":"AlarmConditionticketsuppressionhasbeganagainstroamvpdev02a/snmpResponseState.Thresholdof2over1sechasbeenexceeded.Actualcount:2.",
			"alarmCondition":"alarmStorm_alarmCondition",
			"eventSourceHostname":"roamvpdev02a"
		}
	}
}