<?xml version="1.0" encoding="UTF-8" standalone="yes"?>
<oidMap>
	<oidToEname>
		<oid>DEFAUT</oid>
		<Ename>10000/500/1</Ename>
		<sendToRuby>true</sendToRuby>
		<purgeInterval>604800</purgeInterval>
	</oidToEname>
	<oidToEname>
		<oid>.1.3.111.2.802.1.1.8/6/1</oid>
		
		<sendToRuby>true</sendToRuby>
		
	</oidToEname>
	<oidToEname>
		<oid>.1.3.6.1.2.1.14.16.2/6/16</oid>
		<Ename>50003/100/4</Ename>
		<sendToRuby>true</sendToRuby>
		<purgeInterval>7200</purgeInterval>
	</oidToEname>
	<oidToEname>
		<oid>.1.3.6.1.2.1.14.16.2/6/2</oid>
		<Ename> 50003/100/3</Ename>
		<sendToRuby>true</sendToRuby>
		<purgeInterval>7200   </purgeInterval>
	</oidToEname>
	<oidToEname>
		<oid>.1.3.6.1.2.1.15.7/6/2</oid>
		<Ename>50003/100/2</Ename>
		<sendToRuby>true</sendToRuby>
		<purgeInterval>7200</purgeInterval>
	</oidToEname>
	<oidToEname>
		<oid>.1.3.6.1.4.1.11.2.17.1/6/58916872</oid>
		<Ename>50004/2/1</Ename>
		<sendToRuby>true</sendToRuby>
		<purgeInterval>7200</purgeInterval>
	</oidToEname>
	<oidToEname>
		<oid>.1.3.6.1.4.1.11.2.17.1/6/58916873</oid>
		<Ename>50004/2/2</Ename>
		<sendToRuby>true</sendToRuby>
		<purgeInterval>7200</purgeInterval>
	</oidToEname>
	<oidToEname>
		<oid>.1.3.6.1.4.1.11.2.17.1/6/58916874</oid>
		<Ename>50004/2/3</Ename>
		<sendToRuby>true</sendToRuby>
		<purgeInterval>7200</purgeInterval>
	</oidToEname>
	<oidToEname>
		<oid>.1.3.6.1.4.1.2636.3.2.4/6/3</oid>
		<Ename>50003/100/9</Ename>
		<sendToRuby>true</sendToRuby>
		<purgeInterval>7200</purgeInterval>
	</oidToEname>
	<oidToEname>
		<oid>.1.3.6.1.4.1.2636.3.26/6/1</oid>
		<Ename>50003/100/7</Ename>
		<sendToRuby>true</sendToRuby>
		<purgeInterval>7200</purgeInterval>
	</oidToEname>
	<oidToEname>
		<oid>.1.3.6.1.4.1.2636.3.26/6/2</oid>
		<Ename>50003/100/7</Ename>
		<sendToRuby>true</sendToRuby>
		<purgeInterval>7200</purgeInterval>
	</oidToEname>
	<oidToEname>
		<oid>.1.3.6.1.4.1.2636.3.26/6/3</oid>
		<Ename>50003/100/6</Ename>
		<sendToRuby>true</sendToRuby>
		<purgeInterval>7200</purgeInterval>
	</oidToEname>
	<oidToEname>
		<oid>.1.3.6.1.4.1.2636.3.26/6/4</oid>
		<Ename>50003/100/6</Ename>
		<sendToRuby>true</sendToRuby>
		<purgeInterval>7200</purgeInterval>
	</oidToEname>
	<oidToEname>
		<oid>.1.3.6.1.4.1.2636.3.36.2/6/2</oid>
		<Ename>50003/100/10</Ename>
		<sendToRuby>true</sendToRuby>
		<purgeInterval>7200</purgeInterval>
	</oidToEname>
	<oidToEname>
		<oid>.1.3.6.1.4.1.2636.3.48.1/6/2</oid>
		<Ename>50003/100/25</Ename>
		<sendToRuby>true</sendToRuby>
		<purgeInterval>7200</purgeInterval>
	</oidToEname>
	<oidToEname>
		<oid>.1.3.6.1.4.1.2636.3.48.1/6/3</oid>
		<Ename>50003/100/5</Ename>
		<sendToRuby>true</sendToRuby>
		<purgeInterval>7200</purgeInterval>
	</oidToEname>
	<oidToEname>
		<oid>.1.3.6.1.4.1.2636.4.1/6/10</oid>
		<Ename>50003/100/12</Ename>
		<sendToRuby>true</sendToRuby>
		<purgeInterval>7200</purgeInterval>
	</oidToEname>
	<oidToEname>
		<oid>.1.3.6.1.4.1.2636.4.1.101/6/10</oid>
		<Ename>50003/101/12</Ename>
		<sendToRuby>true</sendToRuby>
		<purgeInterval>7200</purgeInterval>
	</oidToEname>
	<oidToEname>
		<oid>.1.3.6.1.4.1.2636.4.1.101/6/11</oid>
		<Ename>50003/101/12</Ename>
		<sendToRuby>true</sendToRuby>
		<purgeInterval>7200</purgeInterval>
	</oidToEname>
	<oidToEname>
		<oid>.1.3.6.1.4.1.2636.4.1/6/12</oid>
		<Ename>50003/100/14</Ename>
		<sendToRuby>true</sendToRuby>
		<purgeInterval>7200</purgeInterval>
	</oidToEname>
	<oidToEname>
		<oid>.1.3.6.1.4.1.2636.4.1.101/6/12</oid>
		<Ename>50003/101/14</Ename>
		<sendToRuby>true</sendToRuby>
		<purgeInterval>7200</purgeInterval>
	</oidToEname>
	<oidToEname>
		<oid>.1.3.6.1.4.1.2636.4.1/6/1</oid>
		<Ename>50003/100/17</Ename>
		<sendToRuby>true</sendToRuby>
		<purgeInterval>7200</purgeInterval>
	</oidToEname>
	<oidToEname>
		<oid>.1.3.6.1.4.1.2636.4.1/6/2</oid>
		<Ename>50003/100/18</Ename>
		<sendToRuby>true</sendToRuby>
		<purgeInterval>7200</purgeInterval>
	</oidToEname>
	<oidToEname>
		<oid>.1.3.6.1.4.1.2636.4.1/6/3</oid>
		<Ename>50003/100/19</Ename>
		<sendToRuby>true</sendToRuby>
		<purgeInterval>7200</purgeInterval>
	</oidToEname>
	<oidToEname>
		<oid>.1.3.6.1.4.1.2636.4.1/6/4</oid>
		<Ename>50003/100/20</Ename>
		<sendToRuby>true</sendToRuby>
		<purgeInterval>7200</purgeInterval>
	</oidToEname>
	<oidToEname>
		<oid>.1.3.6.1.4.1.2636.4.1/6/5</oid>
		<Ename>50003/100/15</Ename>
		<sendToRuby>true</sendToRuby>
		<purgeInterval>7200</purgeInterval>
	</oidToEname>
	<oidToEname>
		<oid>.1.3.6.1.4.1.2636.4.1.101/6/5</oid>
		<Ename>50003/101/15</Ename>
		<sendToRuby>true</sendToRuby>
		<purgeInterval>7200</purgeInterval>
	</oidToEname>
	<oidToEname>
		<oid>.1.3.6.1.4.1.2636.4.1.101/6/6</oid>
		<Ename>50003/101/15</Ename>
		<sendToRuby>true</sendToRuby>
		<purgeInterval>7200</purgeInterval>
	</oidToEname>
	<oidToEname>
		<oid>.1.3.6.1.4.1.2636.4.1/6/7</oid>
		<Ename>50003/100/13</Ename>
		<sendToRuby>true</sendToRuby>
		<purgeInterval>7200</purgeInterval>
	</oidToEname>
	<oidToEname>
		<oid>.1.3.6.1.4.1.2636.4.1.101/6/7</oid>
		<Ename>50003/101/13</Ename>
		<sendToRuby>true</sendToRuby>
		<purgeInterval>7200</purgeInterval>
	</oidToEname>
	<oidToEname>
		<oid>.1.3.6.1.4.1.2636.4.1.101/6/8</oid>
		<Ename>50003/101/13</Ename>
		<sendToRuby>true</sendToRuby>
		<purgeInterval>7200</purgeInterval>
	</oidToEname>
	<oidToEname>
		<oid>.1.3.6.1.4.1.2636.4.1/6/9</oid>
		<Ename>50003/100/16</Ename>
		<sendToRuby>true</sendToRuby>
		<purgeInterval>7200</purgeInterval>
	</oidToEname>
	<oidToEname>
		<oid>.1.3.6.1.4.1.2636.4.1.101/6/9</oid>
		<Ename>50003/101/16</Ename>
		<sendToRuby>true</sendToRuby>
		<purgeInterval>7200</purgeInterval>
	</oidToEname>
	<oidToEname>
		<oid>.1.3.6.1.4.1.2636.4.4/6/1</oid>
		<Ename>50003/100/8</Ename>
		<sendToRuby>true</sendToRuby>
		<purgeInterval>7200</purgeInterval>
	</oidToEname>
	<oidToEname>
		<oid>.1.3.6.1.4.1.2636.4.4/6/2</oid>
		<Ename>50003/100/8</Ename>
		<sendToRuby>true</sendToRuby>
		<purgeInterval>7200</purgeInterval>
	</oidToEname>
	<oidToEname>
		<oid>.1.3.6.1.4.1.2636.4.4/6/3</oid>
		<Ename>50003/100/21</Ename>
		<sendToRuby>true</sendToRuby>
		<purgeInterval>7200</purgeInterval>
	</oidToEname>
	<oidToEname>
		<oid>.1.3.6.1.4.1.2636.4.4/6/4</oid>
		<Ename>50003/100/21</Ename>
		<sendToRuby>true</sendToRuby>
		<purgeInterval>7200</purgeInterval>
	</oidToEname>
	<oidToEname>
		<oid>.1.3.6.1.4.1.2636.4.5/6/1</oid>
		<Ename>50003/100/22</Ename>
		<sendToRuby>true</sendToRuby>
		<purgeInterval>7200</purgeInterval>
	</oidToEname>
	<oidToEname>
		<oid>.1.3.6.1.4.1.2636.4.5/6/2</oid>
		<Ename>50003/100/11</Ename>
		<sendToRuby>true</sendToRuby>
		<purgeInterval>7200</purgeInterval>
	</oidToEname>
	<oidToEname>
		<oid>.1.3.6.1.4.1.6141.1.70/2/0</oid>
		<Ename>50002/100/1</Ename>
		<sendToRuby>true</sendToRuby>
		<purgeInterval>7200</purgeInterval>
	</oidToEname>
	<oidToEname>
		<oid>.1.3.6.1.4.1.6141.1.70/3/0</oid>
		<Ename>50002/100/2</Ename>
		<sendToRuby>true</sendToRuby>
		<purgeInterval>7200</purgeInterval>
	</oidToEname>
	<oidToEname>
		<oid>.1.3.6.1.4.1.6141.2.60.10.2/6/1</oid>
		<Ename>50002/100/41</Ename>
		<sendToRuby>true</sendToRuby>
		<purgeInterval>7200</purgeInterval>
	</oidToEname>
	<oidToEname>
		<oid>.1.3.6.1.4.1.6141.2.60.10.2/6/2</oid>
		<Ename>50002/100/42</Ename>
		<sendToRuby>true</sendToRuby>
		<purgeInterval>7200</purgeInterval>
	</oidToEname>
	<oidToEname>
		<oid>.1.3.6.1.4.1.6141.2.60.10.2/6/3</oid>
		<Ename>50002/100/43</Ename>
		<sendToRuby>true</sendToRuby>
		<purgeInterval>7200</purgeInterval>
	</oidToEname>
	<oidToEname>
		<oid>.1.3.6.1.4.1.6141.2.60.11.2/6/10</oid>
		<Ename>50002/100/11</Ename>
		<sendToRuby>true</sendToRuby>
		<purgeInterval>7200</purgeInterval>
	</oidToEname>
	<oidToEname>
		<oid>.1.3.6.1.4.1.6141.2.60.11.2/6/11</oid>
		<Ename>50002/100/12</Ename>
		<sendToRuby>true</sendToRuby>
		<purgeInterval>7200</purgeInterval>
	</oidToEname>
	<oidToEname>
		<oid>.1.3.6.1.4.1.6141.2.60.11.2/6/12</oid>
		<Ename>50002/100/14</Ename>
		<sendToRuby>true</sendToRuby>
		<purgeInterval>7200</purgeInterval>
	</oidToEname>
	<oidToEname>
		<oid>.1.3.6.1.4.1.6141.2.60.11.2/6/13</oid>
		<Ename>50002/100/13</Ename>
		<sendToRuby>true</sendToRuby>
		<purgeInterval>7200</purgeInterval>
	</oidToEname>
	<oidToEname>
		<oid>.1.3.6.1.4.1.6141.2.60.11.2/6/14</oid>
		<Ename>50002/100/53</Ename>
		<sendToRuby>true</sendToRuby>
		<purgeInterval>7200</purgeInterval>
	</oidToEname>
	<oidToEname>
		<oid>.1.3.6.1.4.1.6141.2.60.11.2/6/16</oid>
		<Ename>50002/100/59</Ename>
		<sendToRuby>true</sendToRuby>
		<purgeInterval>7200</purgeInterval>
	</oidToEname>
	<oidToEname>
		<oid>.1.3.6.1.4.1.6141.2.60.11.2/6/1</oid>
		<Ename>50002/100/7</Ename>
		<sendToRuby>true</sendToRuby>
		<purgeInterval>7200</purgeInterval>
	</oidToEname>
	<oidToEname>
		<oid>.1.3.6.1.4.1.6141.2.60.11.2/6/15</oid>
		<Ename>50002/100/54</Ename>
		<sendToRuby>true</sendToRuby>
		<purgeInterval>7200</purgeInterval>
	</oidToEname>
	<oidToEname>
		<oid>.1.3.6.1.4.1.6141.2.60.11.2/6/2</oid>
		<Ename>50002/100/8</Ename>
		<sendToRuby>true</sendToRuby>
		<purgeInterval>7200</purgeInterval>
	</oidToEname>
	<oidToEname>
		<oid>.1.3.6.1.4.1.6141.2.60.11.2/6/3</oid>
		<Ename>50002/100/9</Ename>
		<sendToRuby>true</sendToRuby>
		<purgeInterval>7200</purgeInterval>
	</oidToEname>
	<oidToEname>
		<oid>.1.3.6.1.4.1.6141.2.60.11.2/6/9</oid>
		<Ename>50002/100/10</Ename>
		<sendToRuby>true</sendToRuby>
		<purgeInterval>7200</purgeInterval>
	</oidToEname>
	<oidToEname>
		<oid>.1.3.6.1.4.1.6141.2.60.12.2/6/1</oid>
		<Ename>50002/100/44</Ename>
		<sendToRuby>true</sendToRuby>
		<purgeInterval>7200</purgeInterval>
	</oidToEname>
	<oidToEname>
		<oid>.1.3.6.1.4.1.6141.2.60.12.2/6/3</oid>
		<Ename>50002/100/57</Ename>
		<sendToRuby>true</sendToRuby>
		<purgeInterval>7200</purgeInterval>
	</oidToEname>
	<oidToEname>
		<oid>.1.3.6.1.4.1.6141.2.60.1.2/6/2</oid>
		<Ename>50002/100/3</Ename>
		<sendToRuby>true</sendToRuby>
		<purgeInterval>7200</purgeInterval>
	</oidToEname>
	<oidToEname>
		<oid>.1.3.6.1.4.1.6141.2.60.17.2/6/1</oid>
		<Ename>50002/100/45</Ename>
		<sendToRuby>true</sendToRuby>
		<purgeInterval>7200</purgeInterval>
	</oidToEname>
	<oidToEname>
		<oid>.1.3.6.1.4.1.6141.2.60.2.2/6/3</oid>
		<Ename>50002/100/20</Ename>
		<sendToRuby>true</sendToRuby>
		<purgeInterval>7200</purgeInterval>
	</oidToEname>
	<oidToEname>
		<oid>.1.3.6.1.4.1.6141.2.60.2.2/6/4</oid>
		<Ename>50002/100/21</Ename>
		<sendToRuby>true</sendToRuby>
		<purgeInterval>7200</purgeInterval>
	</oidToEname>
	<oidToEname>
		<oid>.1.3.6.1.4.1.6141.2.60.2.2/6/5</oid>
		<Ename>50002/100/22</Ename>
		<sendToRuby>true</sendToRuby>
		<purgeInterval>7200</purgeInterval>
	</oidToEname>
	<oidToEname>
		<oid>.1.3.6.1.4.1.6141.2.60.24.2/6/1</oid>
		<Ename>50002/100/17</Ename>
		<sendToRuby>true</sendToRuby>
		<purgeInterval>7200</purgeInterval>
	</oidToEname>
	<oidToEname>
		<oid>.1.3.6.1.4.1.6141.2.60.24.2/6/2</oid>
		<Ename>50002/100/51</Ename>
		<sendToRuby>true</sendToRuby>
		<purgeInterval>7200</purgeInterval>
	</oidToEname>
	<oidToEname>
		<oid>.1.3.6.1.4.1.6141.2.60.29.2/6/2</oid>
		<Ename>50002/100/56</Ename>
		<sendToRuby>true</sendToRuby>
		<purgeInterval>7200</purgeInterval>
	</oidToEname>
	<oidToEname>
		<oid>.1.3.6.1.4.1.6141.2.60.35.2/6/1</oid>
		<Ename>50002/100/6</Ename>
		<sendToRuby>true</sendToRuby>
		<purgeInterval>7200</purgeInterval>
	</oidToEname>
	<oidToEname>
		<oid>.1.3.6.1.4.1.6141.2.60.35.2/6/20</oid>
		<Ename>50002/100/50</Ename>
		<sendToRuby>true</sendToRuby>
		<purgeInterval>7200</purgeInterval>
	</oidToEname>
	<oidToEname>
		<oid>.1.3.6.1.4.1.6141.2.60.35.2/6/21</oid>
		<Ename>50002/100/52</Ename>
		<sendToRuby>true</sendToRuby>
		<purgeInterval>7200</purgeInterval>
	</oidToEname>
	<oidToEname>
		<oid>.1.3.6.1.4.1.6141.2.60.35.2/6/22</oid>
		<Ename>50002/100/46</Ename>
		<sendToRuby>true</sendToRuby>
		<purgeInterval>7200</purgeInterval>
	</oidToEname>
	<oidToEname>
		<oid>.1.3.6.1.4.1.6141.2.60.35.2/6/7</oid>
		<Ename>50002/100/47</Ename>
		<sendToRuby>true</sendToRuby>
		<purgeInterval>7200</purgeInterval>
	</oidToEname>
	<oidToEname>
		<oid>.1.3.6.1.4.1.6141.2.60.35.2/6/8</oid>
		<Ename>50002/100/48</Ename>
		<sendToRuby>true</sendToRuby>
		<purgeInterval>7200</purgeInterval>
	</oidToEname>
	<oidToEname>
		<oid>.1.3.6.1.4.1.6141.2.60.35.2/6/9</oid>
		<Ename>50002/100/49</Ename>
		<sendToRuby>true</sendToRuby>
		<purgeInterval>7200</purgeInterval>
	</oidToEname>
	<oidToEname>
		<oid>.1.3.6.1.4.1.6141.2.60.400.1.3/6/1</oid>
		<Ename>50002/100/19</Ename>
		<sendToRuby>true</sendToRuby>
		<purgeInterval>7200</purgeInterval>
	</oidToEname>
	<oidToEname>
		<oid>.1.3.6.1.4.1.6141.2.60.4.2/6/10</oid>
		<Ename>50002/100/29</Ename>
		<sendToRuby>true</sendToRuby>
		<purgeInterval>7200</purgeInterval>
	</oidToEname>
	<oidToEname>
		<oid>.1.3.6.1.4.1.6141.2.60.4.2/6/11</oid>
		<Ename>50002/100/30</Ename>
		<sendToRuby>true</sendToRuby>
		<purgeInterval>7200</purgeInterval>
	</oidToEname>
	<oidToEname>
		<oid>.1.3.6.1.4.1.6141.2.60.4.2/6/12</oid>
		<Ename>50002/100/31</Ename>
		<sendToRuby>true</sendToRuby>
		<purgeInterval>7200</purgeInterval>
	</oidToEname>
	<oidToEname>
		<oid>.1.3.6.1.4.1.6141.2.60.4.2/6/13</oid>
		<Ename>50002/100/32</Ename>
		<sendToRuby>true</sendToRuby>
		<purgeInterval>7200</purgeInterval>
	</oidToEname>
	<oidToEname>
		<oid>.1.3.6.1.4.1.6141.2.60.4.2/6/14</oid>
		<Ename>50002/100/33</Ename>
		<sendToRuby>true</sendToRuby>
		<purgeInterval>7200</purgeInterval>
	</oidToEname>
	<oidToEname>
		<oid>.1.3.6.1.4.1.6141.2.60.4.2/6/15</oid>
		<Ename>50002/100/34</Ename>
		<sendToRuby>true</sendToRuby>
		<purgeInterval>7200</purgeInterval>
	</oidToEname>
	<oidToEname>
		<oid>.1.3.6.1.4.1.6141.2.60.4.2/6/16</oid>
		<Ename>50002/100/35</Ename>
		<sendToRuby>true</sendToRuby>
		<purgeInterval>7200</purgeInterval>
	</oidToEname>
	<oidToEname>
		<oid>.1.3.6.1.4.1.6141.2.60.4.2/6/17</oid>
		<Ename>50002/100/36</Ename>
		<sendToRuby>true</sendToRuby>
		<purgeInterval>7200</purgeInterval>
	</oidToEname>
	<oidToEname>
		<oid>.1.3.6.1.4.1.6141.2.60.4.2/6/18</oid>
		<Ename>50002/100/37</Ename>
		<sendToRuby>true</sendToRuby>
		<purgeInterval>7200</purgeInterval>
	</oidToEname>
	<oidToEname>
		<oid>.1.3.6.1.4.1.6141.2.60.4.2/6/19</oid>
		<Ename>50002/100/38</Ename>
		<sendToRuby>true</sendToRuby>
		<purgeInterval>7200</purgeInterval>
	</oidToEname>
	<oidToEname>
		<oid>.1.3.6.1.4.1.6141.2.60.4.2/6/20</oid>
		<Ename>50002/100/39</Ename>
		<sendToRuby>true</sendToRuby>
		<purgeInterval>7200</purgeInterval>
	</oidToEname>
	<oidToEname>
		<oid>.1.3.6.1.4.1.6141.2.60.4.2/6/21</oid>
		<Ename>50002/100/40</Ename>
		<sendToRuby>true</sendToRuby>
		<purgeInterval>7200</purgeInterval>
	</oidToEname>
	<oidToEname>
		<oid>.1.3.6.1.4.1.6141.2.60.4.2/6/4</oid>
		<Ename>50002/100/23</Ename>
		<sendToRuby>true</sendToRuby>
		<purgeInterval>7200</purgeInterval>
	</oidToEname>
	<oidToEname>
		<oid>.1.3.6.1.4.1.6141.2.60.4.2/6/5</oid>
		<Ename>50002/100/24</Ename>
		<sendToRuby>true</sendToRuby>
		<purgeInterval>7200</purgeInterval>
	</oidToEname>
	<oidToEname>
		<oid>.1.3.6.1.4.1.6141.2.60.4.2/6/6</oid>
		<Ename>50002/100/25</Ename>
		<sendToRuby>true</sendToRuby>
		<purgeInterval>7200</purgeInterval>
	</oidToEname>
	<oidToEname>
		<oid>.1.3.6.1.4.1.6141.2.60.4.2/6/7</oid>
		<Ename>50002/100/26</Ename>
		<sendToRuby>true</sendToRuby>
		<purgeInterval>7200</purgeInterval>
	</oidToEname>
	<oidToEname>
		<oid>.1.3.6.1.4.1.6141.2.60.4.2/6/8</oid>
		<Ename>50002/100/27</Ename>
		<sendToRuby>true</sendToRuby>
		<purgeInterval>7200</purgeInterval>
	</oidToEname>
	<oidToEname>
		<oid>.1.3.6.1.4.1.6141.2.60.4.2/6/9</oid>
		<Ename>50002/100/28</Ename>
		<sendToRuby>true</sendToRuby>
		<purgeInterval>7200</purgeInterval>
	</oidToEname>
	<oidToEname>
		<oid>.1.3.6.1.4.1.6141.2.60.6.2/6/3</oid>
		<Ename>50002/100/15</Ename>
		<sendToRuby>true</sendToRuby>
		<purgeInterval>7200</purgeInterval>
	</oidToEname>
	<oidToEname>
		<oid>.1.3.6.1.4.1.6141.2.60.6.2/6/4</oid>
		<Ename>50002/100/16</Ename>
		<sendToRuby>true</sendToRuby>
		<purgeInterval>7200</purgeInterval>
	</oidToEname>
	<oidToEname>
		<oid>.1.3.6.1.4.1.6141.2.60.7.2/6/1</oid>
		<Ename>50002/100/18</Ename>
		<sendToRuby>true</sendToRuby>
		<purgeInterval>7200</purgeInterval>
	</oidToEname>
	<oidToEname>
		<oid>.1.3.6.1.4.1.6141.2.60.8.2.1.1/6/1</oid>
		<Ename>50002/100/4</Ename>
		<sendToRuby>true</sendToRuby>
		<purgeInterval>7200</purgeInterval>
	</oidToEname>
	<oidToEname>
		<oid>.1.3.6.1.4.1.6141.2.60.8.2.1.2/6/2</oid>
		<Ename>50002/100/5</Ename>
		<sendToRuby>true</sendToRuby>
		<purgeInterval>7200</purgeInterval>
	</oidToEname>
	<oidToEname>
		<oid>.1.3.6.1.4.1.6141.2.60.8.2/6/1</oid>
		<Ename>50002/100/4</Ename>
		<sendToRuby>true</sendToRuby>
		<purgeInterval>7200</purgeInterval>
	</oidToEname>
	<oidToEname>
		<oid>.1.3.6.1.4.1.6141.2.62.1.2.1/6/2</oid>
		<Ename>50002/100/46</Ename>
		<sendToRuby>true</sendToRuby>
		<purgeInterval>7200</purgeInterval>
	</oidToEname>
	<oidToEname>
		<oid>.1.3.6.1.4.1.6141.2.62.1.3.8.2.0/6/1</oid>
		<Ename>50002/100/55</Ename>
		<sendToRuby>true</sendToRuby>
		<purgeInterval>7200</purgeInterval>
	</oidToEname>
	<oidToEname>
		<oid>.1.3.6.1.4.1.6141.1.78/0/0</oid>
		<Ename>50002/100/58</Ename>
		<sendToRuby>true</sendToRuby>
		<purgeInterval>7200</purgeInterval>
	</oidToEname>
	<oidToEname>
		<oid>.1.3.6.1.4.1.664.1.241/6/24126</oid>
		<Ename>50001/100/51</Ename>
		<sendToRuby>true</sendToRuby>
		<purgeInterval>7200</purgeInterval>
	</oidToEname>
	<oidToEname>
		<oid>.1.3.6.1.4.1.664.1.241/6/24127</oid>
		<Ename>50001/100/51</Ename>
		<sendToRuby>true</sendToRuby>
		<purgeInterval>7200</purgeInterval>
	</oidToEname>
	<oidToEname>
		<oid>.1.3.6.1.4.1.664.1.241/6/24138</oid>
		<Ename>50001/100/20</Ename>
		<sendToRuby>true</sendToRuby>
		<purgeInterval>7200</purgeInterval>
	</oidToEname>
	<oidToEname>
		<oid>.1.3.6.1.4.1.664.1.241/6/24139</oid>
		<Ename>50001/100/20</Ename>
		<sendToRuby>true</sendToRuby>
		<purgeInterval>7200</purgeInterval>
	</oidToEname>
	<oidToEname>
		<oid>.1.3.6.1.4.1.664.1.241/6/24150</oid>
		<Ename>50001/100/22</Ename>
		<sendToRuby>true</sendToRuby>
		<purgeInterval>7200</purgeInterval>
	</oidToEname>
	<oidToEname>
		<oid>.1.3.6.1.4.1.664.1.241/6/24152</oid>
		<Ename>50001/100/23</Ename>
		<sendToRuby>true</sendToRuby>
		<purgeInterval>7200</purgeInterval>
	</oidToEname>
	<oidToEname>
		<oid>.1.3.6.1.4.1.664.1.241/6/24154</oid>
		<Ename>50001/100/24</Ename>
		<sendToRuby>true</sendToRuby>
		<purgeInterval>7200</purgeInterval>
	</oidToEname>
	<oidToEname>
		<oid>.1.3.6.1.4.1.664.1.241/6/24156</oid>
		<Ename>50001/100/25</Ename>
		<sendToRuby>true</sendToRuby>
		<purgeInterval>7200</purgeInterval>
	</oidToEname>
	<oidToEname>
		<oid>.1.3.6.1.4.1.664.1.241/6/24158</oid>
		<Ename>50001/100/26</Ename>
		<sendToRuby>true</sendToRuby>
		<purgeInterval>7200</purgeInterval>
	</oidToEname>
	<oidToEname>
		<oid>.1.3.6.1.4.1.664.1.241/6/24160</oid>
		<Ename>50001/100/28</Ename>
		<sendToRuby>true</sendToRuby>
		<purgeInterval>7200</purgeInterval>
	</oidToEname>
	<oidToEname>
		<oid>.1.3.6.1.4.1.664.1.241/6/24166</oid>
		<Ename>50001/100/27</Ename>
		<sendToRuby>true</sendToRuby>
		<purgeInterval>7200</purgeInterval>
	</oidToEname>
	<oidToEname>
		<oid>.1.3.6.1.4.1.664.1.241/6/24167</oid>
		<Ename>50001/100/27</Ename>
		<sendToRuby>true</sendToRuby>
		<purgeInterval>7200</purgeInterval>
	</oidToEname>
	<oidToEname>
		<oid>.1.3.6.1.4.1.664.1.241/6/24170</oid>
		<Ename>50001/100/75</Ename>
		<sendToRuby>true</sendToRuby>
		<purgeInterval>7200</purgeInterval>
	</oidToEname>
	<oidToEname>
		<oid>.1.3.6.1.4.1.664.1.749/6/74902</oid>
		<Ename>50001/100/19</Ename>
		<sendToRuby>true</sendToRuby>
		<purgeInterval>7200</purgeInterval>
	</oidToEname>
	<oidToEname>
		<oid>.1.3.6.1.4.1.664.1.749/6/74903</oid>
		<Ename>50001/100/19</Ename>
		<sendToRuby>true</sendToRuby>
		<purgeInterval>7200</purgeInterval>
	</oidToEname>
	<oidToEname>
		<oid>.1.3.6.1.4.1.664.1.749/6/74905</oid>
		<Ename>50001/100/66</Ename>
		<sendToRuby>true</sendToRuby>
		<purgeInterval>7200</purgeInterval>
	</oidToEname>
	<oidToEname>
		<oid>.1.3.6.1.4.1.664.1.749/6/74907</oid>
		<Ename>50001/100/67</Ename>
		<sendToRuby>true</sendToRuby>
		<purgeInterval>7200</purgeInterval>
	</oidToEname>
	<oidToEname>
		<oid>.1.3.6.1.4.1.664.1.749/6/74909</oid>
		<Ename>50001/100/74</Ename>
		<sendToRuby>true</sendToRuby>
		<purgeInterval>7200</purgeInterval>
	</oidToEname>
	<oidToEname>
		<oid>.1.3.6.1.4.1.664.1.750/6/10</oid>
		<Ename>50001/100/9</Ename>
		<sendToRuby>true</sendToRuby>
		<purgeInterval>7200</purgeInterval>
	</oidToEname>
	<oidToEname>
		<oid>.1.3.6.1.4.1.664.1.750/6/11</oid>
		<Ename>50001/100/9</Ename>
		<sendToRuby>true</sendToRuby>
		<purgeInterval>7200</purgeInterval>
	</oidToEname>
	<oidToEname>
		<oid>.1.3.6.1.4.1.664.1.750/6/12</oid>
		<Ename>50001/100/16</Ename>
		<sendToRuby>true</sendToRuby>
		<purgeInterval>7200</purgeInterval>
	</oidToEname>
	<oidToEname>
		<oid>.1.3.6.1.4.1.664.1.750/6/13</oid>
		<Ename>50001/100/16</Ename>
		<sendToRuby>true</sendToRuby>
		<purgeInterval>7200</purgeInterval>
	</oidToEname>
	<oidToEname>
		<oid>.1.3.6.1.4.1.664.1.750/6/22</oid>
		<Ename>50001/100/17</Ename>
		<sendToRuby>true</sendToRuby>
		<purgeInterval>7200</purgeInterval>
	</oidToEname>
	<oidToEname>
		<oid>.1.3.6.1.4.1.664.1.750/6/23</oid>
		<Ename>50001/100/17</Ename>
		<sendToRuby>true</sendToRuby>
		<purgeInterval>7200</purgeInterval>
	</oidToEname>
	<oidToEname>
		<oid>.1.3.6.1.4.1.664.1.750/6/28</oid>
		<Ename>50001/100/13</Ename>
		<sendToRuby>true</sendToRuby>
		<purgeInterval>7200</purgeInterval>
	</oidToEname>
	<oidToEname>
		<oid>.1.3.6.1.4.1.664.1.750/6/29</oid>
		<Ename>50001/100/13</Ename>
		<sendToRuby>true</sendToRuby>
		<purgeInterval>7200</purgeInterval>
	</oidToEname>
	<oidToEname>
		<oid>.1.3.6.1.4.1.664.1.750/6/30</oid>
		<Ename>50001/100/14</Ename>
		<sendToRuby>true</sendToRuby>
		<purgeInterval>7200</purgeInterval>
	</oidToEname>
	<oidToEname>
		<oid>.1.3.6.1.4.1.664.1.750/6/31</oid>
		<Ename>50001/100/14</Ename>
		<sendToRuby>true</sendToRuby>
		<purgeInterval>7200</purgeInterval>
	</oidToEname>
	<oidToEname>
		<oid>.1.3.6.1.4.1.664.1.750/6/34</oid>
		<Ename>50001/100/12</Ename>
		<sendToRuby>true</sendToRuby>
		<purgeInterval>7200</purgeInterval>
	</oidToEname>
	<oidToEname>
		<oid>.1.3.6.1.4.1.664.1.750/6/35</oid>
		<Ename>50001/100/12</Ename>
		<sendToRuby>true</sendToRuby>
		<purgeInterval>7200</purgeInterval>
	</oidToEname>
	<oidToEname>
		<oid>.1.3.6.1.4.1.664.1.750/6/6</oid>
		<Ename>50001/100/15</Ename>
		<sendToRuby>true</sendToRuby>
		<purgeInterval>7200</purgeInterval>
	</oidToEname>
	<oidToEname>
		<oid>.1.3.6.1.4.1.664.1.750/6/7</oid>
		<Ename>50001/100/15</Ename>
		<sendToRuby>true</sendToRuby>
		<purgeInterval>7200</purgeInterval>
	</oidToEname>
	<oidToEname>
		<oid>.1.3.6.1.4.1.664.1.750/6/8</oid>
		<Ename>50001/100/8</Ename>
		<sendToRuby>true</sendToRuby>
		<purgeInterval>7200</purgeInterval>
	</oidToEname>
	<oidToEname>
		<oid>.1.3.6.1.4.1.664.1.750/6/9</oid>
		<Ename>50001/100/8</Ename>
		<sendToRuby>true</sendToRuby>
		<purgeInterval>7200</purgeInterval>
	</oidToEname>
	<oidToEname>
		<oid>.1.3.6.1.4.1.664.1.751/6/1</oid>
		<Ename>50001/100/31</Ename>
		<sendToRuby>true</sendToRuby>
		<purgeInterval>7200</purgeInterval>
	</oidToEname>
	<oidToEname>
		<oid>.1.3.6.1.4.1.664.1.751/6/2</oid>
		<Ename>50001/100/31</Ename>
		<sendToRuby>true</sendToRuby>
		<purgeInterval>7200</purgeInterval>
	</oidToEname>
	<oidToEname>
		<oid>.1.3.6.1.4.1.664.1.751/6/3</oid>
		<Ename>50001/100/32</Ename>
		<sendToRuby>true</sendToRuby>
		<purgeInterval>7200</purgeInterval>
	</oidToEname>
	<oidToEname>
		<oid>.1.3.6.1.4.1.664.1.751/6/4</oid>
		<Ename>50001/100/32</Ename>
		<sendToRuby>true</sendToRuby>
		<purgeInterval>7200</purgeInterval>
	</oidToEname>
	<oidToEname>
		<oid>.1.3.6.1.4.1.664.1.751/6/5</oid>
		<Ename>50001/100/33</Ename>
		<sendToRuby>true</sendToRuby>
		<purgeInterval>7200</purgeInterval>
	</oidToEname>
	<oidToEname>
		<oid>.1.3.6.1.4.1.664.1.751/6/6</oid>
		<Ename>50001/100/33</Ename>
		<sendToRuby>true</sendToRuby>
		<purgeInterval>7200</purgeInterval>
	</oidToEname>
	<oidToEname>
		<oid>.1.3.6.1.4.1.664.1.896/6/11</oid>
		<Ename>50001/100/59</Ename>
		<sendToRuby>true</sendToRuby>
		<purgeInterval>7200</purgeInterval>
	</oidToEname>
	<oidToEname>
		<oid>.1.3.6.1.4.1.664.1.896/6/15</oid>
		<Ename>50001/100/55</Ename>
		<sendToRuby>true</sendToRuby>
		<purgeInterval>7200</purgeInterval>
	</oidToEname>
	<oidToEname>
		<oid>.1.3.6.1.4.1.664.1.896/6/17</oid>
		<Ename>50001/100/56</Ename>
		<sendToRuby>true</sendToRuby>
		<purgeInterval>7200</purgeInterval>
	</oidToEname>
	<oidToEname>
		<oid>.1.3.6.1.4.1.664.1.896/6/19</oid>
		<Ename>50001/100/58</Ename>
		<sendToRuby>true</sendToRuby>
		<purgeInterval>7200</purgeInterval>
	</oidToEname>
	<oidToEname>
		<oid>.1.3.6.1.4.1.664.1.896/6/21</oid>
		<Ename>50001/100/57</Ename>
		<sendToRuby>true</sendToRuby>
		<purgeInterval>7200</purgeInterval>
	</oidToEname>
	<oidToEname>
		<oid>.1.3.6.1.4.1.664.5.29/6/1002949</oid>
		<Ename>50001/100/81</Ename>
		<sendToRuby>true</sendToRuby>
		<purgeInterval>7200</purgeInterval>
	</oidToEname>
	<oidToEname>
		<oid>.1.3.6.1.4.1.664.5.29/6/1002979</oid>
		<Ename>50001/100/78</Ename>
		<sendToRuby>true</sendToRuby>
		<purgeInterval>7200</purgeInterval>
	</oidToEname>
	<oidToEname>
		<oid>.1.3.6.1.4.1.664.5.29/6/1002981</oid>
		<Ename>50001/100/79</Ename>
		<sendToRuby>true</sendToRuby>
		<purgeInterval>7200</purgeInterval>
	</oidToEname>
	<oidToEname>
		<oid>.1.3.6.1.4.1.664.5.29/6/1002983</oid>
		<Ename>50001/100/80</Ename>
		<sendToRuby>true</sendToRuby>
		<purgeInterval>7200</purgeInterval>
	</oidToEname>
	<oidToEname>
		<oid>.1.3.6.1.4.1.664.5.59.1.10/6/10</oid>
		<Ename>50001/100/4</Ename>
		<sendToRuby>true</sendToRuby>
		<purgeInterval>7200</purgeInterval>
	</oidToEname>
	<oidToEname>
		<oid>.1.3.6.1.4.1.664.5.59.1.10/6/11</oid>
		<Ename>50001/100/4</Ename>
		<sendToRuby>true</sendToRuby>
		<purgeInterval>7200</purgeInterval>
	</oidToEname>
	<oidToEname>
		<oid>.1.3.6.1.4.1.664.5.59.1.10/6/12</oid>
		<Ename>50001/100/36</Ename>
		<sendToRuby>true</sendToRuby>
		<purgeInterval>7200</purgeInterval>
	</oidToEname>
	<oidToEname>
		<oid>.1.3.6.1.4.1.664.5.59.1.10/6/13</oid>
		<Ename>50001/100/36</Ename>
		<sendToRuby>true</sendToRuby>
		<purgeInterval>7200</purgeInterval>
	</oidToEname>
	<oidToEname>
		<oid>.1.3.6.1.4.1.664.5.59.1.10/6/16</oid>
		<Ename>50001/100/37</Ename>
		<sendToRuby>true</sendToRuby>
		<purgeInterval>7200</purgeInterval>
	</oidToEname>
	<oidToEname>
		<oid>.1.3.6.1.4.1.664.5.59.1.10/6/17</oid>
		<Ename>50001/100/37</Ename>
		<sendToRuby>true</sendToRuby>
		<purgeInterval>7200</purgeInterval>
	</oidToEname>
	<oidToEname>
		<oid>.1.3.6.1.4.1.664.5.59.1.10/6/18</oid>
		<Ename>50001/100/38</Ename>
		<sendToRuby>true</sendToRuby>
		<purgeInterval>7200</purgeInterval>
	</oidToEname>
	<oidToEname>
		<oid>.1.3.6.1.4.1.664.5.59.1.10/6/19</oid>
		<Ename>50001/100/38</Ename>
		<sendToRuby>true</sendToRuby>
		<purgeInterval>7200</purgeInterval>
	</oidToEname>
	<oidToEname>
		<oid>.1.3.6.1.4.1.664.5.59.1.10/6/2</oid>
		<Ename>50001/100/1</Ename>
		<sendToRuby>true</sendToRuby>
		<purgeInterval>7200</purgeInterval>
	</oidToEname>
	<oidToEname>
		<oid>.1.3.6.1.4.1.664.5.59.1.10/6/32</oid>
		<Ename>50001/100/6</Ename>
		<sendToRuby>true</sendToRuby>
		<purgeInterval>7200</purgeInterval>
	</oidToEname>
	<oidToEname>
		<oid>.1.3.6.1.4.1.664.5.59.1.10/6/3</oid>
		<Ename>50001/100/1</Ename>
		<sendToRuby>true</sendToRuby>
		<purgeInterval>7200</purgeInterval>
	</oidToEname>
	<oidToEname>
		<oid>.1.3.6.1.4.1.664.5.59.1.10/6/4</oid>
		<Ename>50001/100/2</Ename>
		<sendToRuby>true</sendToRuby>
		<purgeInterval>7200</purgeInterval>
	</oidToEname>
	<oidToEname>
		<oid>.1.3.6.1.4.1.664.5.59.1.10/6/5</oid>
		<Ename>50001/100/2</Ename>
		<sendToRuby>true</sendToRuby>
		<purgeInterval>7200</purgeInterval>
	</oidToEname>
	<oidToEname>
		<oid>.1.3.6.1.4.1.664.5.59.1.10/6/6</oid>
		<Ename>50001/100/5</Ename>
		<sendToRuby>true</sendToRuby>
		<purgeInterval>7200</purgeInterval>
	</oidToEname>
	<oidToEname>
		<oid>.1.3.6.1.4.1.664.5.59.1.10/6/7</oid>
		<Ename>50001/100/5</Ename>
		<sendToRuby>true</sendToRuby>
		<purgeInterval>7200</purgeInterval>
	</oidToEname>
	<oidToEname>
		<oid>.1.3.6.1.4.1.664.5.59.1.10/6/8</oid>
		<Ename>50001/100/3</Ename>
		<sendToRuby>true</sendToRuby>
		<purgeInterval>7200</purgeInterval>
	</oidToEname>
	<oidToEname>
		<oid>.1.3.6.1.4.1.664.5.59.1.10/6/9</oid>
		<Ename>50001/100/3</Ename>
		<sendToRuby>true</sendToRuby>
		<purgeInterval>7200</purgeInterval>
	</oidToEname>
	<oidToEname>
		<oid>.1.3.6.1.4.1.664.5.63.170/6/1006368</oid>
		<Ename>50001/100/76</Ename>
		<sendToRuby>true</sendToRuby>
		<purgeInterval>7200</purgeInterval>
	</oidToEname>
	<oidToEname>
		<oid>.1.3.6.1.4.1.664.5.63/6/1006301</oid>
		<Ename>50001/100/29</Ename>
		<sendToRuby>true</sendToRuby>
		<purgeInterval>7200</purgeInterval>
	</oidToEname>
	<oidToEname>
		<oid>.1.3.6.1.4.1.664.5.63/6/1006303</oid>
		<Ename>50001/100/30</Ename>
		<sendToRuby>true</sendToRuby>
		<purgeInterval>7200</purgeInterval>
	</oidToEname>
	<oidToEname>
		<oid>.1.3.6.1.4.1.664.5.63/6/1006328</oid>
		<Ename>50001/100/21</Ename>
		<sendToRuby>true</sendToRuby>
		<purgeInterval>7200</purgeInterval>
	</oidToEname>
	<oidToEname>
		<oid>.1.3.6.1.4.1.664.5.63/6/1006329</oid>
		<Ename>50001/100/21</Ename>
		<sendToRuby>true</sendToRuby>
		<purgeInterval>7200</purgeInterval>
	</oidToEname>
	<oidToEname>
		<oid>.1.3.6.1.4.1.664.5.66.3.10/6/16</oid>
		<Ename>50001/100/47</Ename>
		<sendToRuby>true</sendToRuby>
		<purgeInterval>7200</purgeInterval>
	</oidToEname>
	<oidToEname>
		<oid>.1.3.6.1.4.1.664.5.66.3.10/6/17</oid>
		<Ename>50001/100/47</Ename>
		<sendToRuby>true</sendToRuby>
		<purgeInterval>7200</purgeInterval>
	</oidToEname>
	<oidToEname>
		<oid>.1.3.6.1.4.1.664.5.66.3.10/6/18</oid>
		<Ename>50001/100/46</Ename>
		<sendToRuby>true</sendToRuby>
		<purgeInterval>7200</purgeInterval>
	</oidToEname>
	<oidToEname>
		<oid>.1.3.6.1.4.1.664.5.66.3.10/6/19</oid>
		<Ename>50001/100/46</Ename>
		<sendToRuby>true</sendToRuby>
		<purgeInterval>7200</purgeInterval>
	</oidToEname>
	<oidToEname>
		<oid>.1.3.6.1.4.1.664.5.66.3.10/6/2</oid>
		<Ename>50001/100/45</Ename>
		<sendToRuby>true</sendToRuby>
		<purgeInterval>7200</purgeInterval>
	</oidToEname>
	<oidToEname>
		<oid>.1.3.6.1.4.1.664.5.66.3.10/6/3</oid>
		<Ename>50001/100/45</Ename>
		<sendToRuby>true</sendToRuby>
		<purgeInterval>7200</purgeInterval>
	</oidToEname>
	<oidToEname>
		<oid>.1.3.6.1.4.1.664.5.66.3.10/6/4</oid>
		<Ename>50001/100/48</Ename>
		<sendToRuby>true</sendToRuby>
		<purgeInterval>7200</purgeInterval>
	</oidToEname>
	<oidToEname>
		<oid>.1.3.6.1.4.1.664.5.66.3.10/6/52</oid>
		<Ename>50001/100/50</Ename>
		<sendToRuby>true</sendToRuby>
		<purgeInterval>7200</purgeInterval>
	</oidToEname>
	<oidToEname>
		<oid>.1.3.6.1.4.1.664.5.66.3.10/6/53</oid>
		<Ename>50001/100/50</Ename>
		<sendToRuby>true</sendToRuby>
		<purgeInterval>7200</purgeInterval>
	</oidToEname>
	<oidToEname>
		<oid>.1.3.6.1.4.1.664.5.66.3.10/6/54</oid>
		<Ename>50001/100/49</Ename>
		<sendToRuby>true</sendToRuby>
		<purgeInterval>7200</purgeInterval>
	</oidToEname>
	<oidToEname>
		<oid>.1.3.6.1.4.1.664.5.66.3.10/6/5</oid>
		<Ename>50001/100/48</Ename>
		<sendToRuby>true</sendToRuby>
		<purgeInterval>7200</purgeInterval>
	</oidToEname>
	<oidToEname>
		<oid>.1.3.6.1.4.1.664.5.66.3.10/6/55</oid>
		<Ename>50001/100/49</Ename>
		<sendToRuby>true</sendToRuby>
		<purgeInterval>7200</purgeInterval>
	</oidToEname>
	<oidToEname>
		<oid>.1.3.6.1.4.1.664.5.67.1.33.1/6/5</oid>
		<Ename>50001/100/60</Ename>
		<sendToRuby>true</sendToRuby>
		<purgeInterval>7200</purgeInterval>
	</oidToEname>
	<oidToEname>
		<oid>.1.3.6.1.4.1.664.5.67.1.1.3/6/10</oid>
		<Ename>50001/100/84</Ename>
		<sendToRuby>true</sendToRuby>
		<purgeInterval>7200</purgeInterval>
	</oidToEname>
	<oidToEname>
		<oid>.1.3.6.1.4.1.664.5.67.1.1.3/6/14</oid>
		<Ename>50001/100/85</Ename>
		<sendToRuby>true</sendToRuby>
		<purgeInterval>7200</purgeInterval>
	</oidToEname>
	<oidToEname>
		<oid>.1.3.6.1.4.1.664.5.67.1.1.3/6/1</oid>
		<Ename>50001/100/11</Ename>
		<sendToRuby>true</sendToRuby>
		<purgeInterval>7200</purgeInterval>
	</oidToEname>
	<oidToEname>
		<oid>.1.3.6.1.4.1.664.5.67.1.1.3/6/3</oid>
		<Ename>50001/100/10</Ename>
		<sendToRuby>true</sendToRuby>
		<purgeInterval>7200</purgeInterval>
	</oidToEname>
	<oidToEname>
		<oid>.1.3.6.1.4.1.664.5.67.1.1.3/6/5</oid>
		<Ename>50001/100/77</Ename>
		<sendToRuby>true</sendToRuby>
		<purgeInterval>7200</purgeInterval>
	</oidToEname>
	<oidToEname>
		<oid>.1.3.6.1.4.1.664.5.67.1.1.3/6/7</oid>
		<Ename>50001/100/71</Ename>
		<sendToRuby>true</sendToRuby>
		<purgeInterval>7200</purgeInterval>
	</oidToEname>
	<oidToEname>
		<oid>.1.3.6.1.4.1.664.5.67.1.1.3/6/8</oid>
		<Ename>50001/100/70</Ename>
		<sendToRuby>true</sendToRuby>
		<purgeInterval>7200</purgeInterval>
	</oidToEname>
	<oidToEname>
		<oid>.1.3.6.1.4.1.664.5.67.1.16.3/6/10</oid>
		<Ename>50001/100/35</Ename>
		<sendToRuby>true</sendToRuby>
		<purgeInterval>7200</purgeInterval>
	</oidToEname>
	<oidToEname>
		<oid>.1.3.6.1.4.1.664.5.67.1.16.3/6/11</oid>
		<Ename>50001/100/35</Ename>
		<sendToRuby>true</sendToRuby>
		<purgeInterval>7200</purgeInterval>
	</oidToEname>
	<oidToEname>
		<oid>.1.3.6.1.4.1.664.5.67.1.16.3/6/3</oid>
		<Ename>50001/100/69</Ename>
		<sendToRuby>true</sendToRuby>
		<purgeInterval>7200</purgeInterval>
	</oidToEname>
	<oidToEname>
		<oid>.1.3.6.1.4.1.664.5.67.1.16.3/6/7</oid>
		<Ename>50001/100/68</Ename>
		<sendToRuby>true</sendToRuby>
		<purgeInterval>7200</purgeInterval>
	</oidToEname>
	<oidToEname>
		<oid>.1.3.6.1.4.1.664.5.67.1.16.3/6/8</oid>
		<Ename>50001/100/34</Ename>
		<sendToRuby>true</sendToRuby>
		<purgeInterval>7200</purgeInterval>
	</oidToEname>
	<oidToEname>
		<oid>.1.3.6.1.4.1.664.5.67.1.16.3/6/9</oid>
		<Ename>50001/100/34</Ename>
		<sendToRuby>true</sendToRuby>
		<purgeInterval>7200</purgeInterval>
	</oidToEname>
	<oidToEname>
		<oid>.1.3.6.1.4.1.664.5.67.1.31.2/6/3</oid>
		<Ename>50001/100/82</Ename>
		<sendToRuby>true</sendToRuby>
		<purgeInterval>7200</purgeInterval>
	</oidToEname>
	<oidToEname>
		<oid>.1.3.6.1.4.1.664.5.67.1.31.2/6/5</oid>
		<Ename>50001/100/83</Ename>
		<sendToRuby>true</sendToRuby>
		<purgeInterval>7200</purgeInterval>
	</oidToEname>
	<oidToEname>
		<oid>.1.3.6.1.4.1.664.5.67.1.32.1/6/3</oid>
		<Ename>50001/100/73</Ename>
		<sendToRuby>true</sendToRuby>
		<purgeInterval>7200</purgeInterval>
	</oidToEname>
	<oidToEname>
		<oid>.1.3.6.1.4.1.664.5.67.1.33.1/6/3</oid>
		<Ename>50001/100/72</Ename>
		<sendToRuby>true</sendToRuby>
		<purgeInterval>7200</purgeInterval>
	</oidToEname>
	<oidToEname>
		<oid>.1.3.6.1.4.1.664.5.69.2/6/126</oid>
		<Ename>50001/100/53</Ename>
		<sendToRuby>true</sendToRuby>
		<purgeInterval>7200</purgeInterval>
	</oidToEname>
	<oidToEname>
		<oid>.1.3.6.1.4.1.664.5.69.2/6/127</oid>
		<Ename>50001/100/53</Ename>
		<sendToRuby>true</sendToRuby>
		<purgeInterval>7200</purgeInterval>
	</oidToEname>
	<oidToEname>
		<oid>.1.3.6.1.4.1.664.5.69.2/6/128</oid>
		<Ename>50001/100/89</Ename>
		<sendToRuby>true</sendToRuby>
		<purgeInterval>7200</purgeInterval>
	</oidToEname>
	<oidToEname>
		<oid>.1.3.6.1.4.1.664.5.69.2/6/129</oid>
		<Ename>50001/100/54</Ename>
		<sendToRuby>true</sendToRuby>
		<purgeInterval>7200</purgeInterval>
	</oidToEname>
	<oidToEname>
		<oid>.1.3.6.1.4.1.664.5.69.2/6/61</oid>
		<Ename>50001/100/39</Ename>
		<sendToRuby>true</sendToRuby>
		<purgeInterval>7200</purgeInterval>
	</oidToEname>
	<oidToEname>
		<oid>.1.3.6.1.4.1.664.5.69.2/6/62</oid>
		<Ename>50001/100/39</Ename>
		<sendToRuby>true</sendToRuby>
		<purgeInterval>7200</purgeInterval>
	</oidToEname>
	<oidToEname>
		<oid>.1.3.6.1.4.1.664.5.69.2/6/69</oid>
		<Ename>50001/100/40</Ename>
		<sendToRuby>true</sendToRuby>
		<purgeInterval>7200</purgeInterval>
	</oidToEname>
	<oidToEname>
		<oid>.1.3.6.1.4.1.664.5.69.2/6/70</oid>
		<Ename>50001/100/40</Ename>
		<sendToRuby>true</sendToRuby>
		<purgeInterval>7200</purgeInterval>
	</oidToEname>
	<oidToEname>
		<oid>.1.3.6.1.4.1.664.5.69.2/6/71</oid>
		<Ename>50001/100/41</Ename>
		<sendToRuby>true</sendToRuby>
		<purgeInterval>7200</purgeInterval>
	</oidToEname>
	<oidToEname>
		<oid>.1.3.6.1.4.1.664.5.69.2/6/72</oid>
		<Ename>50001/100/41</Ename>
		<sendToRuby>true</sendToRuby>
		<purgeInterval>7200</purgeInterval>
	</oidToEname>
	<oidToEname>
		<oid>.1.3.6.1.4.1.664.5.69.2/6/89</oid>
		<Ename>50001/100/42</Ename>
		<sendToRuby>true</sendToRuby>
		<purgeInterval>7200</purgeInterval>
	</oidToEname>
	<oidToEname>
		<oid>.1.3.6.1.4.1.664.5.69.2/6/90</oid>
		<Ename>50001/100/42</Ename>
		<sendToRuby>true</sendToRuby>
		<purgeInterval>7200</purgeInterval>
	</oidToEname>
	<oidToEname>
		<oid>.1.3.6.1.4.1.664.5.69.2/6/91</oid>
		<Ename>50001/100/43</Ename>
		<sendToRuby>true</sendToRuby>
		<purgeInterval>7200</purgeInterval>
	</oidToEname>
	<oidToEname>
		<oid>.1.3.6.1.4.1.664.5.69.2/6/92</oid>
		<Ename>50001/100/43</Ename>
		<sendToRuby>true</sendToRuby>
		<purgeInterval>7200</purgeInterval>
	</oidToEname>
	<oidToEname>
		<oid>.1.3.6.1.4.1.664.5.69.2/6/93</oid>
		<Ename>50001/100/44</Ename>
		<sendToRuby>true</sendToRuby>
		<purgeInterval>7200</purgeInterval>
	</oidToEname>
	<oidToEname>
		<oid>.1.3.6.1.4.1.664.5.69.2/6/94</oid>
		<Ename>50001/100/44</Ename>
		<sendToRuby>true</sendToRuby>
		<purgeInterval>7200</purgeInterval>
	</oidToEname>
	<oidToEname>
		<oid>.1.3.6.1.4.1.664.5.70.13.3/6/1</oid>
		<Ename>50001/100/88</Ename>
		<sendToRuby>true</sendToRuby>
		<purgeInterval>7200</purgeInterval>
	</oidToEname>
	<oidToEname>
		<oid>.1.3.6.1.4.1.664.5.70.13.3/6/3</oid>
		<Ename>50001/100/86</Ename>
		<sendToRuby>true</sendToRuby>
		<purgeInterval>7200</purgeInterval>
	</oidToEname>
	<oidToEname>
		<oid>.1.3.6.1.4.1.664.5.70.13.3/6/5</oid>
		<Ename>50001/100/87</Ename>
		<sendToRuby>true</sendToRuby>
		<purgeInterval>7200</purgeInterval>
	</oidToEname>
	<oidToEname>
		<oid>.1.3.6.1.4.1.664.5.75.1/6/1</oid>
		<Ename>50001/100/61</Ename>
		<sendToRuby>true</sendToRuby>
		<purgeInterval>7200</purgeInterval>
	</oidToEname>
	<oidToEname>
		<oid>.1.3.6.1.4.1.664.5.75.1/6/3</oid>
		<Ename>50001/100/62</Ename>
		<sendToRuby>true</sendToRuby>
		<purgeInterval>7200</purgeInterval>
	</oidToEname>
	<oidToEname>
		<oid>.1.3.6.1.4.1.664.5.75.1/6/5</oid>
		<Ename>50001/100/63</Ename>
		<sendToRuby>true</sendToRuby>
		<purgeInterval>7200</purgeInterval>
	</oidToEname>
	<oidToEname>
		<oid>.1.3.6.1.4.1.664.5.75.1/6/7</oid>
		<Ename>50001/100/64</Ename>
		<sendToRuby>true</sendToRuby>
		<purgeInterval>7200</purgeInterval>
	</oidToEname>
	<oidToEname>
		<oid>.1.3.6.1.4.1.664.5.75.1/6/9</oid>
		<Ename>50001/100/65</Ename>
		<sendToRuby>true</sendToRuby>
		<purgeInterval>7200</purgeInterval>
	</oidToEname>
	<oidToEname>
		<oid>.1.3.6.1.4.1.664.5.77.1.10/6/39</oid>
		<Ename>50001/100/52</Ename>
		<sendToRuby>true</sendToRuby>
		<purgeInterval>7200</purgeInterval>
	</oidToEname>
	<oidToEname>
		<oid>.1.3.6.1.4.1.664.5.77.1.1/6/38</oid>
		<Ename>50001/100/52</Ename>
		<sendToRuby>true</sendToRuby>
		<purgeInterval>7200</purgeInterval>
	</oidToEname>
	<oidToEname>
		<oid>.1.3.6.1.4.1.74.2.46.200.145/6/6001</oid>
		<Ename>50005/6/6001</Ename>
		<sendToRuby>true</sendToRuby>
		<purgeInterval>7200</purgeInterval>
	</oidToEname>
	<oidToEname>
		<oid>.1.3.6.1.4.1.74.2.46.200.145/6/7001</oid>
		<Ename>50005/6/7001</Ename>
		<sendToRuby>true</sendToRuby>
		<purgeInterval>7200</purgeInterval>
	</oidToEname>
	<oidToEname>
		<oid>.1.3.6.1.4.1.74.2.46.200.145/6/7003</oid>
		<Ename>50005/6/7003</Ename>
		<sendToRuby>true</sendToRuby>
		<purgeInterval>7200</purgeInterval>
	</oidToEname>
	<oidToEname>
		<oid>.1.3.6.1.4.1.74.2.46.200.145/6/7005</oid>
		<Ename>50005/6/7005</Ename>
		<sendToRuby>true</sendToRuby>
		<purgeInterval>7200</purgeInterval>
	</oidToEname>
	<oidToEname>
		<oid>.1.3.6.1.4.1.74.2.46.200.145/6/7007</oid>
		<Ename>50005/6/7007</Ename>
		<sendToRuby>true</sendToRuby>
		<purgeInterval>7200</purgeInterval>
	</oidToEname>
	<oidToEname>
		<oid>.1.3.6.1.4.1.74.2.46.200.145/6/7013</oid>
		<Ename>50005/6/7013</Ename>
		<sendToRuby>true</sendToRuby>
		<purgeInterval>7200</purgeInterval>
	</oidToEname>
	<oidToEname>
		<oid>.1.3.6.1.4.1.74.2.46.200.145/6/7015</oid>
		<Ename>50005/6/7015</Ename>
		<sendToRuby>true</sendToRuby>
		<purgeInterval>7200</purgeInterval>
	</oidToEname>
	<oidToEname>
		<oid>.1.3.6.1.4.1.74.2.46.200.145/6/9100</oid>
		<Ename>50005/6/9100</Ename>
		<sendToRuby>true</sendToRuby>
		<purgeInterval>7200</purgeInterval>
	</oidToEname>
	<oidToEname>
		<oid>.1.3.6.1.4.1.74.2.46.200.145/6/9200</oid>
		<Ename>50005/6/9200</Ename>
		<sendToRuby>true</sendToRuby>
		<purgeInterval>7200</purgeInterval>
	</oidToEname>
	<oidToEname>
		<oid>.1.3.6.1.4.1.74.2.46.200.145/6/9202</oid>
		<Ename>50005/6/9202</Ename>
		<sendToRuby>true</sendToRuby>
		<purgeInterval>7200</purgeInterval>
	</oidToEname>
	<oidToEname>
		<oid>.1.3.6.1.4.1.74.2.46.200.145/6/9208</oid>
		<Ename>50005/6/9208</Ename>
		<sendToRuby>true</sendToRuby>
		<purgeInterval>7200</purgeInterval>
	</oidToEname>
	<oidToEname>
		<oid>.1.3.6.1.4.1.74.2.46.200.145/6/9130</oid>
		<Ename>50005/6/9130</Ename>
		<sendToRuby>true</sendToRuby>
		<purgeInterval>7200</purgeInterval>
	</oidToEname>
	<oidToEname>
		<oid>.1.3.6.1.4.1.74.2.46.200.160/6/2102</oid>
		<Ename>50004/10/1</Ename>
		<sendToRuby>true</sendToRuby>
		<purgeInterval>7200</purgeInterval>
	</oidToEname>
	<oidToEname>
		<oid>.1.3.6.1.4.1.74.2.46.200.160/6/2103</oid>
		<Ename>50004/10/2</Ename>
		<sendToRuby>true</sendToRuby>
		<purgeInterval>7200</purgeInterval>
	</oidToEname>
	<oidToEname>
		<oid>.1.3.6.1.4.1.9.1.400/2/0</oid>
		<Ename>10000/500/2</Ename>
		<sendToRuby>true</sendToRuby>
		<purgeInterval>7200</purgeInterval>
	</oidToEname>
	<oidToEname>
		<oid>.1.3.6.1.4.1.9.5/6/3</oid>
		<Ename>50003/200/10</Ename>
		<sendToRuby>true</sendToRuby>
		<purgeInterval>7200</purgeInterval>
	</oidToEname>
	<oidToEname>
		<oid>.1.3.6.1.4.1.9.5/6/4</oid>
		<Ename>50003/200/10</Ename>
		<sendToRuby>true</sendToRuby>
		<purgeInterval>7200</purgeInterval>
	</oidToEname>
	<oidToEname>
		<oid>.1.3.6.1.4.1.9.5/6/5</oid>
		<Ename>50003/200/11</Ename>
		<sendToRuby>true</sendToRuby>
		<purgeInterval>7200</purgeInterval>
	</oidToEname>
	<oidToEname>
		<oid>.1.3.6.1.4.1.9.5/6/6</oid>
		<Ename>50003/200/11</Ename>
		<sendToRuby>true</sendToRuby>
		<purgeInterval>7200</purgeInterval>
	</oidToEname>
	<oidToEname>
		<oid>.1.3.6.1.4.1.9.9.13.3/6/1</oid>
		<Ename>50003/200/1</Ename>
		<sendToRuby>true</sendToRuby>
		<purgeInterval>7200</purgeInterval>
	</oidToEname>
	<oidToEname>
		<oid>.1.3.6.1.4.1.9.9.13.3/6/2</oid>
		<Ename>50003/200/2</Ename>
		<sendToRuby>true</sendToRuby>
		<purgeInterval>7200</purgeInterval>
	</oidToEname>
	<oidToEname>
		<oid>.1.3.6.1.4.1.9.9.13.3/6/3</oid>
		<Ename>50003/200/4</Ename>
		<sendToRuby>true</sendToRuby>
		<purgeInterval>7200</purgeInterval>
	</oidToEname>
	<oidToEname>
		<oid>.1.3.6.1.4.1.9.9.13.3/6/4</oid>
		<Ename>50003/200/6</Ename>
		<sendToRuby>true</sendToRuby>
		<purgeInterval>7200</purgeInterval>
	</oidToEname>
	<oidToEname>
		<oid>.1.3.6.1.4.1.9.9.13.3/6/5</oid>
		<Ename>50003/200/8</Ename>
		<sendToRuby>true</sendToRuby>
		<purgeInterval>7200</purgeInterval>
	</oidToEname>
	<oidToEname>
		<oid>.1.3.6.1.4.1.9.9.13.3/6/6</oid>
		<Ename>50003/200/3</Ename>
		<sendToRuby>true</sendToRuby>
		<purgeInterval>7200</purgeInterval>
	</oidToEname>
	<oidToEname>
		<oid>.1.3.6.1.4.1.9.9.13.3/6/7</oid>
		<Ename>50003/200/5</Ename>
		<sendToRuby>true</sendToRuby>
		<purgeInterval>7200</purgeInterval>
	</oidToEname>
	<oidToEname>
		<oid>.1.3.6.1.4.1.9.9.13.3/6/8</oid>
		<Ename>50003/200/7</Ename>
		<sendToRuby>true</sendToRuby>
		<purgeInterval>7200</purgeInterval>
	</oidToEname>
	<oidToEname>
		<oid>.1.3.6.1.4.1.9.9.13.3/6/9</oid>
		<Ename>50003/200/9</Ename>
		<sendToRuby>true</sendToRuby>
		<purgeInterval>7200</purgeInterval>
	</oidToEname>
	<oidToEname>
		<oid>.1.3.6.1.6.3.1.1.5/2/0</oid>
		<Ename>50003/100/1</Ename>
		<sendToRuby>true</sendToRuby>
		<purgeInterval>7200</purgeInterval>
	</oidToEname>
	<oidToEname>
		<oid>.1.3.6.1.6.3.1.1.5.2636/2/0</oid>
		<Ename>50003/100/1</Ename>
		<sendToRuby>true</sendToRuby>
		<purgeInterval>7200</purgeInterval>
	</oidToEname>
	<oidToEname>
		<oid>.1.3.6.1.6.3.1.1.5.3/2/0</oid>
		<Ename>50001/100/7</Ename>
		<sendToRuby>true</sendToRuby>
		<purgeInterval>7200</purgeInterval>
	</oidToEname>
	<oidToEname>
		<oid>.1.3.6.1.6.3.1.1.5.4/3/0</oid>
		<Ename>50001/100/7</Ename>
		<sendToRuby>true</sendToRuby>
		<purgeInterval>7200</purgeInterval>
	</oidToEname>
	<oidToEname>
		<oid>.1.3.6.1.6.3.1.1.5.9/2/0</oid>
		<Ename>50003/100/23</Ename>
		<sendToRuby>true</sendToRuby>
		<purgeInterval>7200</purgeInterval>
	</oidToEname>
	<oidToEname>
		<oid>.1.3.6.1.4.1.2636.3.53.1.2.1/6/1</oid>
		<Ename>50003/100/24</Ename>
		<sendToRuby>true</sendToRuby>
		<purgeInterval>7200</purgeInterval>
	</oidToEname>
	<oidToEname>
		<oid>50004/1/10</oid>
		<Ename>50004/1/10</Ename>
		<sendToRuby>true</sendToRuby>
		<purgeInterval>86400</purgeInterval>
	</oidToEname>
	<oidToEname>
		<oid>50004/1/11</oid>
		<Ename>50004/1/11</Ename>
		<sendToRuby>true</sendToRuby>
		<purgeInterval>7200</purgeInterval>
	</oidToEname>
	<oidToEname>
		<oid>50004/1/12</oid>
		<Ename>50004/1/12</Ename>
		<sendToRuby>true</sendToRuby>
		<purgeInterval>86400</purgeInterval>
	</oidToEname>
	<oidToEname>
		<oid>50004/1/13</oid>
		<Ename>50004/1/13</Ename>
		<sendToRuby>true</sendToRuby>
		<purgeInterval>7200</purgeInterval>
	</oidToEname>
	<oidToEname>
		<oid>50004/1/14</oid>
		<Ename>50004/1/14</Ename>
		<sendToRuby>true</sendToRuby>
		<purgeInterval>7200</purgeInterval>
	</oidToEname>
	<oidToEname>
		<oid>50004/1/15</oid>
		<Ename>50004/1/15</Ename>
		<sendToRuby>true</sendToRuby>
		<purgeInterval>86400</purgeInterval>
	</oidToEname>
	<oidToEname>
		<oid>50004/1/16</oid>
		<Ename>50004/1/16</Ename>
		<sendToRuby>true</sendToRuby>
		<purgeInterval>86400</purgeInterval>
	</oidToEname>
	<oidToEname>
		<oid>50004/1/17</oid>
		<Ename>50004/1/17</Ename>
		<sendToRuby>true</sendToRuby>
		<purgeInterval>86400</purgeInterval>
	</oidToEname>
	<oidToEname>
		<oid>50004/1/18</oid>
		<Ename>50004/1/18</Ename>
		<sendToRuby>true</sendToRuby>
		<purgeInterval>7200</purgeInterval>
	</oidToEname>
	<oidToEname>
		<oid>50004/1/19</oid>
		<Ename>50004/1/19</Ename>
		<sendToRuby>true</sendToRuby>
		<purgeInterval>7200</purgeInterval>
	</oidToEname>
	<oidToEname>
		<oid>50004/1/20</oid>
		<Ename>50004/1/20</Ename>
		<sendToRuby>true</sendToRuby>
		<purgeInterval>7200</purgeInterval>
	</oidToEname>
	<oidToEname>
		<oid>50004/1/21</oid>
		<Ename>50004/1/21</Ename>
		<sendToRuby>true</sendToRuby>
		<purgeInterval>7200</purgeInterval>
	</oidToEname>
	<oidToEname>
		<oid>50004/1/22</oid>
		<Ename>50004/1/22</Ename>
		<sendToRuby>true</sendToRuby>
		<purgeInterval>7200</purgeInterval>
	</oidToEname>
	<oidToEname>
		<oid>50004/1/25</oid>
		<Ename>50004/1/25</Ename>
		<sendToRuby>true</sendToRuby>
		<purgeInterval>7200</purgeInterval>
	</oidToEname>
	<oidToEname>
		<oid>50004/1/26</oid>
		<Ename>50004/1/26</Ename>
		<sendToRuby>true</sendToRuby>
		<purgeInterval>7200</purgeInterval>
	</oidToEname>
	<oidToEname>
		<oid>50004/1/27</oid>
		<Ename>50004/1/27</Ename>
		<sendToRuby>true</sendToRuby>
		<purgeInterval>7200</purgeInterval>
	</oidToEname>
	<oidToEname>
		<oid>50004/1/28</oid>
		<Ename>50004/1/28</Ename>
		<sendToRuby>true</sendToRuby>
		<purgeInterval>7200</purgeInterval>
	</oidToEname>
	<oidToEname>
		<oid>50004/1/30</oid>
		<Ename>50004/1/30</Ename>
		<sendToRuby>true</sendToRuby>
		<purgeInterval>7200</purgeInterval>
	</oidToEname>
	<oidToEname>
		<oid>50004/1/31</oid>
		<Ename>50004/1/31</Ename>
		<sendToRuby>true</sendToRuby>
		<purgeInterval>7200</purgeInterval>
	</oidToEname>
	<oidToEname>
		<oid>50004/1/32</oid>
		<Ename>50004/1/32</Ename>
		<sendToRuby>true</sendToRuby>
		<purgeInterval>7200</purgeInterval>
	</oidToEname>
	<oidToEname>
		<oid>50004/1/33</oid>
		<Ename>50004/1/33</Ename>
		<sendToRuby>true</sendToRuby>
		<purgeInterval>7200</purgeInterval>
	</oidToEname>
	<oidToEname>
		<oid>50004/1/34</oid>
		<Ename>50004/1/34</Ename>
		<sendToRuby>true</sendToRuby>
		<purgeInterval>7200</purgeInterval>
	</oidToEname>
	<oidToEname>
		<oid>50004/1/35</oid>
		<Ename>50004/1/35</Ename>
		<sendToRuby>true</sendToRuby>
		<purgeInterval>7200</purgeInterval>
	</oidToEname>
	<oidToEname>
		<oid>50004/1/36</oid>
		<Ename>50004/1/36</Ename>
		<sendToRuby>true</sendToRuby>
		<purgeInterval>7200</purgeInterval>
	</oidToEname>
	<oidToEname>
		<oid>50004/1/37</oid>
		<Ename>50004/1/37</Ename>
		<sendToRuby>true</sendToRuby>
		<purgeInterval>7200</purgeInterval>
	</oidToEname>
	<oidToEname>
		<oid>50004/1/38</oid>
		<Ename>50004/1/38</Ename>
		<sendToRuby>true</sendToRuby>
		<purgeInterval>7200</purgeInterval>
	</oidToEname>
	<oidToEname>
		<oid>50004/2/58916877</oid>
		<Ename>50004/2/58916877</Ename>
		<sendToRuby>true</sendToRuby>
		<purgeInterval>7200</purgeInterval>
	</oidToEname>
	<oidToEname>
		<oid>50004/1/2</oid>
		<Ename>50004/1/2</Ename>
		<sendToRuby>true</sendToRuby>
		<purgeInterval>7200</purgeInterval>
	</oidToEname>
	<oidToEname>
		<oid>50004/1/3</oid>
		<Ename>50004/1/3</Ename>
		<sendToRuby>true</sendToRuby>
		<purgeInterval>86400</purgeInterval>
	</oidToEname>
	<oidToEname>
		<oid>50004/1/4</oid>
		<Ename>50004/1/4</Ename>
		<sendToRuby>true</sendToRuby>
		<purgeInterval>7200</purgeInterval>
	</oidToEname>
	<oidToEname>
		<oid>50004/1/5</oid>
		<Ename>50004/1/5</Ename>
		<sendToRuby>true</sendToRuby>
		<purgeInterval>7200</purgeInterval>
	</oidToEname>
	<oidToEname>
		<oid>50004/1/6</oid>
		<Ename>50004/1/6</Ename>
		<sendToRuby>true</sendToRuby>
		<purgeInterval>7200</purgeInterval>
	</oidToEname>
	<oidToEname>
		<oid>50004/1/7</oid>
		<Ename>50004/1/7</Ename>
		<sendToRuby>true</sendToRuby>
		<purgeInterval>86400</purgeInterval>
	</oidToEname>
	<oidToEname>
		<oid>50004/1/8</oid>
		<Ename>50004/1/8</Ename>
		<sendToRuby>true</sendToRuby>
		<purgeInterval>86400</purgeInterval>
	</oidToEname>
	<oidToEname>
		<oid>50004/1/9</oid>
		<Ename>50004/1/9</Ename>
		<sendToRuby>true</sendToRuby>
		<purgeInterval>86400</purgeInterval>
	</oidToEname>
	<oidToEname>
		<oid>50004/2/4</oid>
		<Ename>50004/2/4</Ename>
		<sendToRuby>true</sendToRuby>
		<purgeInterval>7200</purgeInterval>
	</oidToEname>
	<oidToEname>
		<oid>50004/3/2</oid>
		<Ename>50004/3/2</Ename>
		<sendToRuby>true</sendToRuby>
		<purgeInterval>7200</purgeInterval>
	</oidToEname>
	<oidToEname>
		<oid>50004/4/1</oid>
		<Ename>50004/4/1</Ename>
		<sendToRuby>true</sendToRuby>
		<purgeInterval>7200</purgeInterval>
	</oidToEname>
	<oidToEname>
		<oid>50004/4/2</oid>
		<Ename>50004/4/2</Ename>
		<sendToRuby>true</sendToRuby>
		<purgeInterval>7200</purgeInterval>
	</oidToEname>
	<oidToEname>
		<oid>50006/100/4</oid>
		<Ename>50006/100/4</Ename>
		<sendToRuby>true</sendToRuby>
		<purgeInterval>7200</purgeInterval>
	</oidToEname>
	<oidToEname>
		<oid>.1.3.6.1.4.1.11.2.17.1/6/58916875</oid>
		<Ename>50004/2/58916875</Ename>
		<sendToRuby>true</sendToRuby>
		<purgeInterval>7200</purgeInterval>
	</oidToEname>
	<oidToEname>
		<oid>.1.3.6.1.4.1.11.2.17.1/6/58916876</oid>
		<Ename>50004/2/58916876</Ename>
		<sendToRuby>true</sendToRuby>
		<purgeInterval>7200</purgeInterval>
	</oidToEname>
	<oidToEname>
		<oid>.1.3.6.1.4.1.11.2.17.1/6/58916878</oid>
		<Ename>50004/2/8</Ename>
		<sendToRuby>true</sendToRuby>
		<purgeInterval>7200</purgeInterval>
	</oidToEname>
	<oidToEname>
		<oid>.1.3.6.1.6.3.1.1.5/0/0</oid>
		<Ename>50003/100/26</Ename>
		<sendToRuby>true</sendToRuby>
		<purgeInterval>7200</purgeInterval>
	</oidToEname>
	<oidToEname>
		<oid>.1.3.6.1.6.3.1.1.5/1/0</oid>
		<Ename>50003/100/27</Ename>
		<sendToRuby>true</sendToRuby>
		<purgeInterval>7200</purgeInterval>
	</oidToEname>
	<oidToEname>
		<oid>.1.3.6.1.6.3.1.1.5/4/0</oid>
		<Ename>50003/100/28</Ename>
		<sendToRuby>true</sendToRuby>
		<purgeInterval>7200</purgeInterval>
	</oidToEname>
	<oidToEname>
		<oid>.1.3.6.1.4.1.2636.4.14/6/1</oid>
		<Ename>50003/100/29</Ename>
		<sendToRuby>true</sendToRuby>
		<purgeInterval>7200</purgeInterval>
	</oidToEname>
	<oidToEname>
		<oid>.1.3.6.1.4.1.2636.4.14/6/2</oid>
		<Ename>50003/100/29</Ename>
		<sendToRuby>true</sendToRuby>
		<purgeInterval>604800</purgeInterval>
	</oidToEname>
	<oidToEname>
		<oid>.1.3.6.1.4.1.2636.4.14/6/3</oid>
		<Ename>50003/100/30</Ename>
		<sendToRuby>true</sendToRuby>
		<purgeInterval>7200</purgeInterval>
	</oidToEname>
	<oidToEname>
		<oid>.1.3.6.1.4.1.2636.4.1.16/6/4</oid>
		<Ename>50003/100/33</Ename>
		<sendToRuby>true</sendToRuby>
		<purgeInterval>7200</purgeInterval>
	</oidToEname>
	<oidToEname>
		<oid>.1.3.6.1.4.1.2636.4.14/6/4</oid>
		<Ename>50003/100/30</Ename>
		<sendToRuby>true</sendToRuby>
		<purgeInterval>604800</purgeInterval>
	</oidToEname>
	<oidToEname>
		<oid>.1.3.6.1.4.1.664.1/6/1</oid>
		<Ename>50001/100/90</Ename>
		<sendToRuby>true</sendToRuby>
		<purgeInterval>604800</purgeInterval>
	</oidToEname>
	<oidToEname>
		<oid>.1.3.6.1.4.1.664.2/6/2</oid>
		<Ename>50001/100/91</Ename>
		<sendToRuby>true</sendToRuby>
		<purgeInterval>604800</purgeInterval>
	</oidToEname>
	<oidToEname>
		<oid>.1.3.6.1.4.1.664.5.66.3.10/6/7</oid>
		<Ename>50001/100/92</Ename>
		<sendToRuby>true</sendToRuby>
		<purgeInterval>604800</purgeInterval>
	</oidToEname>
	<oidToEname>
		<oid>.1.3.6.1.4.1.664.5.66.3.10/6/6</oid>
		<Ename>50001/100/92</Ename>
		<sendToRuby>true</sendToRuby>
		<purgeInterval>7200</purgeInterval>
	</oidToEname>
	<oidToEname>
		<oid>.1.3.6.1.4.1.664.5.69.2/6/76</oid>
		<Ename>50001/100/93</Ename>
		<sendToRuby>true</sendToRuby>
		<purgeInterval>604800</purgeInterval>
	</oidToEname>
	<oidToEname>
		<oid>.1.3.6.1.4.1.664.5.70.22/6/1</oid>
		<Ename>50001/100/94</Ename>
		<sendToRuby>true</sendToRuby>
		<purgeInterval>604800</purgeInterval>
	</oidToEname>
	<oidToEname>
		<oid>.1.3.6.1.4.1.664.5.70.4.4/6/9</oid>
		<Ename>50001/100/95</Ename>
		<sendToRuby>true</sendToRuby>
		<purgeInterval>604800</purgeInterval>
	</oidToEname>
	<oidToEname>
		<oid>.1.3.6.1.4.1.664.5.70.4.4/6/8</oid>
		<Ename>50001/100/95</Ename>
		<sendToRuby>true</sendToRuby>
		<purgeInterval>7200</purgeInterval>
	</oidToEname>
	<oidToEname>
		<oid>.1.3.6.1.4.1.664.5.70.4.4/6/5</oid>
		<Ename>50001/100/96</Ename>
		<sendToRuby>true</sendToRuby>
		<purgeInterval>604800</purgeInterval>
	</oidToEname>
	<oidToEname>
		<oid>.1.3.6.1.4.1.664.5.70.4.4/6/4</oid>
		<Ename>50001/100/96</Ename>
		<sendToRuby>true</sendToRuby>
		<purgeInterval>7200</purgeInterval>
	</oidToEname>
	<oidToEname>
		<oid>.1.3.6.1.4.1.664.5.70.4.4/6/11</oid>
		<Ename>50001/100/97</Ename>
		<sendToRuby>true</sendToRuby>
		<purgeInterval>604800</purgeInterval>
	</oidToEname>
	<oidToEname>
		<oid>.1.3.6.1.4.1.664.5.70.4.4/6/10</oid>
		<Ename>50001/100/97</Ename>
		<sendToRuby>true</sendToRuby>
		<purgeInterval>7200</purgeInterval>
	</oidToEname>
	<oidToEname>
		<oid>.1.3.6.1.4.1.664.5.70.4.4/6/3</oid>
		<Ename>50001/100/98</Ename>
		<sendToRuby>true</sendToRuby>
		<purgeInterval>604800</purgeInterval>
	</oidToEname>
	<oidToEname>
		<oid>.1.3.6.1.4.1.664.5.70.4.4/6/2</oid>
		<Ename>50001/100/98</Ename>
		<sendToRuby>true</sendToRuby>
		<purgeInterval>7200</purgeInterval>
	</oidToEname>
	<oidToEname>
		<oid>.1.3.6.1.4.1.664.5.70.4.4/6/7</oid>
		<Ename>50001/100/99</Ename>
		<sendToRuby>true</sendToRuby>
		<purgeInterval>604800</purgeInterval>
	</oidToEname>
	<oidToEname>
		<oid>.1.3.6.1.4.1.664.5.70.4.4/6/6</oid>
		<Ename>50001/100/99</Ename>
		<sendToRuby>true</sendToRuby>
		<purgeInterval>7200</purgeInterval>
	</oidToEname>
	<oidToEname>
		<oid>.1.3.6.1.4.1.664.5.59.1.10/6/84</oid>
		<Ename>50001/100/100</Ename>
		<sendToRuby>true</sendToRuby>
		<purgeInterval>604800</purgeInterval>
	</oidToEname>
	<oidToEname>
		<oid>.1.3.6.1.4.1.664.5.59.1.10/6/88</oid>
		<Ename>50001/100/101</Ename>
		<sendToRuby>true</sendToRuby>
		<purgeInterval>604800</purgeInterval>
	</oidToEname>
	<oidToEname>
		<oid>.1.3.6.1.4.1.664.5.59.1.10/6/87</oid>
		<Ename>50001/100/101</Ename>
		<sendToRuby>true</sendToRuby>
		<purgeInterval>7200</purgeInterval>
	</oidToEname>
	<oidToEname>
		<oid>.1.3.6.1.4.1.664.5.59.1.10/6/86</oid>
		<Ename>50001/100/102</Ename>
		<sendToRuby>true</sendToRuby>
		<purgeInterval>604800</purgeInterval>
	</oidToEname>
	<oidToEname>
		<oid>.1.3.6.1.4.1.664.5.59.1.10/6/85</oid>
		<Ename>50001/100/102</Ename>
		<sendToRuby>true</sendToRuby>
		<purgeInterval>7200</purgeInterval>
	</oidToEname>
	<oidToEname>
		<oid>.1.3.6.1.4.1.664.5.66.3.10/6/13</oid>
		<Ename>50001/100/103</Ename>
		<sendToRuby>true</sendToRuby>
		<purgeInterval>604800</purgeInterval>
	</oidToEname>
	<oidToEname>
		<oid>.1.3.6.1.4.1.664.5.66.3.10/6/12</oid>
		<Ename>50001/100/103</Ename>
		<sendToRuby>true</sendToRuby>
		<purgeInterval>7200</purgeInterval>
	</oidToEname>
	<oidToEname>
		<oid>.1.3.6.1.4.1.664.5.66.3.10/6/9</oid>
		<Ename>50001/100/104</Ename>
		<sendToRuby>true</sendToRuby>
		<purgeInterval>604800</purgeInterval>
	</oidToEname>
	<oidToEname>
		<oid>.1.3.6.1.4.1.664.5.66.3.10/6/8</oid>
		<Ename>50001/100/104</Ename>
		<sendToRuby>true</sendToRuby>
		<purgeInterval>7200</purgeInterval>
	</oidToEname>
	<oidToEname>
		<oid>.1.3.6.1.4.1.664.5.66.3.10/6/15</oid>
		<Ename>50001/100/105</Ename>
		<sendToRuby>true</sendToRuby>
		<purgeInterval>604800</purgeInterval>
	</oidToEname>
	<oidToEname>
		<oid>.1.3.6.1.4.1.664.5.66.3.10/6/14</oid>
		<Ename>50001/100/105</Ename>
		<sendToRuby>true</sendToRuby>
		<purgeInterval>7200</purgeInterval>
	</oidToEname>
	<oidToEname>
		<oid>.1.3.6.1.4.1.664.5.66.3.10/6/11</oid>
		<Ename>50001/100/106</Ename>
		<sendToRuby>true</sendToRuby>
		<purgeInterval>604800</purgeInterval>
	</oidToEname>
	<oidToEname>
		<oid>.1.3.6.1.4.1.664.5.66.3.10/6/10</oid>
		<Ename>50001/100/106</Ename>
		<sendToRuby>true</sendToRuby>
		<purgeInterval>7200</purgeInterval>
	</oidToEname>
	<oidToEname>
		<oid>.1.3.6.1.4.1.664.5.66.3.10/6/51</oid>
		<Ename>50001/100/107</Ename>
		<sendToRuby>true</sendToRuby>
		<purgeInterval>604800</purgeInterval>
	</oidToEname>
	<oidToEname>
		<oid>.1.3.6.1.4.1.664.5.66.3.10/6/50</oid>
		<Ename>50001/100/107</Ename>
		<sendToRuby>true</sendToRuby>
		<purgeInterval>7200</purgeInterval>
	</oidToEname>
	<oidToEname>
		<oid>.1.3.6.1.4.1.664.5.70.15/6/15</oid>
		<Ename>50001/100/108</Ename>
		<sendToRuby>true</sendToRuby>
		<purgeInterval>604800</purgeInterval>
	</oidToEname>
	<oidToEname>
		<oid>.1.3.6.1.4.1.664.5.70.15/6/14</oid>
		<Ename>50001/100/108</Ename>
		<sendToRuby>true</sendToRuby>
		<purgeInterval>604800</purgeInterval>
	</oidToEname>
	<oidToEname>
		<oid>.1.3.6.1.4.1.664.5.67.1.39.2/6/1</oid>
		<Ename>50001/100/109</Ename>
		<sendToRuby>true</sendToRuby>
		<purgeInterval>604800</purgeInterval>
	</oidToEname>
	<oidToEname>
		<oid>.1.3.6.1.4.1.664.5.67.1.39.2/6/2</oid>
		<Ename>50001/100/109</Ename>
		<sendToRuby>true</sendToRuby>
		<purgeInterval>7200</purgeInterval>
	</oidToEname>
	<oidToEname>
		<oid>.1.3.6.1.4.1.664.5.63/6/1006383</oid>
		<Ename>50001/100/111</Ename>
		<sendToRuby>true</sendToRuby>
		<purgeInterval>604800</purgeInterval>
	</oidToEname>
	<oidToEname>
		<oid>.1.3.6.1.4.1.664.5.63/6/1006382</oid>
		<Ename>50001/100/111</Ename>
		<sendToRuby>true</sendToRuby>
		<purgeInterval>7200</purgeInterval>
	</oidToEname>
	<oidToEname>
		<oid>.1.3.6.1.4.1.664.5.63/6/1006381</oid>
		<Ename>50001/100/112</Ename>
		<sendToRuby>true</sendToRuby>
		<purgeInterval>604800</purgeInterval>
	</oidToEname>
	<oidToEname>
		<oid>.1.3.6.1.4.1.664.5.63/6/100638</oid>
		<Ename>50001/100/112</Ename>
		<sendToRuby>true</sendToRuby>
		<purgeInterval>7200</purgeInterval>
	</oidToEname>

</oidMap>  
