{
	"name": "foiCollectorSpecificPolicy",
	"required": false,
	"value": "",
	"description": "Specify the collector configuration via Policy",
	"policy_editable": true,
	"designer_editable": true,
	"sourced_at_deployment": true,
	"type": "string",
	"policy_schema": [{
		"name": "vnfTypeSpecificData",
		"description": "List of objects for VNF Type specific data",
		"type": "list",
		"entry_schema": [{
				"name": "dcae_target_type_relation",
				"required": true,
				"description": "The DTI event target type that this data object maps to ",
				"type": "string",
				"value": ""
			},

			{
				"name": "collectionTaskData",
				"required": false,
				"description": "List of collection tasks for the VNF Type",
				"type": "list",
				"entry_schema": [{
						"name": "collectionTaskId",
						"required": true,
						"description": "Collection Task ID for which this config is to be applied",
						"type": "string",
						"value": ""
					},

					{
						"name": "disconnectAfterPoll",
						"description": "Whether to disconnect and reconnect from remote server each time in between collection intervals",
						"type": "string",
						"value": "true"
					},

					{
						"name": "connectTimeout",
						"description": "Time in seconds to wait before attempting retry connect or flagging timeout error if unable to connect",
						"type": "string",
						"value": "60000"
					},

					{
						"name": "reconnectAttempts",
						"description": "Maximum number of attempts for the collector to connect to the remote server",
						"type": "string",
						"value": "3"
					},

					{
						"name": "backpollInterval",
						"description": "The number of collection intervals to back poll the past data upon restoration of collector or remote server",
						"type": "string",
						"value": "0"
					},

					{
						"name": "enableDNRAudit",
						"description": "Record File Level and Interface Level DNR audits.",
						"type": "string",
						"value": "false"
					},

					{
						"name": "beginCollectionTime",
						"type": "string",
						"value": "",
						"description": "Specific time to start the collection"
					},

					{
						"name": "delayBeforeEachIntervalBoundary",
						"type": "string",
						"value": "",
						"description": "Wait for a period of time at start of each interval before collecting"
					},

					{
						"name": "overrideTaskPropForCollectionTask",
						"description": "Override the task properties config only for this collectionTask, leaving others as-is",
						"type": "string",
						"value": "NA"
					}
				]
			}
		]
	}]
}