{
	"event": 
	{
		"commonEventHeader": 
		{
			"nfNamingCode": "jl1",
			"eventType": "applicationVnf",
			"version": "3.0",
			"sourceId": "uuid_for_dlstx001jl1",
			"reportingEntityName": "reporting device name for dlstx001jl1",
			"startEpochMicrosec": "1479110929000000",
			"eventId": "cefcModuleStatusChange:vb4@dlstx001jl1",
			"lastEpochMicrosec": "1479110929000000",
			"nfcNamingCode": "",
			"sourceName": "dlstx001jl1",
			"priority": "Normal",
			"sequence": "0001",
			"domain": "fault",
			"eventName": "Fault_Cisco_cefcModuleStatusChange",
			"internalHeaderFields": 
			{
				"eventTag": "hp.GFP-IP-VES-TRAP-EVENTS.20170711.9794596299",
				"correlationEventType": "",
				"correlationName": "",
				"correlationRootEventId": "",
				"correlationFirstEpoch": "",
				"lastDatetime": "Mon, 14 Nov 2016 08:08:49 +0000",
				"correlationType": "",
				"internalHeaderFieldsVersion": "2.0",
				"firstDatetime": "Mon, 14 Nov 2016 08:08:49 +0000"
			},

			"reportingEntityId": "uuid_for_dlstx001jl1"
		},

		"faultFields": 
		{
			"eventSourceType": "switch",
			"alarmAdditionalInformation": 
			[
				{
					"name": "ALARM_TEXT",
					"value": "Module status Change Problem vb3 vb4"
				}
			],

			"specificProblem": "Module status Change.",
			"alarmCondition": "cefcModuleStatusChange",
			"eventSeverity": "MAJOR",
			"faultFieldsVersion": "2.0",
			"vfStatus": "Active"
		}
	},

	"hp.tag": "hp.SendNewEvent.20170711.9794594133"
}