{
	"type": "UveVMInterfaceAgent",
	"value": {
		"vm_name": "zrdm3frwl01oam003",
		"in_bw_usage": 1006556,
		"virtual_network": "default-domain:MNS-25180-L-06Shared:MNS-25180-L-06Shared_OAM_HSL_NET_1",
		"uuid": "c304261a-a38f-4222-a2ea-6fec37baf6c1",
		"out_bw_usage": 0,
		"ip6_active": false,
		"label": 34,
		"ip6_address": "::",
		"if_stats": {
			"out_bytes": 0,
			"in_pkts": 4267,
			"out_pkts": 0,
			"in_bytes": 3774586
		},
		"is_health_check_active": true,
		"ip4_active": true,
		"port_bucket_bmap": {
			"udp_sport_bitmap": [
				"4294967295",
				"4294967295",
				"4294967295",
				"4294967295",
				"4294967295",
				"4294967295",
				"4294967295",
				"4294967295"
			],
			"tcp_dport_bitmap": [
				"4294967295",
				"4294967295",
				"4294967295",
				"4294967295",
				"4294967295",
				"4294967295",
				"4294967295",
				"4294967295"
			],
			"tcp_sport_bitmap": [
				"4294967295",
				"4294967295",
				"4294967295",
				"4294967295",
				"4294967295",
				"4294967295",
				"4294967295",
				"4294967295"
			],
			"udp_dport_bitmap": [
				"4294967295",
				"4294967295",
				"4294967295",
				"4294967295",
				"4294967295",
				"4294967295",
				"4294967295",
				"4294967295"
			]
		},
		"mac_address": "02:c3:04:26:1a:a3",
		"active": true,
		"vm_uuid": "69b95d80-2032-4bf0-8465-cef2e1b7000f",
		"l2_active": true,
		"ip_address": "107.243.41.7",
		"gateway": "107.243.41.1",
		"sg_rule_stats": {
			"count": 2,
			"rule": "ae0d855e-831f-4a4e-ae46-b4a4a911cb7e"
		}
	},
	"key": "ObjectVMITable:default-domain:MNS-25180-L-06Shared:zrdm3frwl01oam003_vmi_3"
}