<?xml version="1.0" encoding="UTF-8"?>
<!--
    %Z% %M% %I% %E% %U% %D% %T%
    Licensed to the Apache Software Foundation (ASF) under one or more
    contributor license agreements.  See the NOTICE file distributed with
    this work for additional information regarding copyright ownership.
    The ASF licenses this file to You under the Apache License, Version 2.0
    (the "License"); you may not use this file except in compliance with
    the License.  You may obtain a copy of the License at

       http://www.apache.org/licenses/LICENSE-2.0

    Unless required by applicable law or agreed to in writing, software
    distributed under the License is distributed on an "AS IS" BASIS,
    WITHOUT WARRANTIES OR CONDITIONS OF ANY KIND, either express or implied.
    See the License for the specific language governing permissions and
    limitations under the License.

-->
<!DOCTYPE log4j:configuration SYSTEM "log4j.dtd">

<log4j:configuration xmlns:log4j="http://jakarta.apache.org/log4j/"
    debug="false">

	<appender name="CONSOLE" class="org.apache.log4j.ConsoleAppender">
		<param name="threshold" value="INFO" />
		<layout class="com.hp.uca.common.log.UcaPatternLayout">
			<param name="ConversionPattern" value="[%d{ISO8601}][%-5p][%v][%-10t]%m%n" />
		</layout>
	</appender>

	<appender name="FILE" class="org.apache.log4j.RollingFileAppender">
		<param name="threshold" value="TRACE" />
		<param name="File" value="${uca.expert.data}/logs/uca-ebc.log" />
		<param name="Append" value="true"/>
		<param name="MaxBackupIndex" value="2"/>
		<param name="MaxFileSize" value="500MB"/>
		<layout class="com.hp.uca.common.log.UcaPatternLayout">
			<param name="ConversionPattern" value="[%d{ISO8601}][%-5p][%v][%-10t][%-5c][%4L]%m%n" />
		</layout>
	</appender>

        <appender name="FORWARDED-ALARMS-FILE" class="org.apache.log4j.RollingFileAppender">
                <param name="threshold" value="TRACE" />
                <param name="File" value="${uca.expert.data}/logs/Forwarded-alarms-ToNOM.xml" />
                <param name="Append" value="true"/>
                <param name="MaxBackupIndex" value="2"/>
                <param name="MaxFileSize" value="100MB"/>
                <layout class="com.hp.uca.common.log.UcaPatternLayout">
                        <param name="ConversionPattern" value="[%d{ISO8601}][%-5p][%v][%-10t][%-5c][%4L]%m%n" />
                </layout>
        </appender>
        
        <logger name="com.att.gfp.decomposed.decomposedScenario" additivity="false">
                <level value="INFO" />
                <appender-ref ref="FILE" />
        </logger>

    <logger name="DecomposedAlarmVP.decomposedScenario" additivity="false">
        <level value="INFO" />
        <appender-ref ref="FILE" />
    </logger>
<!--
	<appender name="DB" class="org.apache.log4j.jdbcplus.JDBCAppender">
		<param name="layoutPartsDelimiter" value="#" />
		<param name="url" value="jdbc:hsqldb:${uca.expert.data}/logs/logDB;create=true;shutdown=true" />
		<param name="dbclass" value="org.hsqldb.jdbcDriver" />
		<param name="username" value="sa" />
		<param name="password" value="" />
		<param name="sql" value="INSERT INTO LOGS (prio, valuepack, cat, thread, msg, timestamp) VALUES ('@PRIO@', '@LAYOUT@', '@CAT@', '@THREAD@', '@MSG@ @THROWABLE@', '@TIMESTAMP@')" />
		<param name="throwableMaxChars" value="5000" />
		<param name="checkTable" value="LOGS" />
		<param name="checkKey" value="ID" />
		<param name="checkMaxRows" value="100000" />
		<param name="checkInterval" value="5000" />
		<layout class="com.hp.uca.common.log.UcaPatternLayout">
			<param name="ConversionPattern" value="%v" />
		</layout>
	</appender>
-->


	<appender name="ASYNCINCOMINGMSG" class="org.apache.log4j.AsyncAppender">
		<appender-ref ref="INCOMINGMSGFILE" />
	</appender>

<appender name="INCOMINGMSGFILE" class="org.apache.log4j.RollingFileAppender">
		<param name="threshold" value="INFO" />
		<param name="File" value="${uca.expert.data}/logs/uca-ebc-collector.log" />
		<!-- Max file size -->
		<param name="MaxFileSize" value="500MB" />
		<param name="MaxBackupIndex" value="2" />
		<layout class="org.apache.log4j.PatternLayout">
                        <param name="ConversionPattern" value="[%d{ISO8601}][%-5p][%v][%-10t][%-5c][%4L]%m%n" />
		</layout>
	</appender>

    <appender name="CHAINSAW" class="org.apache.log4j.net.SocketAppender">
         <!--param name="Name" value="UCA_Expert" /-->
         <param name="Port" value="4545"/> 
         <param name="RemoteHost" value="localhost"/> 
         <param name="ReconnectionDelay" value="60000"/> 
         <param name="Threshold" value="DEBUG"/> 
    </appender>

    <!-- ######################################## -->
    <!-- ######################################## -->
    <logger name="UCAEBC.Collector" additivity="false">
           <level value="INFO" />
           <appender-ref ref="ASYNCINCOMINGMSG" />
    </logger>

    <!-- ######################################## -->
    <!-- Detailed Traces for Value Pack Scenarios -->
    <!-- ######################################## -->

  <!--
      Uncomment the following in order to show
      detailed traces for your value pack scenarios.
      You need to update the name="myScenario" attribute
      with the actual name of your scenario
  -->

         <logger name="com.att.gfp.data.ipagPreprocess.preprocess" additivity="false">
               <level value="INFO" />
               
           <appender-ref ref="FILE" />
         </logger>
         
         <logger name="com.att.gfp.data.ipagPreprocess.preprocess.ExtendedLifeCycle" additivity="false">
               <level value="INFO" />
               
           <appender-ref ref="FILE" />
         </logger>
         
        <logger name="com.att.gfp.data.ipagPreprocess.preprocess.SAREAExtendedLifeCycle" additivity="false">
               <level value="INFO" />
               
           <appender-ref ref="FILE" />
         </logger>

        <logger name="com.att.gfp.data.ipag.topoModel.IpagTopoAccess" additivity="false">
               <level value="INFO" />
               
           <appender-ref ref="FILE" />
         </logger>

         <logger name="com.att.gfp.data.ipagPreprocess.externdata" additivity="false">
               <level value="INFO" />
               
           <appender-ref ref="FILE" />
         </logger>


		<logger name="com.att.gfp.helper.AlarmFileForwardingUtil" additivity="false">
                <level value="TRACE" />
                <appender-ref ref="FORWARDED-ALARMS-FILE" /> 
        </logger>
        
        <!-- Traces for NTDProcessing Value Pack - START -->

        <logger name="ntdProcessing.ntdProcessing" additivity="false">
                <level value="INFO" />
                
                <appender-ref ref="FILE" />
        </logger>

        <logger name="ntdProcessing.ntdProcessing.ExtendedTopoAccess" additivity="false">
                <level value="INFO" />
                
                <appender-ref ref="FILE" />
        </logger> 

        <logger name="ntdProcessing.ntdProcessing.ExtendedLifeCycle" additivity="false">
                <level value="INFO" />
                
                <appender-ref ref="FILE" />
        </logger>

        <!-- Traces for NTDProcessing Value Pack - END -->


        <!-- Traces for CienaVP - START -->

        <appender name="CIENA_VP_LOG" class="org.apache.log4j.RollingFileAppender">
                <param name="threshold" value="TRACE" />
                <param name="File" value="${uca.expert.data}/logs/uca-ebc-cienaVP.log" />
                <param name="Append" value="true"/>
                <param name="MaxBackupIndex" value="2"/>
                <param name="MaxFileSize" value="200MB"/>
                <layout class="com.hp.uca.common.log.UcaPatternLayout">
                        <param name="ConversionPattern" value="[%d{ISO8601}][%-5p][%v][%-10t][%-5c][%4L]%m%n" />
                </layout>
        </appender>

        <logger name="com.att.gfp.ciena.cienaScenario" additivity="false">
                <level value="INFO" />
                <appender-ref ref="CIENA_VP_LOG" />
                <appender-ref ref="FILE" />
        </logger>

    <logger name="CienaVP.cienaScenario"
        additivity="false">
        <level value="INFO" />
        <appender-ref ref="CIENA_VP_LOG" />
        <appender-ref ref="FILE" />
    </logger>

        <!-- Traces for CienaVP - END -->

        <!-- Traces for CienaPD - START -->

        <appender name="CIENA_PD_LOG" class="org.apache.log4j.RollingFileAppender">
                <param name="threshold" value="TRACE" />
                <param name="File" value="${uca.expert.data}/logs/uca-ebc-cienaPD.log" />
                <param name="Append" value="true"/>
                <param name="MaxBackupIndex" value="2"/>
                <param name="MaxFileSize" value="200MB"/>
                <layout class="com.hp.uca.common.log.UcaPatternLayout">
                        <param name="ConversionPattern" value="[%d{ISO8601}][%-5p][%v][%-10t][%-5c][%4L]%m%n" />
                </layout>
        </appender>

        <logger name="com.att.gfp.ciena.cienaPD" additivity="false">
                <level value="INFO" />
                <appender-ref ref="CIENA_PD_LOG" />
                <appender-ref ref="FILE" />
        </logger>

        <!-- Traces for CienaPD - END -->

  <!-- 
	 <logger name="myScenario" additivity="false">
	       <level value="INFO" />
	       
           <appender-ref ref="FILE" />
	 </logger>
  -->

    <logger name="juniperES.NTDTicketCorrelation" additivity="false">
        <level value="INFO" />
        
        <appender-ref ref="FILE" />
    </logger>

    <logger name="IpagJuniperES.NTDTicketCorrelation" additivity="false">
        <level value="INFO" />
        
        <appender-ref ref="FILE" />
    </logger>

    <logger name="juniperES.CFMProcessing" additivity="false">
        <level value="INFO" />
        
        <appender-ref ref="FILE" />
    </logger>

   <logger name="juniperES.JNXFRUOffline" additivity="false">
        <level value="INFO" />
        
        <appender-ref ref="FILE" />
    </logger>

   <logger name="com.att.gfp.data.juniperES.helper" additivity="false">
        <level value="INFO" />
        
        <appender-ref ref="FILE" />
    </logger>

   <logger name="juniperES.JuniperCompletion" additivity="false">
        <level value="INFO" />
        
        <appender-ref ref="FILE" />
    </logger>

   <logger name="juniperES.LACPTimeout" additivity="false">
        <level value="INFO" />
        
        <appender-ref ref="FILE" />
    </logger>

  <logger name="juniperES.VRFProcessing.JuniperVRFExtendedLifeCycle" additivity="false">
        <level value="INFO" />
        
        <appender-ref ref="FILE" />
    </logger>
 
  <logger name="juniperES.VRFProcessing" additivity="false">
        <level value="INFO" />
        
        <appender-ref ref="FILE" />
    </logger>


  <logger name="com.att.gfp.data.ipag.topoModel.IpagJuniperLinkDownTopoAccess" additivity="false">
        <level value="DEBUG" />
        
        <appender-ref ref="FILE" />
    </logger>

  <logger name="com.att.gfp.data.ipag.topoModel.NodeManager" additivity="false">
        <level value="INFO" />
        
        <appender-ref ref="FILE" />
    </logger>


    <logger name="com.hp.uca.expert.vp.pd.core.JuniperLinkDown_ProblemDefault" additivity="false">
        <level value="INFO" />
        
        <appender-ref ref="FILE" />
    </logger>

    <logger name="com.att.gfp.helper.GFPUtil" additivity="false">
        <level value="TRACE" />
        
        <appender-ref ref="FILE" />
    </logger>

    <logger name="com.att.gfp.helper.AdtranPportAlarmProcessor" additivity="false">
        <level value="INFO" />
        
        <appender-ref ref="FILE" /> 
    </logger>
 
    <logger name="com.att.gfp.actions.GFPJuniperLinkDownActionsFactory" additivity="false">
        <level value="INFO" />
        
        <appender-ref ref="FILE" />
    </logger>


    <logger name="com.att.gfp.data.ipag.JunipertopoModel.IpagJuniperESTopoAccess" additivity="false">
        <level value="DEBUG" />
        
        <appender-ref ref="FILE" />
    </logger>

    <logger name="com.att.gfp.data.ipagJuniperAlarm.EnrichedNTDAlarm" additivity="false">
        <level value="INFO" />
        
        <appender-ref ref="FILE" /> 
    </logger>

    <logger name="com.att.gfp.data.ipag.JunipertopoModel.NTDTickets" additivity="false">
        <level value="INFO" />
        
        <appender-ref ref="FILE" />
    </logger>

	<logger name="com.hp.uca.expert.vp.pd.problem.AdtranTrapsCorrelator"
		additivity="false">
		<level value="INFO" />  
		
		<appender-ref ref="FILE"/>
	</logger>
	<logger name="com.att.gfp.helper.service_util"
		additivity="false">
		<level value="TRACE" />
		
        <appender-ref ref="FILE"/>
	</logger>
	
	<logger name="com.att.gfp.data.util.service_util"
		additivity="false">
		<level value="TRACE" />
		
        <appender-ref ref="FILE"/>
	</logger>

    <logger name="com.att.gfp.data.util.PurgeIntervalHelper"
        additivity="false">
        <level value="INFO" />  
        
        <appender-ref ref="FILE" /> 
    </logger>
    
    <logger name="com.att.gfp.data.util.PreprocessHelper"
        additivity="false">
        <level value="INFO" />  
        
        <appender-ref ref="FILE" /> 
    </logger>

	<logger name="com.att.gfp.data.ipag.decomposition.DecomposableAlarm"
		additivity="false">
		<level value="INFO" />
		
        <appender-ref ref="FILE"/>
	</logger>
	<logger name="com.att.gfp.data.ipag.decomposition.DecomposableJuniperPport"
		additivity="false">
		<level value="INFO" />
		
        <appender-ref ref="FILE"/>
	</logger>
	<logger name="com.att.gfp.data.ipag.decomposition.DecomposableCienaPport"
		additivity="false">
		<level value="INFO" />
		
        <appender-ref ref="FILE"/> 
	</logger>
	<logger name="com.att.gfp.data.ipag.decomposition.DecomposablePport"
		additivity="false">
		<level value="INFO" />
		
        <appender-ref ref="FILE"/>
	</logger>
	<logger name="com.att.gfp.data.ipag.decomposition.Decomposer"
		additivity="false">
		<level value="INFO" />
		
        <appender-ref ref="FILE"/>
	</logger>

	<logger name="com.hp.uca.expert.vp.pd.problem.AdtranCorrelationExtendedLifeCycle"
		additivity="false">
		<level value="INFO" /> 
		
		<appender-ref ref="FILE"/>
	</logger>

	<logger name="com.hp.uca.expert.vp.pd.core.AdtTrapsCorrProblemDefault"
		additivity="false">
		<level value="INFO" />  
		
		<appender-ref ref="FILE"/>
	</logger>
	<logger name="com.att.gfp.data.ipagAlarm.EnrichedAdtranAlarm"
		additivity="false">
		<level value="INFO" />
		
   		<appender-ref ref="FILE"/>
	</logger>
	<logger name="com.att.gfp.actions.AdtGFPActionsFactory"
		additivity="false">
		<level value="INFO" />    
		 
  		<appender-ref ref="FILE"/>
	</logger> 



    <logger name="com.att.gfp.data.ipagAlarm.EnrichedJuniperAlarm" additivity="false">
        <level value="INFO" />
        
        <appender-ref ref="FILE" />
    </logger>

    <logger name="com.hp.uca.expert.vp.pd.core.JnxLacp_ProblemDefault" additivity="false">
        <level value="INFO" />
        
        <appender-ref ref="FILE" />
    </logger>
    
    <logger name="com.hp.uca.expert.vp.pd.core.PriSec_ProblemDefault" additivity="false">
        <level value="INFO" />
        
        <appender-ref ref="FILE" />
    </logger>

   <logger name="com.hp.uca.expert.vp.pd.problem.PriSecExtendedLifeCycle" additivity="false">
        <level value="INFO" />
        
        <appender-ref ref="FILE" />
    </logger>

   <logger name="com.hp.uca.expert.vp.pd.problem.JuniperLD_OAM_LAG" additivity="false">
        <level value="INFO" />
        
        <appender-ref ref="FILE" />
    </logger>

   <logger name="com.hp.uca.expert.vp.pd.problem.OspfProblem" additivity="false">
        <level value="INFO" />
        
        <appender-ref ref="FILE" />
    </logger>

    <logger name="com.att.gfp.actions.PriSecActionsFactory" additivity="false">
        <level value="INFO" />
        
        <appender-ref ref="FILE" />
    </logger>
	
   <logger name="com.att.gfp.data.ipagAlarm.Pri_Sec_Alarm" additivity="false">
		<level value="INFO" />
		
		<appender-ref ref="FILE"/>
   </logger>	

    <logger name="com.hp.uca.expert.vp.pd.problem.JuniperLinkDownExtendedLifeCycle" additivity="false">
        <level value="INFO" />
        
        <appender-ref ref="FILE" />
    </logger>

    <logger name="com.hp.uca.expert.vp.pd.problem.A_Z_AlarmProcessing" additivity="false">
        <level value="INFO" />
        
        <appender-ref ref="FILE" />
    </logger>

    <logger name="com.hp.uca.expert.vp.pd.problem.AAF_DA_AlarmProcessing" additivity="false">
        <level value="INFO" />
        
        <appender-ref ref="FILE" />
    </logger>

    <logger name="com.hp.uca.expert.vp.pd.problem.Device_LAG_Suppression" additivity="false">
        <level value="INFO" />
        
        <appender-ref ref="FILE" />
    </logger>

    <logger name="com.hp.uca.expert.vp.pd.problem.Unreachable_PPORT_Correlation" additivity="false">
        <level value="INFO" />
        
        <appender-ref ref="FILE" />
    </logger>

    <logger name="com.hp.uca.expert.vp.pd.problem.Severity_Correlation" additivity="false">
        <level value="INFO" />
        
        <appender-ref ref="FILE" />
    </logger>
    
    <logger name="com.hp.uca.expert.vp.pd.problem.Util" additivity="false">
        <level value="INFO" />
        
        <appender-ref ref="FILE" />
    </logger>

    <logger name="com.hp.uca.expert.vp.pd.problem.OAM_LAG_Suppression" additivity="false">
        <level value="INFO" />
        
        <appender-ref ref="FILE" />
    </logger>

    <logger name="com.hp.uca.expert.vp.pd.problem.Other_LinkDown_AlarmSuppression" additivity="false">
        <level value="INFO" />
        
        <appender-ref ref="FILE" />
    </logger>

    <logger name="com.hp.uca.expert.vp.pd.problem.BgpProblem" additivity="false">
        <level value="INFO" />
        
        <appender-ref ref="FILE" />
    </logger>

    <logger name="com.hp.uca.expert.vp.pd.problem.VpnInterfaceProblem" additivity="false">
        <level value="INFO" />
        
        <appender-ref ref="FILE" />
    </logger>
    
    <logger name="com.hp.uca.expert.vp.pd.problem.Ciena_Syslog_OAM_PriSec" additivity="false">
        <level value="INFO" />
        
        <appender-ref ref="FILE" />
    </logger>

    <logger name="com.hp.uca.expert.vp.pd.core.ProblemDefault" additivity="false">
        <level value="INFO" />
        
        <appender-ref ref="FILE" />
    </logger>

    <logger name="com.hp.uca.expert.vp.pd.problem" additivity="false">
        <level value="INFO" />
        
        <appender-ref ref="FILE" />
    </logger>

    <logger name="com.att.gfp.actions.JuniperSyslogActionsFactory" additivity="false">
        <level value="INFO" />
        
        <appender-ref ref="FILE" />
    </logger>

    <logger name="com.att.gfp.data.ipag.topoModel" additivity="false">
        <level value="DEBUG" />
        
        <appender-ref ref="FILE" />
    </logger>

    <logger name="com.hp.uca.expert.vp.pd.core.JuniperSyslog_ProblemDefault" additivity="false">
        <level value="INFO" />
        
        <appender-ref ref="FILE" />
    </logger>
    
    <logger name="com.hp.uca.expert.vp.pd.core.JuniperSyslog_BFDOWN_Default" additivity="false">
        <level value="INFO" />
        
        <appender-ref ref="FILE" />
    </logger>
    
    <logger name="com.att.gfp.data.ipagAlarm.SyslogAlarm"
                additivity="false">
                <level value="INFO" />
                
                <appender-ref ref="FILE"/>
   </logger>


<!--  THIS ENTRY CAUSES LOGGING TO STOP 
        
        <appender-ref ref="FILE" />
    </logger>
-->

    <logger name="com.hp.uca.expert.vp.pd.ProblemDetection" additivity="false">
        <level value="INFO" />
        
        <appender-ref ref="FILE" />
    </logger>

    <logger name="com.hp.uca.expert.vp.pd" additivity="false">
        <level value="INFO" />
        
        <appender-ref ref="FILE" />
    </logger>
    <logger name="com.hp.uca.expert.problem" additivity="false">
        <level value="INFO" />
        
        <appender-ref ref="FILE" />
    </logger>
    <logger name="com.hp.uca.expert.vp.pd.custom" additivity="false">
        <level value="INFO" />
        
        <appender-ref ref="FILE" />
    </logger>
    <logger name="com.hp.uca.expert.vp.pd.services" additivity="false">
        <level value= "INFO" />
        
        <appender-ref ref="FILE" />
    </logger>
    <logger name="com.hp.uca.expert.vp.pd.core.CustomDefault" additivity="false">
        <level value= "INFO" />
        
        <appender-ref ref="FILE" />
    </logger>
    <logger name="com.hp.uca.expert.vp.pd.core.PD_Action"
        additivity="false">
        <level value="INFO" />
        
        <appender-ref ref="FILE" />
    </logger>
    <logger name="com.hp.uca.expert.vp.pd.core.PD_ActionCallback"
        additivity="false">
        <level value="INFO" />
        
        <appender-ref ref="FILE" />
    </logger>

    <logger name="com.hp.uca.expert.vp.pd.core.PD_AlarmRecognition" additivity="false">
        <level value="INFO" />
        
        <appender-ref ref="FILE" />
    </logger>
    <logger name="com.hp.uca.expert.vp.pd.core.PD_Lifecycle" additivity="false">
        <level value="INFO" />
        
        <appender-ref ref="FILE" />
    </logger>
    <logger name="com.hp.uca.expert.vp.pd.core.PD_Navigation" additivity="false">
        <level value="INFO" />
        
        <appender-ref ref="FILE" />
    </logger>

    <logger name="com.hp.uca.expert.vp.pd.core.PD_Process" additivity="false">
        <level value="INFO" />
        
        <appender-ref ref="FILE" />
    </logger> 
    <logger name="com.hp.uca.expert.vp.pd.core.ProblemDetection"
        additivity="false">
        <level value="INFO" />
        
        <appender-ref ref="FILE" />
    </logger>


    <!-- ######################################## -->
    <!-- Detailed Traces for UCA Main Components  -->
    <!-- ######################################## -->

    <logger name="com.hp" additivity="false">
        <level value="INFO" />
        
        <appender-ref ref="FILE" />
    </logger>

    <logger name="org.neo4j" additivity="false">
        <level value="INFO" />
        
        <appender-ref ref="FILE" />
    </logger>

    <logger name="com.hp.uca.common.trace.SpecificLogManager"
        additivity="false">
        <level value="INFO" />
        
        <appender-ref ref="FILE" />
    </logger>

    <logger name="com.hp.uca.common.clazz.classload" additivity="false">
        <level value="INFO" />
        
        <appender-ref ref="FILE" />
    </logger>

    <logger name="com.hp.uca.expert.vp.internal.ValuePackManager" additivity="false">
        <level value="INFO" />
        
        <appender-ref ref="FILE" />
    </logger>

	<logger name="com.hp.uca.expert.vp.internal.ValuePackLoader" additivity="false">
		<level value="DEBUG" />
		
		<appender-ref ref="FILE" />
	</logger>

	<logger name="com.hp.uca.expert.vp.internal.ValuePackApplicationContext" additivity="false">
		<level value="DEBUG" />
		
		<appender-ref ref="FILE" />
	</logger>

	<logger name="com.hp.uca.expert.vp.file.ValuePackFileScanThread" additivity="false">
		<level value="INFO" />
		
		<appender-ref ref="FILE" />
	</logger>
	
	<logger name="com.hp.uca.expert.filter"
        additivity="false">
        <level value="WARN" />
        
        <appender-ref ref="FILE" />
  </logger>
	
  <!-- AutopassJ (Licensing component) logger -->
  <logger name="com.hp.autopassj"
        additivity="false">
        <level value="WARN" />
        
        <appender-ref ref="FILE" />
  </logger>

    <!--
        Please, do not modify this logger, it is used by uca-expert and
        uca-expert_stop tools
    -->
    <logger name="com.hp.uca.expert.engine.Bootstrap" additivity="false">
        <level value="INFO" />
        <appender-ref ref="FILE" />
    </logger>

    <logger name="com.hp.uca.expert.engine.PropertyWrapper" additivity="false">
        <level value="INFO" />
        <appender-ref ref="FILE" />
    </logger>


    <!-- ############################ -->
    <!-- Detailed Traces Uca Scenarios -->
    <!-- ############################ -->
    <logger name="com.hp.uca.expert.scenario.internal.ScenarioImpl" additivity="false">
        <level value="INFO" />
        
        <appender-ref ref="FILE" />
    </logger>

    <logger name="com.hp.uca.expert.watchdog.WatchdogThread" additivity="false">
        <level value="INFO" />
        
        <appender-ref ref="FILE" />
    </logger>

    <logger name="com.hp.uca.expert.engine.rulesession.internal.RuleSession"
        additivity="false">
        <level value="INFO" />
        
        <appender-ref ref="FILE" />
    </logger>
    
    <logger name="com.hp.uca.expert.rulesession.internal.WMAgendaEventListener"
        additivity="false">
        <level value="INFO" />
        
        <appender-ref ref="FILE" />
    </logger>

    <logger name="com.hp.uca.expert.rulesession.internal.WMEventListener"
        additivity="false">
        <level value="INFO" />
        
        <appender-ref ref="FILE" />
    </logger>

    <logger name="com.hp.uca.expert.lifecycle.LifeCycleAnalysis"
        additivity="false">
        <level value="INFO" />
        
        <appender-ref ref="FILE" />
    </logger>

    <!-- ############################ -->
    <!-- Detailed Traces Uca Components -->
    <!-- ############################ -->

    
    <logger name="com.hp.uca.expert.alarm.FileAlarmForwarder"
        additivity="false">
        <level value="INFO" />
        
        <appender-ref ref="FILE" />
    </logger>

    <logger name="com.hp.uca.expert.alarm.JMSAlarmForwarder"
        additivity="false">
        <level value="INFO" />
        
        <appender-ref ref="FILE" />
    </logger>

    <logger name="com.hp.uca.expert.alarm.OpenMediationAlarmForwarder"
        additivity="false">
        <level value="INFO" />
        
        <appender-ref ref="FILE" />
    </logger>
    
    
    <logger name="com.hp.uca.expert.collector.alarm.AlarmCollector"
        additivity="false">
        <level value="INFO" />
        
        <appender-ref ref="FILE" />
    </logger>
    
    <logger name="com.hp.uca.expert.group.Groups" additivity="false">
        <level value="INFO" />
        
        <appender-ref ref="FILE" />
    </logger>

    <logger name="com.hp.uca.mediation.action.client.Action"
        additivity="false">
        <level value="INFO" />
        
        <appender-ref ref="FILE" />
    </logger>



    <!-- ############################ -->
    <!-- Detailed Traces Uca ClassLoader -->
    <!-- ############################ -->
    <logger name="com.hp.uca.common.clazz" additivity="false">
        <level value="INFO" />
        
        <appender-ref ref="FILE" />
    </logger>

    <logger name="com.hp.uca.common.clazz.UcaClassLoader"
        additivity="false">
        <level value="INFO" />
        
        <appender-ref ref="FILE" />
    </logger>

    <logger name="com.hp.uca.common.clazz.UcaClassDeclaration"
        additivity="false">
        <level value="INFO" />
        
        <appender-ref ref="FILE" />
    </logger>

    <logger name="com.hp.uca.common.clazz.ClassInformation"
        additivity="false">
        <level value="WARN" />
        
        <appender-ref ref="FILE" />
    </logger>

    <logger name="com.hp.uca.common.clazz.ClassViewer" additivity="false">
        <level value="WARN" />
        
        <appender-ref ref="FILE" />
    </logger>

    <logger name="com.hp.uca.common.clazz.PackageViewer" additivity="false">
        <level value="INFO" />
        
        <appender-ref ref="FILE" />
    </logger>

    <logger name="com.hp.uca.ebc.cypher.tester" additivity="false">
        <level value="INFO" />
        
        <appender-ref ref="FILE" />
    </logger>


    <!-- ############################ -->
    <!-- Third Party Products Internals -->
    <!-- ############################ -->
    <logger name="org.springframework.test" additivity="false">
        <level value="OFF" />
        
        <appender-ref ref="FILE" />
    </logger>

    <logger name="org.springframework.beans" additivity="false">
        <level value="WARN" />
        
        <appender-ref ref="FILE" />
    </logger>

    <logger name="org.springframework.remoting" additivity="false">
        <level value="WARN" />
        
        <appender-ref ref="FILE" />
    </logger>

    <logger name="org.springframework.jmx" additivity="false">
        <level value="WARN" />
        
        <appender-ref ref="FILE" />
    </logger>

    <logger name="org.springframework.jms" additivity="false">
        <level value="WARN" />
        
        <appender-ref ref="FILE" />
    </logger>

    <logger name="org.springframework.context" additivity="false">
        <level value="WARN" />
        
        <appender-ref ref="FILE" />
    </logger>

    <logger name="org.springframework.orm" additivity="false">
        <level value="WARN" />
        
        <appender-ref ref="FILE" />
    </logger>

    <logger name="org.apache.activemq" additivity="false">
        <level value="WARN" />
        
        <appender-ref ref="FILE" />
    </logger>

    <logger name="org.hibernate" additivity="false">
        <level value="WARN" />
        
        <appender-ref ref="FILE" />
    </logger>
    
    

  

    <!-- #### -->
    <!-- Root -->
    <!-- #### -->
    <root>
        <level value="ERROR" />
        
        <appender-ref ref="FILE" />
        <!--  appender-ref ref="ASYNCINCOMINGMSG"/-->
    </root>

</log4j:configuration>
    <!--

        Log4J Configuration Quick Reference:
        ==================================== Priority order is DEBUG < INFO <
        WARN < ERROR < FATAL PatternLayout conversion characters: %c Category
        of the logging event %C Fully qualified class name of the caller %d
        Date of the logging event (example: %d{HH:mm:ss,SSS} ) %F File name
        where the logging request was issued (caution: extremely slow) %l
        Location information of the caller (caution: extremely slow) %L Line
        number from where the logging request was issued (caution: extremely
        slow) %m Application-supplied message %M Method name from where the
        logging request was issued (caution: extremely slow) %n Line separator
        %p Priority of the logging event %r Number of milliseconds since the
        start of the application %t Name of the thread that generated the
        logging event %x Nested diagnotic context associated with the thread
        %% A single percent sign Format modifiers examples: %20c Left pad with
        spaces if category is less than 20 characters long %-20c Right pad
        with spaces if category is less than 20 characters long %.30c Truncate
        from the beginning if category is more than 30 chars long %20.30c Left
        pad 20 chars + truncate from beginning if more than 30 chars %-20.30c
        Right pad 20 chars + truncate from beginning if more than 30 chars

        Examples: "%r [%t] %-5p %c %x - %m\n" "%-6r [%15.15t] %-5p %30.30c %x
        - %m\n"
    -->
