[
	{
		"event":{
			"eventHeader":{
				"timestamps":{
					"timestamp":[
						{
							"componentName":"roamvpdev02a",
							"datetime":"Mon, 11 Jan 2016 17:28:27 GMT+00:00"
						}
						
					]
					
				},
				"sourceName":"roamvpdev02a",
				"domain":"fault",
				"severity":"Critical",
				"Id":"roamvpdev02a",
				"eventType":"GFP-CPE-UCPE-VMS-ALARMS-DEV",
				"sourceId":" "
			},
			"faultFields":{
				"eventSourceType":"other",
				"specificProblem":"Device fails to respond to ping",
				"alarmCondition":"pingResponseState",
				"eventSourceHostname":"BR19",
				"alarmObjectInterface":"",
				"alarmRemoteObjectInterface":"",
				"alarmAdditionalInfo":[
					{
						"eventSourceAddress":"173.1.2.129",
						"subObject":"vjunos0"
					}
					
				]
				
			}
			
		}
	},
	
	{
		"event":{
			"eventHeader":{
				"timestamps":{
					"timestamp":[
						{
							"componentName":"roamvpdev02a",
							"datetime":"Mon, 11 Jan 2016 17:28:27 GMT+00:00"
						}
						
					]
					
				},
				"sourceName":"roamvpdev02a",
				"domain":"fault",
				"severity":"Critical",
				"Id":"roamvpdev02a",
				"eventType":"GFP-CPE-UCPE-VMS-ALARMS-DEV",
				"sourceId":" "
			},
			"faultFields":{
				"eventSourceType":"other",
				"specificProblem":"SNMP Agent is Unresponsive",
				"alarmCondition":"snmpResponseState",
				"eventSourceHostname":"BR20_pnf",
				"alarmObjectInterface":"",
				"alarmRemoteObjectInterface":"",
				"alarmAdditionalInfo":[
					{
						
					}
					
				]
				
			}
			
		}
		
	},
	
	{
		"event":{
			"eventHeader":{
				"timestamps":{
					"timestamp":[
						{
							"componentName":"roamvpdev02a",
							"datetime":"Mon, 11 Jan 2016 17:28:27 GMT+00:00"
						}
						
					]
					
				},
				"sourceName":"roamvpdev02a",
				"domain":"fault",
				"severity":"Critical",
				"Id":"roamvpdev02a",
				"eventType":"GFP-CPE-UCPE-VMS-ALARMS-DEV",
				"sourceId":" "
			},
			"faultFields":{
				"eventSourceType":"other",
				"specificProblem":"SNMP Agent is Unresponsive",
				"alarmCondition":"snmpResponseState",
				"eventSourceHostname":"BR20_pnf",
				"alarmObjectInterface":"",
				"alarmRemoteObjectInterface":"",
				"alarmAdditionalInfo":[
					{
						
					}
					
				]
				
			}
			
		}
		
	},
	
	{
		"event":{
			"eventHeader":{
				"timestamps":{
					"timestamp":[
						{
							"componentName":"roamvpdev02a",
							"datetime":"Mon, 11 Jan 2016 17:28:27 GMT+00:00"
						}
						
					]
					
				},
				"sourceName":"roamvpdev02a",
				"domain":"fault",
				"severity":"Critical",
				"Id":"roamvpdev02a",
				"eventType":"GFP-CPE-UCPE-VMS-ALARMS-DEV",
				"sourceId":" "
			},
			"faultFields":{
				"eventSourceType":"other",
				"specificProblem":"SNMP Agent is Unresponsive",
				"alarmCondition":"snmpResponseState",
				"eventSourceHostname":"BR20_pnf",
				"alarmObjectInterface":"",
				"alarmRemoteObjectInterface":"",
				"alarmAdditionalInfo":[
					{
						
					}
					
				]
				
			}
			
		}
		
	},
	
	{
		"event":{
			"eventHeader":{
				"timestamps":{
					"timestamp":[
						{
							"componentName":"roamvpdev02a",
							"datetime":"Mon, 11 Jan 2016 17:28:27 GMT+00:00"
						}
						
					]
					
				},
				"sourceName":"roamvpdev02a",
				"domain":"fault",
				"severity":"Critical",
				"Id":"roamvpdev02a",
				"eventType":"GFP-CPE-UCPE-VMS-ALARMS-DEV",
				"sourceId":" "
			},
			"faultFields":{
				"eventSourceType":"other",
				"specificProblem":"SNMP Agent is Unresponsive",
				"alarmCondition":"cardDown",
				"eventSourceHostname":"BR20_pnf",
				"alarmObjectInterface":"",
				"alarmRemoteObjectInterface":"",
				"alarmAdditionalInfo":[
					{
						
					}
					
				]
				
			}
			
		}
		
	},
	
	{
		"cambria.partition":"roamvpdev02a",
		"agent address":"164.120.180.1",
		"agent name":"135.89.33.29",
		"time received":"1439392775",
		"epoch_serno":"14393927750000",
		"protocol version":"v1",
		"community len":"6",
		"community":"public",
		"trap category":"UNCONFIGURED",
		"notify OID len":"14",
		"notify OID":".1.3.6.1.4.1.5003.9.10.1.21.2.0.53",
		"varbinds":[
			{
				"varbind_oid":".1.3.6.1.4.1.5003.9.10.1.21.2.1",
				"varbind_type":"integer",
				"varbind_value":"1"
			},
			{
				"varbind_oid":".1.3.6.1.4.1.5003.9.10.1.21.2.2",
				"varbind_type":"octet",
				"varbind_value":"varbind3"
			},
			{
				"varbind_oid":".1.3.6.1.4.1.5003.9.10.1.21.2.3",
				"varbind_type":"ipaddress",
				"varbind_value":"164.120.180.1"
			},
			{
				"varbind_oid":".1.3.6.1.4.1.5003.9.10.1.21.2.3",
				"varbind_type":"ipaddress",
				"varbind_value":"2001:1890:f800:8016::c:82"
			}
			
		]
		
	},
	
	{
		"cambria.partition":"roamvpdev02a",
		"agent address":"164.120.180.1",
		"agent name":"135.89.33.29",
		"time received":"1439392775",
		"epoch_serno":"14393927750000",
		"protocol version":"v1",
		"community len":"6",
		"community":"public",
		"trap category":"UNCONFIGURED",
		"notify OID len":"14",
		"notify OID":".1.3.6.1.4.1.5003.9.10.1.21.2.0.53",
		"varbinds":[
			{
				"varbind_oid":".1.3.6.1.4.1.5003.9.10.1.21.2.1",
				"varbind_type":"integer",
				"varbind_value":"1"
			},
			{
				"varbind_oid":".1.3.6.1.4.1.5003.9.10.1.21.2.2",
				"varbind_type":"octet",
				"varbind_value":"varbind3"
			},
			{
				"varbind_oid":".1.3.6.1.4.1.5003.9.10.1.21.2.3",
				"varbind_type":"ipaddress",
				"varbind_value":"164.120.180.1"
			},
			{
				"varbind_oid":".1.3.6.1.4.1.5003.9.10.1.21.2.3",
				"varbind_type":"ipaddress",
				"varbind_value":"2001:1890:f800:8016::c:82"
			}
		]
	},
	
	{
		"cambria.partition":"roamvpdev02a",
		"agent address":"164.120.180.1",
		"agent name":"135.89.33.29",
		"time received":"1439392775",
		"epoch_serno":"14393927750000",
		"protocol version":"v1",
		"community len":"6",
		"community":"public",
		"trap category":"UNCONFIGURED",
		"notify OID len":"14",
		"notify OID":".1.3.6.1.4.1.5003.9.10.1.21.2.0.53",
		"varbinds":[
			{
				"varbind_oid":".1.3.6.1.4.1.5003.9.10.1.21.2.1",
				"varbind_type":"integer",
				"varbind_value":"1"
			},
			{
				"varbind_oid":".1.3.6.1.4.1.5003.9.10.1.21.2.2",
				"varbind_type":"octet",
				"varbind_value":"varbind3"
			},
			{
				"varbind_oid":".1.3.6.1.4.1.5003.9.10.1.21.2.3",
				"varbind_type":"ipaddress",
				"varbind_value":"164.120.180.1"
			},
			{
				"varbind_oid":".1.3.6.1.4.1.5003.9.10.1.21.2.3",
				"varbind_type":"ipaddress",
				"varbind_value":"2001:1890:f800:8016::c:82"
			}
			
		]
		
	}
]