<configuration scan="true" scanPeriod="30 seconds">

	<appender name="STDOUT" class="ch.qos.logback.core.ConsoleAppender">
        <layout class="ch.qos.logback.classic.PatternLayout">
            <Pattern>%d{HH:mm:ss.SSS} [%thread] %-5level %logger{36} - %msg%n</Pattern>
        </layout>
    </appender>
    
    <property name="LOG_DIR" value="logs" />
    
	<appender name="metricsAppender" class="ch.qos.logback.core.rolling.RollingFileAppender">
		<file>${LOG_DIR}/metrics.log</file>
		<rollingPolicy class="ch.qos.logback.core.rolling.SizeAndTimeBasedRollingPolicy">
			<!-- rollover daily -->
			<fileNamePattern>${LOG_DIR}/metrics-%d{yyyy-MM-dd}.%i.log.gz</fileNamePattern>
			<!-- each file should be at most 100MB, keep 10 days worth of history, but at most 1GB (can also use KB or just num of bytes) -->
			<maxFileSize>100MB</maxFileSize>
			<maxHistory>10</maxHistory>
			<totalSizeCap>1GB</totalSizeCap>
		</rollingPolicy>
		<layout class="ch.qos.logback.classic.PatternLayout">
			<pattern>%d{yyyy-MM-dd'T'HH:mm:ss.SSS+00:00}|%d{yyyy-MM-dd'T'HH:mm:ss.SSS+00:00}|%m%n</pattern>
		</layout>
	</appender>
	
		<appender name="debugAppender" class="ch.qos.logback.core.rolling.RollingFileAppender">
		<file>${LOG_DIR}/debug.log</file>
		<rollingPolicy class="ch.qos.logback.core.rolling.SizeAndTimeBasedRollingPolicy">
			<!-- rollover daily -->
			<fileNamePattern>${LOG_DIR}/debug-%d{yyyy-MM-dd}.%i.log.gz</fileNamePattern>
			<!-- each file should be at most 100MB, keep 10 days worth of history, but at most 1GB (can also use KB or just num of bytes) -->
			<maxFileSize>100MB</maxFileSize>
			<maxHistory>10</maxHistory>
			<totalSizeCap>1GB</totalSizeCap>
		</rollingPolicy>
		<layout class="ch.qos.logback.classic.PatternLayout">
			<pattern>%d{yyyy-MM-dd'T'HH:mm:ss.SSS+00:00}|%d{yyyy-MM-dd'T'HH:mm:ss.SSS+00:00}|%m%n</pattern>
		</layout>
	</appender>

	<logger name="metricsLogger" level="info" additivity="false">
		<appender-ref ref="metricsAppender" />
	</logger>
	
	<logger name="debugLogger" level="debug" additivity="false">
		<appender-ref ref="debugAppender" />
	</logger>

	<root level="info">
		<!-- <appender-ref ref="STDOUT" /> -->
		<appender-ref ref="debugAppender" />
	</root>

</configuration>