<?xml version="1.0" encoding="UTF-8"?>

<!-- For assistance related to logback-translator or configuration  -->
<!-- files in general, please contact the logback user mailing list -->
<!-- at http://www.qos.ch/mailman/listinfo/logback-user             -->
<!--                                                                -->
<!-- For professional support please see                            -->
<!--    http://www.qos.ch/shop/products/professionalSupport         -->
<!--                                                                -->
<configuration>
  <!-- Errors were reported during translation. -->
  <!-- Could not find transformer for org.apache.log4j.rolling.RollingFileAppender -->
  <!-- Could not find transformer for org.apache.log4j.rolling.RollingFileAppender -->
  <!-- Could not find transformer for org.apache.log4j.rolling.RollingFileAppender -->
  <!-- Could not find transformer for org.apache.log4j.rolling.RollingFileAppender -->
  <!-- Could not find transformer for org.apache.log4j.rolling.RollingFileAppender -->
  <appender name="metricsAppender" class="org.apache.log4j.rolling.RollingFileAppender">
    <threshold>info</threshold>
    <rollingPolicy.FileNamePattern>${log_dir}/metrics-%i.log.gz</rollingPolicy.FileNamePattern>
    <rollingPolicy>org.apache.log4j.rolling.FixedWindowRollingPolicy</rollingPolicy>
    <triggeringPolicy.MaxFileSize>10485760</triggeringPolicy.MaxFileSize>
    <rollingPolicy.ActiveFileName>${log_dir}/metrics.log</rollingPolicy.ActiveFileName>
    <triggeringPolicy>org.apache.log4j.rolling.SizeBasedTriggeringPolicy</triggeringPolicy>
    <rollingPolicy.maxIndex>2</rollingPolicy.maxIndex>
    <layout class="ch.qos.logback.classic.PatternLayout">
      <pattern>%d{yyyy-MM-dd'T'HH:mm:ss.SSS+00:00}|%d{yyyy-MM-dd'T'HH:mm:ss.SSS+00:00}|%m%n</pattern>
    </layout>
  </appender>
  <appender name="errorAppender" class="org.apache.log4j.rolling.RollingFileAppender">
    <rollingPolicy.ActiveFileName>${log_dir}/error.log</rollingPolicy.ActiveFileName>
    <triggeringPolicy>org.apache.log4j.rolling.SizeBasedTriggeringPolicy</triggeringPolicy>
    <rollingPolicy.maxIndex>5</rollingPolicy.maxIndex>
    <rollingPolicy>org.apache.log4j.rolling.FixedWindowRollingPolicy</rollingPolicy>
    <rollingPolicy.FileNamePattern>${log_dir}/error-%i.log.gz</rollingPolicy.FileNamePattern>
    <threshold>error</threshold>
    <triggeringPolicy.MaxFileSize>10485760</triggeringPolicy.MaxFileSize>
    <layout class="ch.qos.logback.classic.PatternLayout">
      <pattern>%d{yyyy-MM-dd'T'HH:mm:ss.SSS+00:00}|%m%n</pattern>
    </layout>
  </appender>
  <appender name="debugAppender" class="org.apache.log4j.rolling.RollingFileAppender">
    <rollingPolicy.FileNamePattern>${log_dir}/debug-%i.log.gz</rollingPolicy.FileNamePattern>
    <triggeringPolicy>org.apache.log4j.rolling.SizeBasedTriggeringPolicy</triggeringPolicy>
    <threshold>debug</threshold>
    <triggeringPolicy.MaxFileSize>104857600</triggeringPolicy.MaxFileSize>
    <rollingPolicy.ActiveFileName>${log_dir}/debug.log</rollingPolicy.ActiveFileName>
    <rollingPolicy.maxIndex>10</rollingPolicy.maxIndex>
    <rollingPolicy>org.apache.log4j.rolling.FixedWindowRollingPolicy</rollingPolicy>
    <layout class="ch.qos.logback.classic.PatternLayout">
      <pattern>%d{yyyy-MM-dd'T'HH:mm:ss.SSS+00:00}|%m%n</pattern>
    </layout>
  </appender>
  <appender name="archiveAppender" class="org.apache.log4j.rolling.RollingFileAppender">
    <rollingPolicy>org.apache.log4j.rolling.FixedWindowRollingPolicy</rollingPolicy>
    <rollingPolicy.maxIndex>5</rollingPolicy.maxIndex>
    <rollingPolicy.FileNamePattern>${archive_dir}/cpsyslog_archive-%i.log.gz</rollingPolicy.FileNamePattern>
    <threshold>debug</threshold>
    <triggeringPolicy.MaxFileSize>10485760</triggeringPolicy.MaxFileSize>
    <triggeringPolicy>org.apache.log4j.rolling.SizeBasedTriggeringPolicy</triggeringPolicy>
    <rollingPolicy.ActiveFileName>${archive_dir}/cpsyslog_archive.log</rollingPolicy.ActiveFileName>
    <layout class="ch.qos.logback.classic.PatternLayout">
      <pattern>%d|%m%n</pattern>
    </layout>
  </appender>
  <appender name="auditAppender" class="org.apache.log4j.rolling.RollingFileAppender">
    <threshold>info</threshold>
    <rollingPolicy.maxIndex>2</rollingPolicy.maxIndex>
    <rollingPolicy.FileNamePattern>${log_dir}/audit-%i.log.gz</rollingPolicy.FileNamePattern>
    <triggeringPolicy.MaxFileSize>10485760</triggeringPolicy.MaxFileSize>
    <triggeringPolicy>org.apache.log4j.rolling.SizeBasedTriggeringPolicy</triggeringPolicy>
    <rollingPolicy>org.apache.log4j.rolling.FixedWindowRollingPolicy</rollingPolicy>
    <rollingPolicy.ActiveFileName>${log_dir}/audit.log</rollingPolicy.ActiveFileName>
    <layout class="ch.qos.logback.classic.PatternLayout">
      <pattern>%d{yyyy-MM-dd'T'HH:mm:ss.SSS+00:00}|%d{yyyy-MM-dd'T'HH:mm:ss.SSS+00:00}|%m%n</pattern>
    </layout>
  </appender>
  <logger name="metricsLogger" level="INFO">
    <appender-ref ref="metricsAppender"/>
  </logger>
  <logger name="errorLogger" level="ERROR">
    <appender-ref ref="errorAppender"/>
  </logger>
  <logger name="com.att" level="INFO">
    <appender-ref ref="debugAppender"/>
  </logger>
  <logger name="archiveLogger" level="DEBUG">
    <appender-ref ref="archiveAppender"/>
  </logger>
  <logger name="auditLogger" level="INFO">
    <appender-ref ref="auditAppender"/>
  </logger>
  <logger name="debugLogger" level="DEBUG">
    <appender-ref ref="debugAppender"/>
  </logger>
  <root level="INFO"/>
</configuration>