{
  "EventHeader" : {
    "id" : "02022016ZA0001",
    "timeStamp" : "01/30/2016 05:39:49 UTC",
    "sourceName" : "AOTS-CM",
    "sequenceNumber" : "0",
    "severity" : "Normal",
    "action" : "StatusChange",
    "version" : "v1.0"
  },
  "ChangeTicket" : {
    "changeId" : "CHG000002923144",
    "summary" : "fcg",
    "description" : "test",
    "businessRisk" : "Non-Disruptive Due to Redundancy",
    "plannedStartDate" : "01/30/2016 04:32:06 UTC",
    "plannedEndDate" : "02/06/2016 04:32:06 UTC",
    "ticketStatus" : "Cancelled",
    "ChangeAssets" : [ {
      "assetId" : "rdm3r28c013.nelab.els.att.net",
      "AssetData" : {
        "functionalArea" : "ATT_IT",
        "assetType" : "pserver",
        "aaiStatus" : "Update-Success",
		"inMaint"	: false
      }
    },
    {
      "assetId" : "zrdm1mmsc04mms002.cci.att.com",
      "AssetData" : {
        "functionalArea" : "ATT_IT",
        "assetType" : "pserver",
        "aaiStatus" : "Update-Success",
		"inMaint"	: false
      }
    },
    {
      "assetId" : "testing123.cier.att.com",
      "AssetData" : {
        "functionalArea" : "ATT_IT",
        "assetType" : "pserver",
        "aaiStatus" : "Update-Success",
		"inMaint"	: false
      }
    } ],
    "RelatedAssets" : [ {
      "mainAssetId" : "TRINITY-PSERVER",
      "relatedAssetId" : "dbpx0001vm002",
      "RelatedAssetData" : {
        "assetType" : "vserver",
        "vnfName" : "dbpx0001v",
        "vnfType" : "VSRX VDBE-P VNF",
        "vnfServiceDescription" : "HOSTED COMMUNICATIONS"
      }
    }, {
      "mainAssetId" : "TRINITY-PSERVER",
      "relatedAssetId" : "dbkx0001vm001",
      "RelatedAssetData" : {
        "assetType" : "vserver",
        "vnfName" : "dbkx0001v",
        "vnfType" : "VSRX VDBE-AFC VNF",
        "vnfServiceDescription" : "HOSTED COMMUNICATIONS"
      }
    }, {
      "mainAssetId" : "TRINITY-PSERVER",
      "relatedAssetId" : "bxsa0001vm001bxa001",
      "RelatedAssetData" : {
        "assetType" : "vserver",
        "vnfName" : "bxsa0001v",
        "vnfType" : "TRINITY BW XSP APP API VNF",
        "vnfServiceDescription" : "HOSTED COMMUNICATIONS"
      }
    }, {
      "mainAssetId" : "TRINITY-PSERVER",
      "relatedAssetId" : "tsbg0001vm003",
      "RelatedAssetData" : {
        "assetType" : "vserver",
        "vnfName" : "tsbg0001v",
        "vnfType" : "ASBGV TLS",
        "vnfServiceDescription" : "HOSTED COMMUNICATIONS"
      }
    }, {
      "mainAssetId" : "TRINITY-PSERVER",
      "relatedAssetId" : "dbpx0001vm001",
      "RelatedAssetData" : {
        "assetType" : "vserver",
        "vnfName" : "dbpx0001v",
        "vnfType" : "VSRX VDBE-P VNF",
        "vnfServiceDescription" : "HOSTED COMMUNICATIONS"
      }
    }, {
      "mainAssetId" : "TRINITY-PSERVER",
      "relatedAssetId" : "bmsx0001vm003",
      "RelatedAssetData" : {
        "assetType" : "vserver",
        "vnfName" : "bmsx0001v",
        "vnfType" : "TRINITY BW MS-CONFERENCING VNF",
        "vnfServiceDescription" : "HOSTED COMMUNICATIONS"
      }
    }, {
      "mainAssetId" : "TRINITY-PSERVER",
      "relatedAssetId" : "asbg0001vm001",
      "RelatedAssetData" : {
        "assetType" : "vserver",
        "vnfName" : "asbg0001v",
        "vnfType" : "ASBGV NO TLS",
        "vnfServiceDescription" : "HOSTED COMMUNICATIONS"
      }
    }, {
      "mainAssetId" : "TRINITY-PSERVER",
      "relatedAssetId" : "dbzx0001vm001vic",
      "RelatedAssetData" : {
        "assetType" : "vserver",
        "vnfName" : "dbzx0001v",
        "vnfType" : "VSRX VDBE-V VNF",
        "vnfServiceDescription" : "HOSTED COMMUNICATIONS"
      }
    }, {
      "mainAssetId" : "TRINITY-PSERVER",
      "relatedAssetId" : "nsbg0001vm002",
      "RelatedAssetData" : {
        "assetType" : "vserver",
        "vnfName" : "nsbg0001v",
        "vnfType" : "NSBGV",
        "vnfServiceDescription" : "HOSTED COMMUNICATIONS"
      }
    }, {
      "mainAssetId" : "TRINITY-PSERVER",
      "relatedAssetId" : "bxss0001vm001",
      "RelatedAssetData" : {
        "assetType" : "vserver",
        "vnfName" : "bxss0001v",
        "vnfType" : "TRINITY BW XSP SURGEMAIL VNF",
        "vnfServiceDescription" : "HOSTED COMMUNICATIONS"
      }
    }, {
      "mainAssetId" : "TRINITY-PSERVER",
      "relatedAssetId" : "dbzx0001vm001vic200",
      "RelatedAssetData" : {
        "assetType" : "vserver",
        "vnfName" : "dbzx0001v",
        "vnfType" : "VSRX VDBE-V VNF",
        "vnfServiceDescription" : "HOSTED COMMUNICATIONS"
      }
    }, {
      "mainAssetId" : "TRINITY-PSERVER",
      "relatedAssetId" : "tsbg0001vm001",
      "RelatedAssetData" : {
        "assetType" : "vserver",
        "vnfName" : "tsbg0001v",
        "vnfType" : "ASBGV TLS",
        "vnfServiceDescription" : "HOSTED COMMUNICATIONS"
      }
    }, {
      "mainAssetId" : "TRINITY-PSERVER",
      "relatedAssetId" : "bdbl0001vm001",
      "RelatedAssetData" : {
        "assetType" : "vserver",
        "vnfName" : "bdbl0001v",
        "vnfType" : "TRINITY BW DBS ECL VNF",
        "vnfServiceDescription" : "HOSTED COMMUNICATIONS"
      }
    }, {
      "mainAssetId" : "TRINITY-PSERVER",
      "relatedAssetId" : "SPC10001VM002",
      "RelatedAssetData" : {
        "assetType" : "vserver",
        "vnfName" : "SPC1001V",
        "vnfType" : "VIRTUAL DBE EMS JUNOS SPACE",
        "vnfServiceDescription" : "HOSTED COMMUNICATIONS"
      }
    }, {
      "mainAssetId" : "TRINITY-PSERVER",
      "relatedAssetId" : "nsbg0001vm004",
      "RelatedAssetData" : {
        "assetType" : "vserver",
        "vnfName" : "nsbg0001v",
        "vnfType" : "NSBGV",
        "vnfServiceDescription" : "HOSTED COMMUNICATIONS"
      }
    }, {
      "mainAssetId" : "TRINITY-PSERVER",
      "relatedAssetId" : "nsbg0001vm001",
      "RelatedAssetData" : {
        "assetType" : "vserver",
        "vnfName" : "nsbg0001v",
        "vnfType" : "NSBGV",
        "vnfServiceDescription" : "HOSTED COMMUNICATIONS"
      }
    }, {
      "mainAssetId" : "TRINITY-PSERVER",
      "relatedAssetId" : "asbg0001vm004",
      "RelatedAssetData" : {
        "assetType" : "vserver",
        "vnfName" : "asbg0001v",
        "vnfType" : "ASBGV NO TLS",
        "vnfServiceDescription" : "HOSTED COMMUNICATIONS"
      }
    }, {
      "mainAssetId" : "TRINITY-PSERVER",
      "relatedAssetId" : "bpsx0001vm001",
      "RelatedAssetData" : {
        "assetType" : "vserver",
        "vnfName" : "bpsx0001v",
        "vnfType" : "TRINITY BW PS-DM VNF",
        "vnfServiceDescription" : "HOSTED COMMUNICATIONS"
      }
    }, {
      "mainAssetId" : "TRINITY-PSERVER",
      "relatedAssetId" : "bxsa0001vm001",
      "RelatedAssetData" : {
        "assetType" : "vserver",
        "vnfName" : "bxsa0001v",
        "vnfType" : "TRINITY BW XSP APP API VNF",
        "vnfServiceDescription" : "HOSTED COMMUNICATIONS"
      }
    }, {
      "mainAssetId" : "TRINITY-PSERVER",
      "relatedAssetId" : "bmsx0001vm001",
      "RelatedAssetData" : {
        "assetType" : "vserver",
        "vnfName" : "bmsx0001v",
        "vnfType" : "TRINITY BW MS-CONFERENCING VNF",
        "vnfServiceDescription" : "HOSTED COMMUNICATIONS"
      }
    }, {
      "mainAssetId" : "TRINITY-PSERVER",
      "relatedAssetId" : "dbkx0001vm002",
      "RelatedAssetData" : {
        "assetType" : "vserver",
        "vnfName" : "dbkx0001v",
        "vnfType" : "VSRX VDBE-AFC VNF",
        "vnfServiceDescription" : "HOSTED COMMUNICATIONS"
      }
    }, {
      "mainAssetId" : "TRINITY-PSERVER",
      "relatedAssetId" : "bems0001vm001",
      "RelatedAssetData" : {
        "assetType" : "vserver",
        "vnfName" : "bems0001v",
        "vnfType" : "TRINITY BW VIRTUAL EMS VNF",
        "vnfServiceDescription" : "HOSTED COMMUNICATIONS"
      }
    }, {
      "mainAssetId" : "TRINITY-PSERVER",
      "relatedAssetId" : "asbg0001vm002",
      "RelatedAssetData" : {
        "assetType" : "vserver",
        "vnfName" : "asbg0001v",
        "vnfType" : "ASBGV NO TLS",
        "vnfServiceDescription" : "HOSTED COMMUNICATIONS"
      }
    }, {
      "mainAssetId" : "TRINITY-PSERVER",
      "relatedAssetId" : "bxsa0001vm001bxa001",
      "RelatedAssetData" : {
        "assetType" : "vserver",
        "vnfName" : "bxsa0001v",
        "vnfType" : "TRINITY BW XSP APP API VNF",
        "vnfServiceDescription" : "HOSTED COMMUNICATIONS"
      }
    }, {
      "mainAssetId" : "TRINITY-PSERVER",
      "relatedAssetId" : "swgk111154",
      "RelatedAssetData" : {
        "assetType" : "vserver",
        "vnfName" : "bxsa0001v",
        "vnfType" : "TRINITY BW XSP APP API VNF",
        "vnfServiceDescription" : "HOSTED COMMUNICATIONS"
      }
    }, {
      "mainAssetId" : "TRINITY-PSERVER",
      "relatedAssetId" : "tsbg0001vm004",
      "RelatedAssetData" : {
        "assetType" : "vserver",
        "vnfName" : "tsbg0001v",
        "vnfType" : "ASBGV TLS",
        "vnfServiceDescription" : "HOSTED COMMUNICATIONS"
      }
    }, {
      "mainAssetId" : "TRINITY-PSERVER",
      "relatedAssetId" : "bnfm0001vm001",
      "RelatedAssetData" : {
        "assetType" : "vserver",
        "vnfName" : "bnfm0001v",
        "vnfType" : "TRINITY BW NFM VNF",
        "vnfServiceDescription" : "HOSTED COMMUNICATIONS"
      }
    }, {
      "mainAssetId" : "TRINITY-PSERVER",
      "relatedAssetId" : "bpsx0001vm001bps001",
      "RelatedAssetData" : {
        "assetType" : "vserver",
        "vnfName" : "ma9181-001-generic-vnf",
        "vnfType" : "Sample VAPP"
      }
    }, {
      "mainAssetId" : "TRINITY-PSERVER",
      "relatedAssetId" : "SPC10001VM001",
      "RelatedAssetData" : {
        "assetType" : "vserver",
        "vnfName" : "SPC1001V",
        "vnfType" : "VIRTUAL DBE EMS JUNOS SPACE",
        "vnfServiceDescription" : "HOSTED COMMUNICATIONS"
      }
    }, {
      "mainAssetId" : "TRINITY-PSERVER",
      "relatedAssetId" : "bxsa0001vm001bxa001",
      "RelatedAssetData" : {
        "assetType" : "vserver",
        "vnfName" : "bxsa0001v",
        "vnfType" : "TRINITY BW XSP APP API VNF",
        "vnfServiceDescription" : "HOSTED COMMUNICATIONS"
      }
    }, {
      "mainAssetId" : "TRINITY-PSERVER",
      "relatedAssetId" : "JLC10001VM001",
      "RelatedAssetData" : {
        "assetType" : "vserver",
        "vnfName" : "JLC1001V",
        "vnfType" : "VIRTUAL DBE EMS LOG CLTR JUNOS",
        "vnfServiceDescription" : "HOSTED COMMUNICATIONS"
      }
    }, {
      "mainAssetId" : "TRINITY-PSERVER",
      "relatedAssetId" : "bmsx0001vm002",
      "RelatedAssetData" : {
        "assetType" : "vserver",
        "vnfName" : "bmsx0001v",
        "vnfType" : "TRINITY BW MS-CONFERENCING VNF",
        "vnfServiceDescription" : "HOSTED COMMUNICATIONS"
      }
    }, {
      "mainAssetId" : "TRINITY-PSERVER",
      "relatedAssetId" : "nsbg0001vm003",
      "RelatedAssetData" : {
        "assetType" : "vserver",
        "vnfName" : "nsbg0001v",
        "vnfType" : "NSBGV",
        "vnfServiceDescription" : "HOSTED COMMUNICATIONS"
      }
    }, {
      "mainAssetId" : "TRINITY-PSERVER",
      "relatedAssetId" : "bdbl0001vm001",
      "RelatedAssetData" : {
        "assetType" : "vserver",
        "vnfName" : "ma9181-001-generic-vnf",
        "vnfType" : "Sample VAPP"
      }
    }, {
      "mainAssetId" : "TRINITY-PSERVER",
      "relatedAssetId" : "asbg0001vm003",
      "RelatedAssetData" : {
        "assetType" : "vserver",
        "vnfName" : "asbg0001v",
        "vnfType" : "ASBGV NO TLS",
        "vnfServiceDescription" : "HOSTED COMMUNICATIONS"
      }
    }, {
      "mainAssetId" : "TRINITY-PSERVER",
      "relatedAssetId" : "dbzx0001vm001",
      "RelatedAssetData" : {
        "assetType" : "vserver",
        "vnfName" : "dbzx0001v",
        "vnfType" : "VSRX VDBE-V VNF",
        "vnfServiceDescription" : "HOSTED COMMUNICATIONS"
      }
    }, {
      "mainAssetId" : "TRINITY-PSERVER",
      "relatedAssetId" : "bdbl0001vm001",
      "RelatedAssetData" : {
        "assetType" : "vserver",
        "vnfName" : "ma9181-001-generic-vnf",
        "vnfType" : "Sample VAPP"
      }
    }, {
      "mainAssetId" : "TRINITY-PSERVER",
      "relatedAssetId" : "dbzx0001vm002",
      "RelatedAssetData" : {
        "assetType" : "vserver",
        "vnfName" : "dbzx0001v",
        "vnfType" : "VSRX VDBE-V VNF",
        "vnfServiceDescription" : "HOSTED COMMUNICATIONS"
      }
    } ]
  }
}