<?xml version="1.0" encoding="UTF-8"?>
<tags xmlns="http://hp.com/uca/expert/filter/tags" xmlns:jxb="http://java.sun.com/xml/ns/jaxb" xmlns:xsi="http://www.w3.org/2001/XMLSchema-instance">
	<groups>
		<group name="ProblemDetection">
			<simpleTags>
				<simpleTag name="SubAlarm"/>
				<simpleTag name="Trigger"/>
				<simpleTag name="ProblemAlarm"/>
			</simpleTags>
			<paramTags>
			</paramTags>
		</group>

<!-- 		
		<group name="Custom">
			<simpleTags>
			</simpleTags>
			<paramTags>
				<paramTag name="Dummy"/>
				<paramTag name="DummyEnum" enum="F1,F2,F3"/>
			</paramTags>
		</group>
-->		
	</groups>  
</tags>
