<?xml version="1.0" encoding="UTF-8"?>
<beans xmlns="http://www.springframework.org/schema/beans"
	xmlns:xsi="http://www.w3.org/2001/XMLSchema-instance" xmlns:jms="http://www.springframework.org/schema/jms"
	xmlns:p="http://www.springframework.org/schema/p" xmlns:context="http://www.springframework.org/schema/context"
	xmlns:amq="http://activemq.apache.org/schema/core" xmlns:util="http://www.springframework.org/schema/util"
	xsi:schemaLocation="http://www.springframework.org/schema/beans 
                           http://www.springframework.org/schema/beans/spring-beans.xsd
                           http://www.springframework.org/schema/context 
                           http://www.springframework.org/schema/context/spring-context.xsd
                           http://www.springframework.org/schema/jms 
                           http://www.springframework.org/schema/jms/spring-jms.xsd
                           http://activemq.apache.org/schema/core 
                           http://activemq.apache.org/schema/core/activemq-core.xsd">


	<context:annotation-config />

	<bean id="problemsFactory" class="com.hp.uca.expert.vp.pd.core.ProblemsFactory">
		<property name="problemPackageName" value="com.hp.uca.expert.vp.pd.problem." />
		<property name="problemClassNamePrefix" value="Problem_" />
		<property name="problemClassName" value="ProblemDefault" />
		<property name="generalBehaviorClassName" value="GeneralBehaviorDefault" />		
		<property name="xmlProblemClassName" value="XmlProblem" />
		<property name="xmlGenericDefaultPrefix" value="XmlGeneric_" />
		<property name="problemContextPackage" value="com.hp.uca.expert.vp.pd.core." />
	</bean>

</beans>
