<?xml version="1.0" encoding="UTF-8" standalone="yes"?>
<ProblemPolicies xmlns="http://config.pd.vp.expert.uca.hp.com/">
	<mainPolicy>
		<candidateVisibility>
			<candidateVisibilityTimeMode>Max</candidateVisibilityTimeMode>
			<candidateVisibilityTimeValue>30000</candidateVisibilityTimeValue>
			<markCandidate>false</markCandidate>
		</candidateVisibility>
		<transientFiltering>
			<transientFilteringEnabled>false</transientFilteringEnabled>
			<transientFilteringDelay>5000</transientFilteringDelay>
		</transientFiltering>
		<counterTotalNumberAlarms>Current</counterTotalNumberAlarms>
		<actions>
			<defaultActionScriptReference>Exec_localhost</defaultActionScriptReference>
			<action name="TeMIP EMS">
				<actionReference>TeMIP_AO_Directives_localhost</actionReference>
				<actionClass>com.hp.uca.expert.vp.pd.actions.TeMIPActionsFactory</actionClass>
				<attributeUsedForKeyDuringRecognition>userText</attributeUsedForKeyDuringRecognition>
				<attributeUsedForKeyPbAlarmCreation>User_Text</attributeUsedForKeyPbAlarmCreation>
				<!-- strings>
					<string key="ocName"><value>oc1</value></string>
				</strings-->
			</action>
		</actions>
		<troubleTicketActions>
			<troubleTicketAction name="TeMIP TT">
				<actionReference>TeMIP_TT_Directives_localhost</actionReference>
				<actionClass>com.hp.uca.expert.vp.pd.actions.TeMIPTroubleTicketActionsFactory</actionClass>
				<strings>
					<string key="TT_SERVER entity"><value>TT_SERVER .SM</value></string>
					<string key="CreateTemplateFile"><value>createTroubleTicketByValueRequest.xml</value></string>
					<string key="AssociateTemplateFile"><value>associateTroubleTicketByValueRequest.xml</value></string>
					<string key="CloseTemplateFile"><value>closeTroubleTicketByValueRequest.xml</value></string>
					<string key="DissociateTemplateFile"><value>dissociateTroubleTicketByValueRequest.xml</value></string>
					<string key="User"><value>temip</value></string>
					<string key="Input"><value>input</value></string>
					<string key="Type"><value>SYNCHRONOUS</value></string>
				</strings>
			</troubleTicketAction>
		</troubleTicketActions>
	</mainPolicy>
	<problemPolicy name="ProblemDefault">
		<problemAlarm>
			<delayForProblemAlarmCreation>2000</delayForProblemAlarmCreation>
			<delayForProblemAlarmClearance>0</delayForProblemAlarmClearance>
		</problemAlarm>
		<troubleTicket>
			<automaticTroubleTicketCreation>false</automaticTroubleTicketCreation>
			<propagateTroubleTicketToSubAlarms>false</propagateTroubleTicketToSubAlarms>
			<propagateTroubleTicketToProblemAlarm>false</propagateTroubleTicketToProblemAlarm>
			<delayForTroubleTicketCreation>10000</delayForTroubleTicketCreation>
		</troubleTicket>
		<groupTickFlagAware>false</groupTickFlagAware>
		<timeWindow>
			<timeWindowMode>None</timeWindowMode>
			<timeWindowBeforeTrigger>30000</timeWindowBeforeTrigger>
			<timeWindowAfterTrigger>30000</timeWindowAfterTrigger>
		</timeWindow>
		<booleans>
			<boolean key="Bool1"><value>true</value></boolean>
			<boolean key="Bool2"><value>false</value></boolean>
		</booleans>
		<strings>
			<string key="s1"><value><![CDATA[String]]></value></string>
			<string key="computeProblemEntity"><value><![CDATA[alarm.getOriginatingManagedEntity()]]></value></string>
			<string key="isMatchingTriggerAlarmCriteria"><value><![CDATA[true]]></value></string>
			<string key="isMatchingProblemAlarmCriteria"><value><![CDATA[true]]></value></string>
			<string key="isMatchingSubAlarmCriteria"><value><![CDATA[true]]></value></string>
			<string key="calculateProblemAlarmAdditionalText"><value><![CDATA[site down (Default)]]></value></string>
		</strings>
		<longs>
			<long key="l1"><value>2147483647</value></long>
		</longs>
	</problemPolicy>
	<problemPolicy name="XmlGeneric_MyProblem">
		<problemAlarm>
			<delayForProblemAlarmCreation>2000</delayForProblemAlarmCreation>
			<delayForProblemAlarmClearance>0</delayForProblemAlarmClearance>
		</problemAlarm>
		<troubleTicket>
			<automaticTroubleTicketCreation>false</automaticTroubleTicketCreation>
			<propagateTroubleTicketToSubAlarms>true</propagateTroubleTicketToSubAlarms>
			<propagateTroubleTicketToProblemAlarm>true</propagateTroubleTicketToProblemAlarm>
			<delayForTroubleTicketCreation>1000</delayForTroubleTicketCreation>
		</troubleTicket>
		<groupTickFlagAware>false</groupTickFlagAware>
		<timeWindow>
			<timeWindowMode>None</timeWindowMode>
			<timeWindowBeforeTrigger>30000</timeWindowBeforeTrigger>
			<timeWindowAfterTrigger>30000</timeWindowAfterTrigger>
		</timeWindow>
		<strings>
			<string key="calculateProblemAlarmAdditionalText"><value><![CDATA[My Problem]]></value></string>
		</strings>
	</problemPolicy>

</ProblemPolicies>