<?xml version="1.0" encoding="UTF-8" standalone="yes"?>
<ProblemPolicies xmlns="http://config.pd.vp.expert.uca.hp.com/">
	<mainPolicy>
		<candidateVisibility>
			<candidateVisibilityTimeMode>Max</candidateVisibilityTimeMode>
			<candidateVisibilityTimeValue>5000</candidateVisibilityTimeValue>
			<markCandidate>true</markCandidate>
		</candidateVisibility>
		<transientFiltering>
			<transientFilteringEnabled>false</transientFilteringEnabled>
			<transientFilteringDelay>2000</transientFilteringDelay>
		</transientFiltering>
		<counterTotalNumberAlarms>Current</counterTotalNumberAlarms>
		<actions>
			<defaultActionScriptReference>Exec_localhost</defaultActionScriptReference>
			<action name="adtran">
				<actionReference>dummyActionRef</actionReference>
				<actionClass>com.att.gfp.actions.SareaGFPActionsFactory</actionClass>
				<attributeUsedForKeyDuringRecognition>RawDetail</attributeUsedForKeyDuringRecognition>
				<attributeUsedForKeyPbAlarmCreation>RawDetail</attributeUsedForKeyPbAlarmCreation>
			</action>
			<action name="ciena">
				<actionReference>dummyActionRef</actionReference>
				<actionClass>com.att.gfp.actions.SareaGFPActionsFactory</actionClass>
				<attributeUsedForKeyDuringRecognition>RawDetail</attributeUsedForKeyDuringRecognition>
				<attributeUsedForKeyPbAlarmCreation>RawDetail</attributeUsedForKeyPbAlarmCreation>
			</action>
			<action name="ipag">
				<actionReference>dummyActionRef</actionReference>
				<actionClass>com.att.gfp.actions.SareaGFPActionsFactory</actionClass>
				<attributeUsedForKeyDuringRecognition>RawDetail</attributeUsedForKeyDuringRecognition>
				<attributeUsedForKeyPbAlarmCreation>RawDetail</attributeUsedForKeyPbAlarmCreation>
			</action>
			<action name="arista">
				<actionReference>dummyActionRef</actionReference>
				<actionClass>com.att.gfp.actions.SareaGFPActionsFactory</actionClass>
				<attributeUsedForKeyDuringRecognition>RawDetail</attributeUsedForKeyDuringRecognition>
				<attributeUsedForKeyPbAlarmCreation>RawDetail</attributeUsedForKeyPbAlarmCreation>
			</action>
			<action name="pmoss">
				<actionReference>dummyActionRef</actionReference>
				<actionClass>com.att.gfp.actions.SareaGFPActionsFactory</actionClass>
				<attributeUsedForKeyDuringRecognition>RawDetail</attributeUsedForKeyDuringRecognition>
				<attributeUsedForKeyPbAlarmCreation>RawDetail</attributeUsedForKeyPbAlarmCreation>
			</action>
			<action name="InfoVista">  
				<actionReference>dummyActionRef</actionReference>
				<actionClass>com.att.gfp.actions.SareaGFPActionsFactory</actionClass>
				<attributeUsedForKeyDuringRecognition>RawDetail</attributeUsedForKeyDuringRecognition>
				<attributeUsedForKeyPbAlarmCreation>RawDetail</attributeUsedForKeyPbAlarmCreation>
			</action>
		</actions>

	</mainPolicy>
	<problemPolicy name="ProblemDefault">
		<problemAlarm>
			<delayForProblemAlarmCreation>0</delayForProblemAlarmCreation>
			<delayForProblemAlarmClearance>0</delayForProblemAlarmClearance>
		</problemAlarm>
		<troubleTicket>
			<automaticTroubleTicketCreation>false</automaticTroubleTicketCreation>
			<propagateTroubleTicketToSubAlarms>false</propagateTroubleTicketToSubAlarms>
			<propagateTroubleTicketToProblemAlarm>false</propagateTroubleTicketToProblemAlarm>
			<delayForTroubleTicketCreation>10000</delayForTroubleTicketCreation>
		</troubleTicket>
		<groupTickFlagAware>false</groupTickFlagAware>
		<timeWindow>
			<timeWindowMode>Trigger</timeWindowMode>
			<timeWindowBeforeTrigger>0</timeWindowBeforeTrigger>
			<timeWindowAfterTrigger>60000</timeWindowAfterTrigger>
		</timeWindow>
		<booleans>
		</booleans>
		<strings>
		</strings>
		<longs>
		</longs>
	</problemPolicy>
		<problemPolicy name="NsNotifyStartSuppression">
		<problemAlarm>
			<delayForProblemAlarmCreation>0</delayForProblemAlarmCreation>
			<delayForProblemAlarmClearance>0</delayForProblemAlarmClearance>
		</problemAlarm>
		<troubleTicket>
			<automaticTroubleTicketCreation>false</automaticTroubleTicketCreation>
			<propagateTroubleTicketToSubAlarms>false</propagateTroubleTicketToSubAlarms>
			<propagateTroubleTicketToProblemAlarm>false</propagateTroubleTicketToProblemAlarm>
			<delayForTroubleTicketCreation>10000</delayForTroubleTicketCreation>
		</troubleTicket>
		<groupTickFlagAware>false</groupTickFlagAware>
		<timeWindow>
			<timeWindowMode>Trigger</timeWindowMode>
			<timeWindowBeforeTrigger>0</timeWindowBeforeTrigger>
			<timeWindowAfterTrigger>60000</timeWindowAfterTrigger>
		</timeWindow>
		<booleans>
		</booleans>
		<strings>
		</strings>
		<longs>
		</longs>
	</problemPolicy>

</ProblemPolicies>