<application>
  <component name="GitRememberedInputs">
    <option name="visitedUrls">
      <list>
        <UrlAndUserName>
          <option name="url" value="ssh://git@codecloud.web.att.com:7999/st_dcae/com.att.dcae.orch.dti-handler.git" />
          <option name="userName" value="" />
        </UrlAndUserName>
        <UrlAndUserName>
          <option name="url" value="https://gerrit.onap.org/r/p/dcaegen2/platform/deployment-handler.git" />
          <option name="userName" value="" />
        </UrlAndUserName>
        <UrlAndUserName>
          <option name="url" value="ssh://git@codecloud.web.att.com:7999/st_dcaecntr/deployment-handler.git" />
          <option name="userName" value="" />
        </UrlAndUserName>
      </list>
    </option>
    <option name="cloneParentDir" value="C:\Users\sh1986\Git" />
  </component>
</application>