@ref(networkElement)|@const(IpagEvc)class
@index(EVC)key|TDL_instance_name|key|alarm_classification|alarm_domain|data_source|is_operational|legacy_org_ind|adt_link_down|adt_link_down_time|adt_shdsl_down|adt_shdsl_down_time|ciena_dying_gasp|ciena_dying_gasp_time|ciena_link_down|ciena_link_down_time|vrf_name
VPLS:29534|VPLS:29534|VPLS:29534|||IPAG|||||||||||VPLS:29534
VPLS:26617|VPLS:26617|VPLS:26617|||NTE|||||||||||VPLS:26617
VPWS:28100|VPWS:28100|VPWS:28100|||NTE|||||||||||VPWS:28100
L2CKT:62681|L2CKT:62681|L2CKT:62681|||IPAG|||||||||||L2CKT:62681
VPWS:23917|VPWS:23917|VPWS:23917|||NTE|||||||||||VPWS:23917
VPLS:51663|VPLS:51663|VPLS:51663|||NTE|||||||||||VPLS:51663
VPWS:27561|VPWS:27561|VPWS:27561|||IPAG|||||||||||VPWS:27561
L2CKT:32351|L2CKT:32351|L2CKT:32351|||IPAG|||||||||||L2CKT:32351
VPLS:30047|VPLS:30047|VPLS:30047|||IPAG|||||||||||VPLS:30047
VPWS:29119|VPWS:29119|VPWS:29119|||IPAG|||||||||||VPWS:29119
VPLS:28874|VPLS:28874|VPLS:28874|||IPAG|||||||||||VPLS:28874
VPLS:22142|VPLS:22142|VPLS:22142|||IPAG|||||||||||VPLS:22142
VPWS:27749|VPWS:27749|VPWS:27749|||IPAG|||||||||||VPWS:27749
VPLS:30905|VPLS:30905|VPLS:30905|||IPAG|||||||||||VPLS:30905
VPLS:62788|VPLS:62788|VPLS:62788|||NTE|||||||||||VPLS:62788
VPLS:23749|VPLS:23749|VPLS:23749|||IPAG|||||||||||VPLS:23749
VPLS:27875|VPLS:27875|VPLS:27875|||IPAG|||||||||||VPLS:27875
VPLS:62307|VPLS:62307|VPLS:62307|||NTE|||||||||||VPLS:62307
VPLS:27584|VPLS:27584|VPLS:27584|||IPAG|||||||||||VPLS:27584
VPLS:24161|VPLS:24161|VPLS:24161|||NTE|||||||||||VPLS:24161
VPLS:23948|VPLS:23948|VPLS:23948|||NTE|||||||||||VPLS:23948
VPWS:29006|VPWS:29006|VPWS:29006|||IPAG|||||||||||VPWS:29006
VPLS:32708|VPLS:32708|VPLS:32708|||IPAG|||||||||||VPLS:32708
VPWS:30040|VPWS:30040|VPWS:30040|||NTE|||||||||||VPWS:30040
L2CKT:31322|L2CKT:31322|L2CKT:31322|||IPAG|||||||||||L2CKT:31322
VPLS:62357|VPLS:62357|VPLS:62357|||IPAG|||||||||||VPLS:62357
VPLS:23581|VPLS:23581|VPLS:23581|||IPAG|||||||||||VPLS:23581
VPLS:26704|VPLS:26704|VPLS:26704|||NTE|||||||||||VPLS:26704
VPWS:26134|VPWS:26134|VPWS:26134|||IPAG|||||||||||VPWS:26134
VPWS:23737|VPWS:23737|VPWS:23737|||IPAG|||||||||||VPWS:23737
VPLS:52165|VPLS:52165|VPLS:52165|||IPAG|||||||||||VPLS:52165
VPWS:30904|VPWS:30904|VPWS:30904|||IPAG|||||||||||VPWS:30904
VPWS:23957|VPWS:23957|VPWS:23957|||NTE|||||||||||VPWS:23957
VPLS:23487|VPLS:23487|VPLS:23487|||NTE|||||||||||VPLS:23487
VPLS:62899|VPLS:62899|VPLS:62899|||IPAG|||||||||||VPLS:62899
VPLS:27556|VPLS:27556|VPLS:27556|||IPAG|||||||||||VPLS:27556
VPLS:22246|VPLS:22246|VPLS:22246|||IPAG|||||||||||VPLS:22246
VPLS:26982|VPLS:26982|VPLS:26982|||IPAG|||||||||||VPLS:26982
VPLS:32482|VPLS:32482|VPLS:32482|||IPAG|||||||||||VPLS:32482
VPLS:27883|VPLS:27883|VPLS:27883|||IPAG|||||||||||VPLS:27883
VPLS:22121|VPLS:22121|VPLS:22121|||IPAG|||||||||||VPLS:22121
L2CKT:32318|L2CKT:32318|L2CKT:32318|||IPAG|||||||||||L2CKT:32318
VPWS:28385|VPWS:28385|VPWS:28385|||IPAG|||||||||||VPWS:28385
L2CKT:32750|L2CKT:32750|L2CKT:32750|||IPAG|||||||||||L2CKT:32750
VPLS:61157|VPLS:61157|VPLS:61157|||NTE|||||||||||VPLS:61157
VPLS:28628|VPLS:28628|VPLS:28628|||IPAG|||||||||||VPLS:28628
L2CKT:31612|L2CKT:31612|L2CKT:31612|||IPAG|||||||||||L2CKT:31612
VPLS:26048|VPLS:26048|VPLS:26048|||IPAG|||||||||||VPLS:26048
VPLS:32679|VPLS:32679|VPLS:32679|||IPAG|||||||||||VPLS:32679
VPLS:28347|VPLS:28347|VPLS:28347|||IPAG|||||||||||VPLS:28347
VPWS:29297|VPWS:29297|VPWS:29297|||IPAG|||||||||||VPWS:29297
VPWS:25815|VPWS:25815|VPWS:25815|||IPAG|||||||||||VPWS:25815
L2CKT:27576|L2CKT:27576|L2CKT:27576|||IPAG|||||||||||L2CKT:27576
VPWS:30150|VPWS:30150|VPWS:30150|||NTE|||||||||||VPWS:30150
VPLS:62692|VPLS:62692|VPLS:62692|||IPAG|||||||||||VPLS:62692
VPLS:28751|VPLS:28751|VPLS:28751|||NTE|||||||||||VPLS:28751
VPLS:32309|VPLS:32309|VPLS:32309|||IPAG|||||||||||VPLS:32309
VPLS:22022|VPLS:22022|VPLS:22022|||IPAG|||||||||||VPLS:22022
VPLS:23931|VPLS:23931|VPLS:23931|||NTE|||||||||||VPLS:23931
L2CKT:30144|L2CKT:30144|L2CKT:30144|||IPAG|||||||||||L2CKT:30144
VPLS:31580|VPLS:31580|VPLS:31580|||NTE|||||||||||VPLS:31580
VPLS:25551|VPLS:25551|VPLS:25551|||IPAG|||||||||||VPLS:25551
VPWS:26493|VPWS:26493|VPWS:26493|||IPAG|||||||||||VPWS:26493
VPLS:23647|VPLS:23647|VPLS:23647|||NTE|||||||||||VPLS:23647
VPWS:25696|VPWS:25696|VPWS:25696|||IPAG|||||||||||VPWS:25696
VPWS:30114|VPWS:30114|VPWS:30114|||IPAG|||||||||||VPWS:30114
VPLS:23681|VPLS:23681|VPLS:23681|||NTE|||||||||||VPLS:23681
VPWS:25921|VPWS:25921|VPWS:25921|||IPAG|||||||||||VPWS:25921
VPLS:31589|VPLS:31589|VPLS:31589|||IPAG|||||||||||VPLS:31589
VPLS:26710|VPLS:26710|VPLS:26710|||NTE|||||||||||VPLS:26710
VPLS:23762|VPLS:23762|VPLS:23762|||IPAG|||||||||||VPLS:23762
VPLS:52268|VPLS:52268|VPLS:52268|||IPAG|||||||||||VPLS:52268
VPLS:24202|VPLS:24202|VPLS:24202|||NTE|||||||||||VPLS:24202
VPWS:26994|VPWS:26994|VPWS:26994|||NTE|||||||||||VPWS:26994
VPLS:21184|VPLS:21184|VPLS:21184|||NTE|||||||||||VPLS:21184
VPLS:31416|VPLS:31416|VPLS:31416|||NTE|||||||||||VPLS:31416
VPWS:32145|VPWS:32145|VPWS:32145|||IPAG|||||||||||VPWS:32145
VPLS:24338|VPLS:24338|VPLS:24338|||NTE|||||||||||VPLS:24338
VPLS:52058|VPLS:52058|VPLS:52058|||IPAG|||||||||||VPLS:52058
VPWS:63366|VPWS:63366|VPWS:63366|||IPAG|||||||||||VPWS:63366
VPLS:24237|VPLS:24237|VPLS:24237|||NTE|||||||||||VPLS:24237
VPLS:20887|VPLS:20887|VPLS:20887|||NTE|||||||||||VPLS:20887
VPLS:28474|VPLS:28474|VPLS:28474|||IPAG|||||||||||VPLS:28474
VPLS:30135|VPLS:30135|VPLS:30135|||IPAG|||||||||||VPLS:30135
VPWS:32000|VPWS:32000|VPWS:32000|||IPAG|||||||||||VPWS:32000
VPLS:28083|VPLS:28083|VPLS:28083|||IPAG|||||||||||VPLS:28083
VPLS:25568|VPLS:25568|VPLS:25568|||IPAG|||||||||||VPLS:25568
VPLS:24295|VPLS:24295|VPLS:24295|||NTE|||||||||||VPLS:24295
VPWS:63162|VPWS:63162|VPWS:63162|||NTE|||||||||||VPWS:63162
VPWS:25940|VPWS:25940|VPWS:25940|||NTE|||||||||||VPWS:25940
VPLS:26642|VPLS:26642|VPLS:26642|||NTE|||||||||||VPLS:26642
VPLS:25704|VPLS:25704|VPLS:25704|||IPAG|||||||||||VPLS:25704
VPLS:26689|VPLS:26689|VPLS:26689|||NTE|||||||||||VPLS:26689
VPLS:27902|VPLS:27902|VPLS:27902|||IPAG|||||||||||VPLS:27902
VPWS:27746|VPWS:27746|VPWS:27746|||IPAG|||||||||||VPWS:27746
VPLS:25806|VPLS:25806|VPLS:25806|||IPAG|||||||||||VPLS:25806
VPLS:30925|VPLS:30925|VPLS:30925|||NTE|||||||||||VPLS:30925
VPLS:28914|VPLS:28914|VPLS:28914|||IPAG|||||||||||VPLS:28914
VPWS:23761|VPWS:23761|VPWS:23761|||IPAG|||||||||||VPWS:23761
IDIS01|IDIS01|IDIS01|||NTE|||||||||||IDIS01
VPWS:25868|VPWS:25868|VPWS:25868|||IPAG|||||||||||VPWS:25868
L2CKT:27496|L2CKT:27496|L2CKT:27496|||IPAG|||||||||||L2CKT:27496
VPLS:30248|VPLS:30248|VPLS:30248|||NTE|||||||||||VPLS:30248
VPLS:25841|VPLS:25841|VPLS:25841|||IPAG|||||||||||VPLS:25841
VPWS:63996|VPWS:63996|VPWS:63996|||NTE|||||||||||VPWS:63996
VPLS:21197|VPLS:21197|VPLS:21197|||NTE|||||||||||VPLS:21197
VPWS:30194|VPWS:30194|VPWS:30194|||IPAG|||||||||||VPWS:30194
VPLS:22340|VPLS:22340|VPLS:22340|||IPAG|||||||||||VPLS:22340
VPLS:24429|VPLS:24429|VPLS:24429|||NTE|||||||||||VPLS:24429
VPWS:29633|VPWS:29633|VPWS:29633|||NTE|||||||||||VPWS:29633
VPLS:32049|VPLS:32049|VPLS:32049|||IPAG|||||||||||VPLS:32049
VPLS:62964|VPLS:62964|VPLS:62964|||IPAG|||||||||||VPLS:62964
VPLS:28604|VPLS:28604|VPLS:28604|||NTE|||||||||||VPLS:28604
VPWS:27516|VPWS:27516|VPWS:27516|||IPAG|||||||||||VPWS:27516
VPLS:25875|VPLS:25875|VPLS:25875|||IPAG|||||||||||VPLS:25875
VPWS:22930|VPWS:22930|VPWS:22930|||NTE|||||||||||VPWS:22930
L2CKT:32085|L2CKT:32085|L2CKT:32085|||IPAG|||||||||||L2CKT:32085
VPWS:29144|VPWS:29144|VPWS:29144|||IPAG|||||||||||VPWS:29144
VPLS:25695|VPLS:25695|VPLS:25695|||IPAG|||||||||||VPLS:25695
VPLS:25864|VPLS:25864|VPLS:25864|||IPAG|||||||||||VPLS:25864
VPLS:22438|VPLS:22438|VPLS:22438|||NTE|||||||||||VPLS:22438
VPLS:21227|VPLS:21227|VPLS:21227|||IPAG|||||||||||VPLS:21227
VPWS:22776|VPWS:22776|VPWS:22776|||IPAG|||||||||||VPWS:22776
VPLS:29680|VPLS:29680|VPLS:29680|||IPAG|||||||||||VPLS:29680
VPLS:23736|VPLS:23736|VPLS:23736|||IPAG|||||||||||VPLS:23736
VPLS:26057|VPLS:26057|VPLS:26057|||IPAG|||||||||||VPLS:26057
VPLS:23992|VPLS:23992|VPLS:23992|||NTE|||||||||||VPLS:23992
VPLS:30551|VPLS:30551|VPLS:30551|||IPAG|||||||||||VPLS:30551
VPLS:23583|VPLS:23583|VPLS:23583|||IPAG|||||||||||VPLS:23583
VPLS:21639|VPLS:21639|VPLS:21639|||IPAG|||||||||||VPLS:21639
VPLS:22393|VPLS:22393|VPLS:22393|||IPAG|||||||||||VPLS:22393
VPLS:24586|VPLS:24586|VPLS:24586|||NTE|||||||||||VPLS:24586
VPLS:26706|VPLS:26706|VPLS:26706|||NTE|||||||||||VPLS:26706
L2CKT:26419|L2CKT:26419|L2CKT:26419|||IPAG|||||||||||L2CKT:26419
VPLS:28939|VPLS:28939|VPLS:28939|||IPAG|||||||||||VPLS:28939
VPLS:20664|VPLS:20664|VPLS:20664|||IPAG|||||||||||VPLS:20664
VPWS:27557|VPWS:27557|VPWS:27557|||IPAG|||||||||||VPWS:27557
L2CKT:32284|L2CKT:32284|L2CKT:32284|||IPAG|||||||||||L2CKT:32284
VPLS:31888|VPLS:31888|VPLS:31888|||IPAG|||||||||||VPLS:31888
VPLS:26946|VPLS:26946|VPLS:26946|||NTE|||||||||||VPLS:26946
VPLS:22174|VPLS:22174|VPLS:22174|||NTE|||||||||||VPLS:22174
VPLS:26062|VPLS:26062|VPLS:26062|||IPAG|||||||||||VPLS:26062
L2CKT:23920|L2CKT:23920|L2CKT:23920|||NTE|||||||||||L2CKT:23920
VPLS:63709|VPLS:63709|VPLS:63709|||NTE|||||||||||VPLS:63709
VPLS:64047|VPLS:64047|VPLS:64047|||NTE|||||||||||VPLS:64047
VPWS:23925|VPWS:23925|VPWS:23925|||NTE|||||||||||VPWS:23925
VPWS:25732|VPWS:25732|VPWS:25732|||IPAG|||||||||||VPWS:25732
VPLS:63914|VPLS:63914|VPLS:63914|||IPAG|||||||||||VPLS:63914
L2CKT:28611|L2CKT:28611|L2CKT:28611|||IPAG|||||||||||L2CKT:28611
VPWS:25681|VPWS:25681|VPWS:25681|||NTE|||||||||||VPWS:25681
VPLS:23455|VPLS:23455|VPLS:23455|||NTE|||||||||||VPLS:23455
VPLS:28777|VPLS:28777|VPLS:28777|||IPAG|||||||||||VPLS:28777
VPLS:26497|VPLS:26497|VPLS:26497|||IPAG|||||||||||VPLS:26497
VPLS:25519|VPLS:25519|VPLS:25519|||NTE|||||||||||VPLS:25519
VPLS:21581|VPLS:21581|VPLS:21581|||IPAG|||||||||||VPLS:21581
VPWS:23327|VPWS:23327|VPWS:23327|||NTE|||||||||||VPWS:23327
L2CKT:32144|L2CKT:32144|L2CKT:32144|||IPAG|||||||||||L2CKT:32144
VPLS:25343|VPLS:25343|VPLS:25343|||IPAG|||||||||||VPLS:25343
VPWS:25878|VPWS:25878|VPWS:25878|||IPAG|||||||||||VPWS:25878
VPLS:21524|VPLS:21524|VPLS:21524|||IPAG|||||||||||VPLS:21524
VPLS:52221|VPLS:52221|VPLS:52221|||IPAG|||||||||||VPLS:52221
L2CKT:22013|L2CKT:22013|L2CKT:22013|||IPAG|||||||||||L2CKT:22013
L2CKT:27526|L2CKT:27526|L2CKT:27526|||NTE|||||||||||L2CKT:27526
VPLS:30543|VPLS:30543|VPLS:30543|||NTE|||||||||||VPLS:30543
VPLS:26499|VPLS:26499|VPLS:26499|||IPAG|||||||||||VPLS:26499
VPLS:63660|VPLS:63660|VPLS:63660|||NTE|||||||||||VPLS:63660
VPWS:30913|VPWS:30913|VPWS:30913|||IPAG|||||||||||VPWS:30913
VPWS:23949|VPWS:23949|VPWS:23949|||NTE|||||||||||VPWS:23949
126|126|126|||IPAG|||||||||||126
VPWS:25319|VPWS:25319|VPWS:25319|||NTE|||||||||||VPWS:25319
VPLS:29389|VPLS:29389|VPLS:29389|||IPAG|||||||||||VPLS:29389
VPWS:23123|VPWS:23123|VPWS:23123|||NTE|||||||||||VPWS:23123
VPLS:26703|VPLS:26703|VPLS:26703|||NTE|||||||||||VPLS:26703
VPWS:22831|VPWS:22831|VPWS:22831|||IPAG|||||||||||VPWS:22831
521|521|521|||IPAG|||||||||||521
VPWS:26025|VPWS:26025|VPWS:26025|||IPAG|||||||||||VPWS:26025
VPWS:26249|VPWS:26249|VPWS:26249|||IPAG|||||||||||VPWS:26249
26453|26453|26453|||IPAG|||||||||||26453
VPLS:28052|VPLS:28052|VPLS:28052|||IPAG|||||||||||VPLS:28052
VPLS:24227|VPLS:24227|VPLS:24227|||NTE|||||||||||VPLS:24227
VPLS:23916|VPLS:23916|VPLS:23916|||NTE|||||||||||VPLS:23916
VPLS:23835|VPLS:23835|VPLS:23835|||IPAG|||||||||||VPLS:23835
VPWS:25711|VPWS:25711|VPWS:25711|||IPAG|||||||||||VPWS:25711
VPWS:28730|VPWS:28730|VPWS:28730|||IPAG|||||||||||VPWS:28730
VPLS:29572|VPLS:29572|VPLS:29572|||IPAG|||||||||||VPLS:29572
VPLS:25649|VPLS:25649|VPLS:25649|||IPAG|||||||||||VPLS:25649
VPWS:28099|VPWS:28099|VPWS:28099|||NTE|||||||||||VPWS:28099
VPLS:20819|VPLS:20819|VPLS:20819|||IPAG|||||||||||VPLS:20819
VPLS:62705|VPLS:62705|VPLS:62705|||IPAG|||||||||||VPLS:62705
VPLS:21963|VPLS:21963|VPLS:21963|||IPAG|||||||||||VPLS:21963
VPLS:51688|VPLS:51688|VPLS:51688|||NTE|||||||||||VPLS:51688
VPWS:31674|VPWS:31674|VPWS:31674|||IPAG|||||||||||VPWS:31674
VPLS:29611|VPLS:29611|VPLS:29611|||IPAG|||||||||||VPLS:29611
VPWS:29198|VPWS:29198|VPWS:29198|||IPAG|||||||||||VPWS:29198
VPLS:28614|VPLS:28614|VPLS:28614|||IPAG|||||||||||VPLS:28614
VPLS:31984|VPLS:31984|VPLS:31984|||IPAG|||||||||||VPLS:31984
VPLS:28384|VPLS:28384|VPLS:28384|||IPAG|||||||||||VPLS:28384
VPWS:21632|VPWS:21632|VPWS:21632|||IPAG|||||||||||VPWS:21632
234|234|234|||IPAG|||||||||||234
VPLS:31662|VPLS:31662|VPLS:31662|||IPAG|||||||||||VPLS:31662
VPWS:22540|VPWS:22540|VPWS:22540|||NTE|||||||||||VPWS:22540
VPLS:51800|VPLS:51800|VPLS:51800|||IPAG|||||||||||VPLS:51800
VPLS:28003|VPLS:28003|VPLS:28003|||IPAG|||||||||||VPLS:28003
VPWS:28291|VPWS:28291|VPWS:28291|||NTE|||||||||||VPWS:28291
VPLS:26593|VPLS:26593|VPLS:26593|||NTE|||||||||||VPLS:26593
VPLS:28849|VPLS:28849|VPLS:28849|||IPAG|||||||||||VPLS:28849
VPWS:25656|VPWS:25656|VPWS:25656|||IPAG|||||||||||VPWS:25656
VPLS:30546|VPLS:30546|VPLS:30546|||IPAG|||||||||||VPLS:30546
L2CKT:29459|L2CKT:29459|L2CKT:29459|||IPAG|||||||||||L2CKT:29459
523|523|523|||IPAG|||||||||||523
VPLS:63590|VPLS:63590|VPLS:63590|||IPAG|||||||||||VPLS:63590
VPLS:24099|VPLS:24099|VPLS:24099|||IPAG|||||||||||VPLS:24099
VPLS:23928|VPLS:23928|VPLS:23928|||NTE|||||||||||VPLS:23928
VPWS:25619|VPWS:25619|VPWS:25619|||IPAG|||||||||||VPWS:25619
VPLS:26505|VPLS:26505|VPLS:26505|||IPAG|||||||||||VPLS:26505
VPLS:63604|VPLS:63604|VPLS:63604|||NTE|||||||||||VPLS:63604
VPWS:23644|VPWS:23644|VPWS:23644|||IPAG|||||||||||VPWS:23644
VPLS:63661|VPLS:63661|VPLS:63661|||NTE|||||||||||VPLS:63661
VPWS:23687|VPWS:23687|VPWS:23687|||IPAG|||||||||||VPWS:23687
VPWS:23750|VPWS:23750|VPWS:23750|||IPAG|||||||||||VPWS:23750
VPLS:22079|VPLS:22079|VPLS:22079|||IPAG|||||||||||VPLS:22079
VPLS:23991|VPLS:23991|VPLS:23991|||NTE|||||||||||VPLS:23991
VPLS:25851|VPLS:25851|VPLS:25851|||IPAG|||||||||||VPLS:25851
VPLS:63260|VPLS:63260|VPLS:63260|||IPAG|||||||||||VPLS:63260
VPLS:30255|VPLS:30255|VPLS:30255|||IPAG|||||||||||VPLS:30255
VPWS:27518|VPWS:27518|VPWS:27518|||IPAG|||||||||||VPWS:27518
L2CKT:30402|L2CKT:30402|L2CKT:30402|||IPAG|||||||||||L2CKT:30402
VPLS:28920|VPLS:28920|VPLS:28920|||NTE|||||||||||VPLS:28920
VPLS:569021|VPLS:569021|VPLS:569021|||NTE|||||||||||VPLS:569021
VPLS:23242|VPLS:23242|VPLS:23242|||NTE|||||||||||VPLS:23242
VPLS:51839|VPLS:51839|VPLS:51839|||NTE|||||||||||VPLS:51839
VPLS:31124|VPLS:31124|VPLS:31124|||NTE|||||||||||VPLS:31124
VPLS:30503|VPLS:30503|VPLS:30503|||IPAG|||||||||||VPLS:30503
VPWS:32107|VPWS:32107|VPWS:32107|||IPAG|||||||||||VPWS:32107
VPWS:23774|VPWS:23774|VPWS:23774|||NTE|||||||||||VPWS:23774
VPLS:22734|VPLS:22734|VPLS:22734|||NTE|||||||||||VPLS:22734
VPLS:62037|VPLS:62037|VPLS:62037|||IPAG|||||||||||VPLS:62037
VPLS:22549|VPLS:22549|VPLS:22549|||NTE|||||||||||VPLS:22549
VPWS:27786|VPWS:27786|VPWS:27786|||IPAG|||||||||||VPWS:27786
VPWS:29188|VPWS:29188|VPWS:29188|||IPAG|||||||||||VPWS:29188
VPLS:51657|VPLS:51657|VPLS:51657|||NTE|||||||||||VPLS:51657
VPWS:32076|VPWS:32076|VPWS:32076|||IPAG|||||||||||VPWS:32076
L2CKT:28893|L2CKT:28893|L2CKT:28893|||IPAG|||||||||||L2CKT:28893
VPLS:23838|VPLS:23838|VPLS:23838|||NTE|||||||||||VPLS:23838
VPLS:26506|VPLS:26506|VPLS:26506|||IPAG|||||||||||VPLS:26506
VPLS:25993|VPLS:25993|VPLS:25993|||IPAG|||||||||||VPLS:25993
VPLS:24055|VPLS:24055|VPLS:24055|||NTE|||||||||||VPLS:24055
VPLS:62795|VPLS:62795|VPLS:62795|||NTE|||||||||||VPLS:62795
VPLS:23720|VPLS:23720|VPLS:23720|||IPAG|||||||||||VPLS:23720
VPWS:26961|VPWS:26961|VPWS:26961|||NTE|||||||||||VPWS:26961
VPWS:21888|VPWS:21888|VPWS:21888|||IPAG|||||||||||VPWS:21888
VPLS:26774|VPLS:26774|VPLS:26774|||IPAG|||||||||||VPLS:26774
VPLS:28421|VPLS:28421|VPLS:28421|||IPAG|||||||||||VPLS:28421
L2CKT:27429|L2CKT:27429|L2CKT:27429|||IPAG|||||||||||L2CKT:27429
VPLS:27536|VPLS:27536|VPLS:27536|||IPAG|||||||||||VPLS:27536
VPLS:63860|VPLS:63860|VPLS:63860|||NTE|||||||||||VPLS:63860
L2CKT:29467|L2CKT:29467|L2CKT:29467|||NTE|||||||||||L2CKT:29467
VPLS:22419|VPLS:22419|VPLS:22419|||IPAG|||||||||||VPLS:22419
VPLS:25658|VPLS:25658|VPLS:25658|||IPAG|||||||||||VPLS:25658
ASDF|ASDF|ASDF|||IPAG|||||||||||ASDF
157|157|157|||IPAG|||||||||||157
VPLS:63901|VPLS:63901|VPLS:63901|||NTE|||||||||||VPLS:63901
VPLS:61046|VPLS:61046|VPLS:61046|||NTE|||||||||||VPLS:61046
VPWS:29587|VPWS:29587|VPWS:29587|||IPAG|||||||||||VPWS:29587
VPWS:29062|VPWS:29062|VPWS:29062|||IPAG|||||||||||VPWS:29062
VPLS:32613|VPLS:32613|VPLS:32613|||IPAG|||||||||||VPLS:32613
VPWS:63886|VPWS:63886|VPWS:63886|||NTE|||||||||||VPWS:63886
VPLS:24257|VPLS:24257|VPLS:24257|||NTE|||||||||||VPLS:24257
VPLS:22296|VPLS:22296|VPLS:22296|||NTE|||||||||||VPLS:22296
VPWS:29932|VPWS:29932|VPWS:29932|||IPAG|||||||||||VPWS:29932
L2CKT:32710|L2CKT:32710|L2CKT:32710|||IPAG|||||||||||L2CKT:32710
VPLS:23585|VPLS:23585|VPLS:23585|||NTE|||||||||||VPLS:23585
VPWS:25859|VPWS:25859|VPWS:25859|||NTE|||||||||||VPWS:25859
VPLS:23852|VPLS:23852|VPLS:23852|||IPAG|||||||||||VPLS:23852
L2CKT:30521|L2CKT:30521|L2CKT:30521|||NTE|||||||||||L2CKT:30521
VPLS:28490|VPLS:28490|VPLS:28490|||IPAG|||||||||||VPLS:28490
VPLS:23813|VPLS:23813|VPLS:23813|||IPAG|||||||||||VPLS:23813
VPLS:28292|VPLS:28292|VPLS:28292|||NTE|||||||||||VPLS:28292
L2CKT:28841|L2CKT:28841|L2CKT:28841|||IPAG|||||||||||L2CKT:28841
VPWS:23735|VPWS:23735|VPWS:23735|||IPAG|||||||||||VPWS:23735
VPWS:26595|VPWS:26595|VPWS:26595|||IPAG|||||||||||VPWS:26595
VPLS:29200|VPLS:29200|VPLS:29200|||NTE|||||||||||VPLS:29200
VPLS:24025|VPLS:24025|VPLS:24025|||NTE|||||||||||VPLS:24025
VPLS:24532|VPLS:24532|VPLS:24532|||NTE|||||||||||VPLS:24532
VPLS:28293|VPLS:28293|VPLS:28293|||IPAG|||||||||||VPLS:28293
VPWS:30048|VPWS:30048|VPWS:30048|||IPAG|||||||||||VPWS:30048
L2CKT:32102|L2CKT:32102|L2CKT:32102|||IPAG|||||||||||L2CKT:32102
VPWS:27036|VPWS:27036|VPWS:27036|||NTE|||||||||||VPWS:27036
VPLS:29599|VPLS:29599|VPLS:29599|||NTE|||||||||||VPLS:29599
VPWS:28764|VPWS:28764|VPWS:28764|||NTE|||||||||||VPWS:28764
VPWS:30405|VPWS:30405|VPWS:30405|||IPAG|||||||||||VPWS:30405
VPWS:30785|VPWS:30785|VPWS:30785|||IPAG|||||||||||VPWS:30785
L2CKT:28840|L2CKT:28840|L2CKT:28840|||NTE|||||||||||L2CKT:28840
VPLS:52257|VPLS:52257|VPLS:52257|||IPAG|||||||||||VPLS:52257
VPLS:23869|VPLS:23869|VPLS:23869|||NTE|||||||||||VPLS:23869
VPLS:20509|VPLS:20509|VPLS:20509|||IPAG|||||||||||VPLS:20509
VPWS:28799|VPWS:28799|VPWS:28799|||IPAG|||||||||||VPWS:28799
VPLS:26489|VPLS:26489|VPLS:26489|||NTE|||||||||||VPLS:26489
VPWS:31755|VPWS:31755|VPWS:31755|||IPAG|||||||||||VPWS:31755
VPLS:63129|VPLS:63129|VPLS:63129|||NTE|||||||||||VPLS:63129
VPLS:29883|VPLS:29883|VPLS:29883|||NTE|||||||||||VPLS:29883
L2CKT:63242|L2CKT:63242|L2CKT:63242|||IPAG|||||||||||L2CKT:63242
VPLS:25585|VPLS:25585|VPLS:25585|||IPAG|||||||||||VPLS:25585
L2CKT:32037|L2CKT:32037|L2CKT:32037|||IPAG|||||||||||L2CKT:32037
VPLS:61637|VPLS:61637|VPLS:61637|||NTE|||||||||||VPLS:61637
VPLS:30667|VPLS:30667|VPLS:30667|||IPAG|||||||||||VPLS:30667
VPWS:32048|VPWS:32048|VPWS:32048|||IPAG|||||||||||VPWS:32048
VPLS:52612|VPLS:52612|VPLS:52612|||NTE|||||||||||VPLS:52612
VPLS:26943|VPLS:26943|VPLS:26943|||NTE|||||||||||VPLS:26943
VPWS:23854|VPWS:23854|VPWS:23854|||NTE|||||||||||VPWS:23854
VPLS:22980|VPLS:22980|VPLS:22980|||NTE|||||||||||VPLS:22980
VPWS:22857|VPWS:22857|VPWS:22857|||NTE|||||||||||VPWS:22857
VPLS:29056|VPLS:29056|VPLS:29056|||IPAG|||||||||||VPLS:29056
VPWS:21498|VPWS:21498|VPWS:21498|||IPAG|||||||||||VPWS:21498
VPWS:24181|VPWS:24181|VPWS:24181|||NTE|||||||||||VPWS:24181
VPWS:28933|VPWS:28933|VPWS:28933|||IPAG|||||||||||VPWS:28933
VPLS:63840|VPLS:63840|VPLS:63840|||NTE|||||||||||VPLS:63840
VPLS:29464|VPLS:29464|VPLS:29464|||IPAG|||||||||||VPLS:29464
VPLS:24180|VPLS:24180|VPLS:24180|||NTE|||||||||||VPLS:24180
VPLS:61421|VPLS:61421|VPLS:61421|||IPAG|||||||||||VPLS:61421
VPLS:27423|VPLS:27423|VPLS:27423|||IPAG|||||||||||VPLS:27423
VPLS:27235|VPLS:27235|VPLS:27235|||NTE|||||||||||VPLS:27235
L2CKT:22981|L2CKT:22981|L2CKT:22981|||NTE|||||||||||L2CKT:22981
VPLS:23943|VPLS:23943|VPLS:23943|||NTE|||||||||||VPLS:23943
VPWS:23721|VPWS:23721|VPWS:23721|||IPAG|||||||||||VPWS:23721
VPLS:27932|VPLS:27932|VPLS:27932|||IPAG|||||||||||VPLS:27932
VPWS:29562|VPWS:29562|VPWS:29562|||NTE|||||||||||VPWS:29562
VPLS:30491|VPLS:30491|VPLS:30491|||IPAG|||||||||||VPLS:30491
L2CKT:62734|L2CKT:62734|L2CKT:62734|||IPAG|||||||||||L2CKT:62734
VPLS:27525|VPLS:27525|VPLS:27525|||IPAG|||||||||||VPLS:27525
VPLS:23799|VPLS:23799|VPLS:23799|||NTE|||||||||||VPLS:23799
VPWS:25692|VPWS:25692|VPWS:25692|||IPAG|||||||||||VPWS:25692
L2CKT:30404|L2CKT:30404|L2CKT:30404|||IPAG|||||||||||L2CKT:30404
VPWS:30953|VPWS:30953|VPWS:30953|||IPAG|||||||||||VPWS:30953
VPWS:28942|VPWS:28942|VPWS:28942|||IPAG|||||||||||VPWS:28942
VPWS:30666|VPWS:30666|VPWS:30666|||IPAG|||||||||||VPWS:30666
VPLS:32055|VPLS:32055|VPLS:32055|||NTE|||||||||||VPLS:32055
VPLS:63408|VPLS:63408|VPLS:63408|||IPAG|||||||||||VPLS:63408
VPLS:61047|VPLS:61047|VPLS:61047|||NTE|||||||||||VPLS:61047
VPLS:29479|VPLS:29479|VPLS:29479|||NTE|||||||||||VPLS:29479
L2CKT:30403|L2CKT:30403|L2CKT:30403|||IPAG|||||||||||L2CKT:30403
VPLS:25905|VPLS:25905|VPLS:25905|||IPAG|||||||||||VPLS:25905
VPLS:29325|VPLS:29325|VPLS:29325|||IPAG|||||||||||VPLS:29325
23|23|23|||NTE|||||||||||23
VPLS:27569|VPLS:27569|VPLS:27569|||NTE|||||||||||VPLS:27569
VPLS:22326|VPLS:22326|VPLS:22326|||IPAG|||||||||||VPLS:22326
null|null|null|||IPAG|||||||||||null
VPWS:62742|VPWS:62742|VPWS:62742|||IPAG|||||||||||VPWS:62742
VPLS:27050|VPLS:27050|VPLS:27050|||NTE|||||||||||VPLS:27050
VPLS:51610|VPLS:51610|VPLS:51610|||IPAG|||||||||||VPLS:51610
VPWS:23623|VPWS:23623|VPWS:23623|||IPAG|||||||||||VPWS:23623
VPLS:26411|VPLS:26411|VPLS:26411|||IPAG|||||||||||VPLS:26411
VPWS:26770|VPWS:26770|VPWS:26770|||NTE|||||||||||VPWS:26770
VPWS:26798|VPWS:26798|VPWS:26798|||IPAG|||||||||||VPWS:26798
VPWS:23264|VPWS:23264|VPWS:23264|||NTE|||||||||||VPWS:23264
VPWS:26688|VPWS:26688|VPWS:26688|||IPAG|||||||||||VPWS:26688
VPLS:25862|VPLS:25862|VPLS:25862|||IPAG|||||||||||VPLS:25862
VPLS:63881|VPLS:63881|VPLS:63881|||NTE|||||||||||VPLS:63881
VPLS:29033|VPLS:29033|VPLS:29033|||IPAG|||||||||||VPLS:29033
VPLS:25828|VPLS:25828|VPLS:25828|||IPAG|||||||||||VPLS:25828
VPWS:31780|VPWS:31780|VPWS:31780|||IPAG|||||||||||VPWS:31780
VPWS:25877|VPWS:25877|VPWS:25877|||IPAG|||||||||||VPWS:25877
VPLS:28376|VPLS:28376|VPLS:28376|||IPAG|||||||||||VPLS:28376
125|125|125|||NTE|||||||||||125
VPLS:26460|VPLS:26460|VPLS:26460|||IPAG|||||||||||VPLS:26460
VPLS:28934|VPLS:28934|VPLS:28934|||IPAG|||||||||||VPLS:28934
VPWS:23416|VPWS:23416|VPWS:23416|||IPAG|||||||||||VPWS:23416
VPLS:27554|VPLS:27554|VPLS:27554|||IPAG|||||||||||VPLS:27554
VPWS:27461|VPWS:27461|VPWS:27461|||IPAG|||||||||||VPWS:27461
VPLS:62245|VPLS:62245|VPLS:62245|||IPAG|||||||||||VPLS:62245
VPLS:62787|VPLS:62787|VPLS:62787|||IPAG|||||||||||VPLS:62787
VPLS:29085|VPLS:29085|VPLS:29085|||IPAG|||||||||||VPLS:29085
VPWS:28767|VPWS:28767|VPWS:28767|||IPAG|||||||||||VPWS:28767
VPWS:26938|VPWS:26938|VPWS:26938|||NTE|||||||||||VPWS:26938
VPWS:29166|VPWS:29166|VPWS:29166|||NTE|||||||||||VPWS:29166
VPLS:25730|VPLS:25730|VPLS:25730|||IPAG|||||||||||VPLS:25730
htf|htf|htf|||IPAG|||||||||||htf
VPWS:29274|VPWS:29274|VPWS:29274|||IPAG|||||||||||VPWS:29274
VPWS:25845|VPWS:25845|VPWS:25845|||IPAG|||||||||||VPWS:25845
VPLS:52683|VPLS:52683|VPLS:52683|||IPAG|||||||||||VPLS:52683
VPLS:29685|VPLS:29685|VPLS:29685|||IPAG|||||||||||VPLS:29685
VPLS:62724|VPLS:62724|VPLS:62724|||IPAG|||||||||||VPLS:62724
VPWS:28665|VPWS:28665|VPWS:28665|||NTE|||||||||||VPWS:28665
VPWS:28956|VPWS:28956|VPWS:28956|||NTE|||||||||||VPWS:28956
VPLS:62885|VPLS:62885|VPLS:62885|||IPAG|||||||||||VPLS:62885
VPLS:22784|VPLS:22784|VPLS:22784|||IPAG|||||||||||VPLS:22784
VPLS:31830|VPLS:31830|VPLS:31830|||IPAG|||||||||||VPLS:31830
VPLS:52383|VPLS:52383|VPLS:52383|||IPAG|||||||||||VPLS:52383
VPWS:30184|VPWS:30184|VPWS:30184|||IPAG|||||||||||VPWS:30184
VPWS:29615|VPWS:29615|VPWS:29615|||IPAG|||||||||||VPWS:29615
VPLS:28460|VPLS:28460|VPLS:28460|||IPAG|||||||||||VPLS:28460
VPLS:23918|VPLS:23918|VPLS:23918|||NTE|||||||||||VPLS:23918
VPLS:26215|VPLS:26215|VPLS:26215|||NTE|||||||||||VPLS:26215
VPLS:23649|VPLS:23649|VPLS:23649|||NTE|||||||||||VPLS:23649
VPWS:23919|VPWS:23919|VPWS:23919|||NTE|||||||||||VPWS:23919
VPWS:23872|VPWS:23872|VPWS:23872|||NTE|||||||||||VPWS:23872
VPWS:29596|VPWS:29596|VPWS:29596|||IPAG|||||||||||VPWS:29596
VPLS:21924|VPLS:21924|VPLS:21924|||IPAG|||||||||||VPLS:21924
VPLS:22116|VPLS:22116|VPLS:22116|||IPAG|||||||||||VPLS:22116
VPWS:31417|VPWS:31417|VPWS:31417|||IPAG|||||||||||VPWS:31417
VPLS:30938|VPLS:30938|VPLS:30938|||IPAG|||||||||||VPLS:30938
VPLS:62450|VPLS:62450|VPLS:62450|||IPAG|||||||||||VPLS:62450
VPLS:24129|VPLS:24129|VPLS:24129|||NTE|||||||||||VPLS:24129
VPWS:22730|VPWS:22730|VPWS:22730|||NTE|||||||||||VPWS:22730
VPLS:28053|VPLS:28053|VPLS:28053|||IPAG|||||||||||VPLS:28053
VPWS:28702|VPWS:28702|VPWS:28702|||IPAG|||||||||||VPWS:28702
VPLS:29007|VPLS:29007|VPLS:29007|||NTE|||||||||||VPLS:29007
VPWS:25766|VPWS:25766|VPWS:25766|||IPAG|||||||||||VPWS:25766
VPLS:30373|VPLS:30373|VPLS:30373|||OEW-SROUTER|||||||||||VPLS:30373
L2CKT:26719|L2CKT:26719|L2CKT:26719|||NTE|||||||||||L2CKT:26719
VPLS:52299|VPLS:52299|VPLS:52299|||NTE|||||||||||VPLS:52299
VPLS:63931|VPLS:63931|VPLS:63931|||NTE|||||||||||VPLS:63931
VPLS:25571|VPLS:25571|VPLS:25571|||IPAG|||||||||||VPLS:25571
VPLS:22161|VPLS:22161|VPLS:22161|||IPAG|||||||||||VPLS:22161
VPLS:27555|VPLS:27555|VPLS:27555|||IPAG|||||||||||VPLS:27555
VPLS:29701|VPLS:29701|VPLS:29701|||NTE|||||||||||VPLS:29701
VPLS:28009|VPLS:28009|VPLS:28009|||IPAG|||||||||||VPLS:28009
L2CKT:32413|L2CKT:32413|L2CKT:32413|||IPAG|||||||||||L2CKT:32413
VPLS:30193|VPLS:30193|VPLS:30193|||IPAG|||||||||||VPLS:30193
VPLS:29108|VPLS:29108|VPLS:29108|||IPAG|||||||||||VPLS:29108
VPLS:25890|VPLS:25890|VPLS:25890|||IPAG|||||||||||VPLS:25890
L2CKT:30178|L2CKT:30178|L2CKT:30178|||IPAG|||||||||||L2CKT:30178
VPWS:32101|VPWS:32101|VPWS:32101|||IPAG|||||||||||VPWS:32101
VPLS:63547|VPLS:63547|VPLS:63547|||NTE|||||||||||VPLS:63547
VPLS:25682|VPLS:25682|VPLS:25682|||NTE|||||||||||VPLS:25682
VPLS:31483|VPLS:31483|VPLS:31483|||IPAG|||||||||||VPLS:31483
VPLS:24228|VPLS:24228|VPLS:24228|||NTE|||||||||||VPLS:24228
VPLS:29492|VPLS:29492|VPLS:29492|||IPAG|||||||||||VPLS:29492
VPLS:23815|VPLS:23815|VPLS:23815|||IPAG|||||||||||VPLS:23815
VPLS:26504|VPLS:26504|VPLS:26504|||IPAG|||||||||||VPLS:26504
L2CKT:28065|L2CKT:28065|L2CKT:28065|||IPAG|||||||||||L2CKT:28065
VPWS:29298|VPWS:29298|VPWS:29298|||NTE|||||||||||VPWS:29298
L2CKT:26983|L2CKT:26983|L2CKT:26983|||IPAG|||||||||||L2CKT:26983
VPLS:28439|VPLS:28439|VPLS:28439|||IPAG|||||||||||VPLS:28439
VPLS:30455|VPLS:30455|VPLS:30455|||IPAG|||||||||||VPLS:30455
123|123|123|||IPAG|||||||||||123
VPLS:52635|VPLS:52635|VPLS:52635|||NTE|||||||||||VPLS:52635
VPLS:32010|VPLS:32010|VPLS:32010|||IPAG|||||||||||VPLS:32010
VPLS:23958|VPLS:23958|VPLS:23958|||NTE|||||||||||VPLS:23958
VPLS:30563|VPLS:30563|VPLS:30563|||IPAG|||||||||||VPLS:30563
VPLS:52157|VPLS:52157|VPLS:52157|||NTE|||||||||||VPLS:52157
L2CKT:32152|L2CKT:32152|L2CKT:32152|||IPAG|||||||||||L2CKT:32152
VPWS:30068|VPWS:30068|VPWS:30068|||IPAG|||||||||||VPWS:30068
VPLS:29212|VPLS:29212|VPLS:29212|||NTE|||||||||||VPLS:29212
VPLS:28207|VPLS:28207|VPLS:28207|||IPAG|||||||||||VPLS:28207
VPWS:21641|VPWS:21641|VPWS:21641|||IPAG|||||||||||VPWS:21641
VPWS:30552|VPWS:30552|VPWS:30552|||IPAG|||||||||||VPWS:30552
L2CKT:62666|L2CKT:62666|L2CKT:62666|||IPAG|||||||||||L2CKT:62666
L2CKT:28832|L2CKT:28832|L2CKT:28832|||IPAG|||||||||||L2CKT:28832
L2CKT:28206|L2CKT:28206|L2CKT:28206|||IPAG|||||||||||L2CKT:28206
VPLS:51843|VPLS:51843|VPLS:51843|||IPAG|||||||||||VPLS:51843
VPLS:27640|VPLS:27640|VPLS:27640|||IPAG|||||||||||VPLS:27640
VPLS:31614|VPLS:31614|VPLS:31614|||IPAG|||||||||||VPLS:31614
VPLS:25680|VPLS:25680|VPLS:25680|||NTE|||||||||||VPLS:25680
VPLS:31584|VPLS:31584|VPLS:31584|||IPAG|||||||||||VPLS:31584
VPWS:26211|VPWS:26211|VPWS:26211|||IPAG|||||||||||VPWS:26211
VPWS:27901|VPWS:27901|VPWS:27901|||IPAG|||||||||||VPWS:27901
L2CKT:24017|L2CKT:24017|L2CKT:24017|||NTE|||||||||||L2CKT:24017
L2CKT:62714|L2CKT:62714|L2CKT:62714|||IPAG|||||||||||L2CKT:62714
L2CKT:27585|L2CKT:27585|L2CKT:27585|||IPAG|||||||||||L2CKT:27585
VPLS:25537|VPLS:25537|VPLS:25537|||IPAG|||||||||||VPLS:25537
VPLS:28800|VPLS:28800|VPLS:28800|||IPAG|||||||||||VPLS:28800
VPWS:28010|VPWS:28010|VPWS:28010|||IPAG|||||||||||VPWS:28010
VPLS:23763|VPLS:23763|VPLS:23763|||IPAG|||||||||||VPLS:23763
VPLS:28697|VPLS:28697|VPLS:28697|||NTE|||||||||||VPLS:28697
VPLS:28670|VPLS:28670|VPLS:28670|||IPAG|||||||||||VPLS:28670
VPLS:23026|VPLS:23026|VPLS:23026|||NTE|||||||||||VPLS:23026
VPLS:24406|VPLS:24406|VPLS:24406|||NTE|||||||||||VPLS:24406
L2CKT:22016|L2CKT:22016|L2CKT:22016|||IPAG|||||||||||L2CKT:22016
VPLS:26445|VPLS:26445|VPLS:26445|||IPAG|||||||||||VPLS:26445
VPLS:23124|VPLS:23124|VPLS:23124|||NTE|||||||||||VPLS:23124
VPWS:63831|VPWS:63831|VPWS:63831|||NTE|||||||||||VPWS:63831
VPWS:29897|VPWS:29897|VPWS:29897|||IPAG|||||||||||VPWS:29897
VPLS:22768|VPLS:22768|VPLS:22768|||IPAG|||||||||||VPLS:22768
VPLS:22198|VPLS:22198|VPLS:22198|||IPAG|||||||||||VPLS:22198
VPLS:22513|VPLS:22513|VPLS:22513|||NTE|||||||||||VPLS:22513
abc|abc|abc|||IPAG|||||||||||abc
VPLS:51648|VPLS:51648|VPLS:51648|||NTE|||||||||||VPLS:51648
VPLS:25684|VPLS:25684|VPLS:25684|||NTE|||||||||||VPLS:25684
VPLS:31948|VPLS:31948|VPLS:31948|||IPAG|||||||||||VPLS:31948
L2CKT:22014|L2CKT:22014|L2CKT:22014|||IPAG|||||||||||L2CKT:22014
VPWS:25768|VPWS:25768|VPWS:25768|||IPAG|||||||||||VPWS:25768
VPLS:29481|VPLS:29481|VPLS:29481|||NTE|||||||||||VPLS:29481
VPLS:32558|VPLS:32558|VPLS:32558|||IPAG|||||||||||VPLS:32558
VPLS:25720|VPLS:25720|VPLS:25720|||NTE|||||||||||VPLS:25720
VPLS:32483|VPLS:32483|VPLS:32483|||IPAG|||||||||||VPLS:32483
VPWS:24113|VPWS:24113|VPWS:24113|||IPAG|||||||||||VPWS:24113
L2CKT:28669|L2CKT:28669|L2CKT:28669|||IPAG|||||||||||L2CKT:28669
VPWS:27250|VPWS:27250|VPWS:27250|||IPAG|||||||||||VPWS:27250
VPLS:23693|VPLS:23693|VPLS:23693|||IPAG|||||||||||VPLS:23693
VPLS:26649|VPLS:26649|VPLS:26649|||NTE|||||||||||VPLS:26649
VPLS:52251|VPLS:52251|VPLS:52251|||IPAG|||||||||||VPLS:52251
VPWS:30070|VPWS:30070|VPWS:30070|||IPAG|||||||||||VPWS:30070
VPLS:32099|VPLS:32099|VPLS:32099|||IPAG|||||||||||VPLS:32099
VPLS:29675|VPLS:29675|VPLS:29675|||NTE|||||||||||VPLS:29675
VPWS:29127|VPWS:29127|VPWS:29127|||NTE|||||||||||VPWS:29127
VPLS:29560|VPLS:29560|VPLS:29560|||NTE|||||||||||VPLS:29560
VPLS:20540|VPLS:20540|VPLS:20540|||IPAG|||||||||||VPLS:20540
VPWS:29427|VPWS:29427|VPWS:29427|||IPAG|||||||||||VPWS:29427
VPLS:63082|VPLS:63082|VPLS:63082|||IPAG|||||||||||VPLS:63082
VPLS:31727|VPLS:31727|VPLS:31727|||IPAG|||||||||||VPLS:31727
VPLS:21984|VPLS:21984|VPLS:21984|||IPAG|||||||||||VPLS:21984
VPLS:63138|VPLS:63138|VPLS:63138|||NTE|||||||||||VPLS:63138
VPWS:22613|VPWS:22613|VPWS:22613|||IPAG|||||||||||VPWS:22613
VPWS:28438|VPWS:28438|VPWS:28438|||IPAG|||||||||||VPWS:28438
VPWS:29493|VPWS:29493|VPWS:29493|||NTE|||||||||||VPWS:29493
VPLS:24114|VPLS:24114|VPLS:24114|||IPAG|||||||||||VPLS:24114
VPWS:64050|VPWS:64050|VPWS:64050|||NTE|||||||||||VPWS:64050
L2CKT:29589|L2CKT:29589|L2CKT:29589|||NTE|||||||||||L2CKT:29589
VPWS:24053|VPWS:24053|VPWS:24053|||IPAG|||||||||||VPWS:24053
VPWS:30504|VPWS:30504|VPWS:30504|||IPAG|||||||||||VPWS:30504
VPWS:27550|VPWS:27550|VPWS:27550|||IPAG|||||||||||VPWS:27550
VPLS:52048|VPLS:52048|VPLS:52048|||NTE|||||||||||VPLS:52048
VPLS:32444|VPLS:32444|VPLS:32444|||IPAG|||||||||||VPLS:32444
VPLS:28910|VPLS:28910|VPLS:28910|||IPAG|||||||||||VPLS:28910
VPLS:31859|VPLS:31859|VPLS:31859|||IPAG|||||||||||VPLS:31859
VPLS:26024|VPLS:26024|VPLS:26024|||IPAG|||||||||||VPLS:26024
VPWS:26783|VPWS:26783|VPWS:26783|||IPAG|||||||||||VPWS:26783
VPWS:29567|VPWS:29567|VPWS:29567|||IPAG|||||||||||VPWS:29567
L2CKT:28891|L2CKT:28891|L2CKT:28891|||IPAG|||||||||||L2CKT:28891
VPLS:22977|VPLS:22977|VPLS:22977|||NTE|||||||||||VPLS:22977
VPLS:61576|VPLS:61576|VPLS:61576|||IPAG|||||||||||VPLS:61576
VPWS:30003|VPWS:30003|VPWS:30003|||IPAG|||||||||||VPWS:30003
ASD1234|ASD1234|ASD1234|||NTE|||||||||||ASD1234
VPLS:23328|VPLS:23328|VPLS:23328|||NTE|||||||||||VPLS:23328
VPLS:28705|VPLS:28705|VPLS:28705|||IPAG|||||||||||VPLS:28705
VPLS:52133|VPLS:52133|VPLS:52133|||IPAG|||||||||||VPLS:52133
VPLS:31784|VPLS:31784|VPLS:31784|||IPAG|||||||||||VPLS:31784
L2CKT:32557|L2CKT:32557|L2CKT:32557|||IPAG|||||||||||L2CKT:32557
VPLS:322266|VPLS:322266|VPLS:322266|||NTE|||||||||||VPLS:322266
VPLS:22691|VPLS:22691|VPLS:22691|||IPAG|||||||||||VPLS:22691
VPLS:21894|VPLS:21894|VPLS:21894|||IPAG|||||||||||VPLS:21894
VPLS:27975|VPLS:27975|VPLS:27975|||IPAG|||||||||||VPLS:27975
L2CKT:63281|L2CKT:63281|L2CKT:63281|||IPAG|||||||||||L2CKT:63281
L2CKT:29363|L2CKT:29363|L2CKT:29363|||NTE|||||||||||L2CKT:29363
VPLS:28098|VPLS:28098|VPLS:28098|||IPAG|||||||||||VPLS:28098
L2CKT:27004|L2CKT:27004|L2CKT:27004|||IPAG|||||||||||L2CKT:27004
VPLS:31808|VPLS:31808|VPLS:31808|||IPAG|||||||||||VPLS:31808
VPWS:26086|VPWS:26086|VPWS:26086|||IPAG|||||||||||VPWS:26086
L2CKT:27566|L2CKT:27566|L2CKT:27566|||IPAG|||||||||||L2CKT:27566
VPLS:26709|VPLS:26709|VPLS:26709|||NTE|||||||||||VPLS:26709
VPLS:52421|VPLS:52421|VPLS:52421|||NTE|||||||||||VPLS:52421
VPLS:29987|VPLS:29987|VPLS:29987|||IPAG|||||||||||VPLS:29987
VPWS:30434|VPWS:30434|VPWS:30434|||IPAG|||||||||||VPWS:30434
VPLS:20611|VPLS:20611|VPLS:20611|||IPAG|||||||||||VPLS:20611
VPWS:25998|VPWS:25998|VPWS:25998|||IPAG|||||||||||VPWS:25998
VPWS:27803|VPWS:27803|VPWS:27803|||IPAG|||||||||||VPWS:27803
VPWS:29872|VPWS:29872|VPWS:29872|||IPAG|||||||||||VPWS:29872
L2CKT:28101|L2CKT:28101|L2CKT:28101|||IPAG|||||||||||L2CKT:28101
L2CKT:29463|L2CKT:29463|L2CKT:29463|||NTE|||||||||||L2CKT:29463
L2CKT:31918|L2CKT:31918|L2CKT:31918|||IPAG|||||||||||L2CKT:31918
L2CKT:25861|L2CKT:25861|L2CKT:25861|||IPAG|||||||||||L2CKT:25861
VPLS:63711|VPLS:63711|VPLS:63711|||NTE|||||||||||VPLS:63711
VPWS:27777|VPWS:27777|VPWS:27777|||IPAG|||||||||||VPWS:27777
L2CKT:28087|L2CKT:28087|L2CKT:28087|||NTE|||||||||||L2CKT:28087
VPLS:27594|VPLS:27594|VPLS:27594|||IPAG|||||||||||VPLS:27594
VPWS:28473|VPWS:28473|VPWS:28473|||IPAG|||||||||||VPWS:28473
VPWS:29160|VPWS:29160|VPWS:29160|||NTE|||||||||||VPWS:29160
VPLS:21333|VPLS:21333|VPLS:21333|||IPAG|||||||||||VPLS:21333
VPLS:24016|VPLS:24016|VPLS:24016|||NTE|||||||||||VPLS:24016
VPWS:63545|VPWS:63545|VPWS:63545|||NTE|||||||||||VPWS:63545
VPLS:26731|VPLS:26731|VPLS:26731|||IPAG|||||||||||VPLS:26731
VPWS:63695|VPWS:63695|VPWS:63695|||NTE|||||||||||VPWS:63695
VPWS:23926|VPWS:23926|VPWS:23926|||NTE|||||||||||VPWS:23926
VPLS:27271|VPLS:27271|VPLS:27271|||IPAG|||||||||||VPLS:27271
VPLS:22573|VPLS:22573|VPLS:22573|||NTE|||||||||||VPLS:22573
VPLS:24390|VPLS:24390|VPLS:24390|||NTE|||||||||||VPLS:24390
VPWS:25807|VPWS:25807|VPWS:25807|||IPAG|||||||||||VPWS:25807
VPLS:27243|VPLS:27243|VPLS:27243|||IPAG|||||||||||VPLS:27243
VPLS:52637|VPLS:52637|VPLS:52637|||NTE|||||||||||VPLS:52637
VPWS:25103|VPWS:25103|VPWS:25103|||NTE|||||||||||VPWS:25103
VPLS:25577|VPLS:25577|VPLS:25577|||NTE|||||||||||VPLS:25577
L2CKT:29236|L2CKT:29236|L2CKT:29236|||NTE|||||||||||L2CKT:29236
VPWS:28882|VPWS:28882|VPWS:28882|||NTE|||||||||||VPWS:28882
VPLS:29679|VPLS:29679|VPLS:29679|||IPAG|||||||||||VPLS:29679
VPWS:23950|VPWS:23950|VPWS:23950|||NTE|||||||||||VPWS:23950
VPLS:62911|VPLS:62911|VPLS:62911|||NTE|||||||||||VPLS:62911
VPLS:24097|VPLS:24097|VPLS:24097|||NTE|||||||||||VPLS:24097
VPLS:26734|VPLS:26734|VPLS:26734|||IPAG|||||||||||VPLS:26734
VPLS:31750|VPLS:31750|VPLS:31750|||IPAG|||||||||||VPLS:31750
VPWS:23772|VPWS:23772|VPWS:23772|||NTE|||||||||||VPWS:23772
VPWS:23028|VPWS:23028|VPWS:23028|||NTE|||||||||||VPWS:23028
VPLS:52300|VPLS:52300|VPLS:52300|||NTE|||||||||||VPLS:52300
VPLS:27552|VPLS:27552|VPLS:27552|||IPAG|||||||||||VPLS:27552
VPLS:25865|VPLS:25865|VPLS:25865|||IPAG|||||||||||VPLS:25865
VPLS:23874|VPLS:23874|VPLS:23874|||NTE|||||||||||VPLS:23874
VPLS:23172|VPLS:23172|VPLS:23172|||NTE|||||||||||VPLS:23172
VPWS:23474|VPWS:23474|VPWS:23474|||IPAG|||||||||||VPWS:23474
VPLS:21651|VPLS:21651|VPLS:21651|||NTE|||||||||||VPLS:21651
VPLS:24479|VPLS:24479|VPLS:24479|||NTE|||||||||||VPLS:24479
VPWS:20845|VPWS:20845|VPWS:20845|||IPAG|||||||||||VPWS:20845
VPLS:28051|VPLS:28051|VPLS:28051|||IPAG|||||||||||VPLS:28051
VPLS:28752|VPLS:28752|VPLS:28752|||NTE|||||||||||VPLS:28752
VPLS:30978|VPLS:30978|VPLS:30978|||IPAG|||||||||||VPLS:30978
VPLS:26502|VPLS:26502|VPLS:26502|||IPAG|||||||||||VPLS:26502
VPLS:26216|VPLS:26216|VPLS:26216|||NTE|||||||||||VPLS:26216
VPLS:26155|VPLS:26155|VPLS:26155|||IPAG|||||||||||VPLS:26155
VPLS:27543|VPLS:27543|VPLS:27543|||IPAG|||||||||||VPLS:27543
L2CKT:27933|L2CKT:27933|L2CKT:27933|||IPAG|||||||||||L2CKT:27933
VPWS:23900|VPWS:23900|VPWS:23900|||NTE|||||||||||VPWS:23900
VPLS:24373|VPLS:24373|VPLS:24373|||NTE|||||||||||VPLS:24373
VPLS:51278|VPLS:51278|VPLS:51278|||NTE|||||||||||VPLS:51278
VPLS:24995|VPLS:24995|VPLS:24995|||IPAG|||||||||||VPLS:24995
L2CKT:63389|L2CKT:63389|L2CKT:63389|||IPAG|||||||||||L2CKT:63389
VPLS:30618|VPLS:30618|VPLS:30618|||IPAG|||||||||||VPLS:30618
VPLS:28610|VPLS:28610|VPLS:28610|||NTE|||||||||||VPLS:28610
VPLS:27758|VPLS:27758|VPLS:27758|||NTE|||||||||||VPLS:27758
VPLS:23780|VPLS:23780|VPLS:23780|||IPAG|||||||||||VPLS:23780
VPLS:31300|VPLS:31300|VPLS:31300|||IPAG|||||||||||VPLS:31300
VPLS:26784|VPLS:26784|VPLS:26784|||IPAG|||||||||||VPLS:26784
VPWS:26618|VPWS:26618|VPWS:26618|||IPAG|||||||||||VPWS:26618
VPLS:25840|VPLS:25840|VPLS:25840|||NTE|||||||||||VPLS:25840
VPLS:26076|VPLS:26076|VPLS:26076|||IPAG|||||||||||VPLS:26076
VPLS:27972|VPLS:27972|VPLS:27972|||IPAG|||||||||||VPLS:27972
VPLS:62391|VPLS:62391|VPLS:62391|||NTE|||||||||||VPLS:62391
VPWS:25014|VPWS:25014|VPWS:25014|||IPAG|||||||||||VPWS:25014
VPLS:26953|VPLS:26953|VPLS:26953|||NTE|||||||||||VPLS:26953
VPLS:25965|VPLS:25965|VPLS:25965|||IPAG|||||||||||VPLS:25965
VPLS:28742|VPLS:28742|VPLS:28742|||NTE|||||||||||VPLS:28742
VPLS:25686|VPLS:25686|VPLS:25686|||IPAG|||||||||||VPLS:25686
VPLS:28886|VPLS:28886|VPLS:28886|||IPAG|||||||||||VPLS:28886
VPWS:23645|VPWS:23645|VPWS:23645|||IPAG|||||||||||VPWS:23645
VPWS:22460|VPWS:22460|VPWS:22460|||IPAG|||||||||||VPWS:22460
VPLS:27542|VPLS:27542|VPLS:27542|||IPAG|||||||||||VPLS:27542
VPLS:63888|VPLS:63888|VPLS:63888|||NTE|||||||||||VPLS:63888
VPWS:23773|VPWS:23773|VPWS:23773|||NTE|||||||||||VPWS:23773
VPLS:63880|VPLS:63880|VPLS:63880|||NTE|||||||||||VPLS:63880
VPLS:24073|VPLS:24073|VPLS:24073|||IPAG|||||||||||VPLS:24073
VPLS:25318|VPLS:25318|VPLS:25318|||IPAG|||||||||||VPLS:25318
VPLS:52132|VPLS:52132|VPLS:52132|||NTE|||||||||||VPLS:52132
VPWS:23940|VPWS:23940|VPWS:23940|||NTE|||||||||||VPWS:23940
VPLS:28465|VPLS:28465|VPLS:28465|||IPAG|||||||||||VPLS:28465
VPWS:23243|VPWS:23243|VPWS:23243|||NTE|||||||||||VPWS:23243
VPLS:63603|VPLS:63603|VPLS:63603|||NTE|||||||||||VPLS:63603
VPLS:25876|VPLS:25876|VPLS:25876|||IPAG|||||||||||VPLS:25876
VPLS:29153|VPLS:29153|VPLS:29153|||NTE|||||||||||VPLS:29153
VPLS:28963|VPLS:28963|VPLS:28963|||IPAG|||||||||||VPLS:28963
VPWS:25701|VPWS:25701|VPWS:25701|||NTE|||||||||||VPWS:25701
L2CKT:62505|L2CKT:62505|L2CKT:62505|||IPAG|||||||||||L2CKT:62505
VPLS:24096|VPLS:24096|VPLS:24096|||NTE|||||||||||VPLS:24096
VPLS:23230|VPLS:23230|VPLS:23230|||NTE|||||||||||VPLS:23230
VPLS:29684|VPLS:29684|VPLS:29684|||IPAG|||||||||||VPLS:29684
VPWS:29168|VPWS:29168|VPWS:29168|||NTE|||||||||||VPWS:29168
VPLS:22443|VPLS:22443|VPLS:22443|||NTE|||||||||||VPLS:22443
VPLS:20689|VPLS:20689|VPLS:20689|||IPAG|||||||||||VPLS:20689
VPWS:30924|VPWS:30924|VPWS:30924|||IPAG|||||||||||VPWS:30924
VPLS:32270|VPLS:32270|VPLS:32270|||IPAG|||||||||||VPLS:32270
VPWS:28704|VPWS:28704|VPWS:28704|||IPAG|||||||||||VPWS:28704
VPWS:22629|VPWS:22629|VPWS:22629|||IPAG|||||||||||VPWS:22629
VPLS:25820|VPLS:25820|VPLS:25820|||IPAG|||||||||||VPLS:25820
VPLS:29327|VPLS:29327|VPLS:29327|||IPAG|||||||||||VPLS:29327
L2CKT:62523|L2CKT:62523|L2CKT:62523|||IPAG|||||||||||L2CKT:62523
VPWS:27681|VPWS:27681|VPWS:27681|||IPAG|||||||||||VPWS:27681
VPWS:63665|VPWS:63665|VPWS:63665|||IPAG|||||||||||VPWS:63665
VPLS:24201|VPLS:24201|VPLS:24201|||NTE|||||||||||VPLS:24201
VPWS:30774|VPWS:30774|VPWS:30774|||IPAG|||||||||||VPWS:30774
VPLS:26501|VPLS:26501|VPLS:26501|||IPAG|||||||||||VPLS:26501
L2CKT:28057|L2CKT:28057|L2CKT:28057|||IPAG|||||||||||L2CKT:28057
VPWS:23426|VPWS:23426|VPWS:23426|||IPAG|||||||||||VPWS:23426
VPWS:27831|VPWS:27831|VPWS:27831|||IPAG|||||||||||VPWS:27831
VPLS:52611|VPLS:52611|VPLS:52611|||NTE|||||||||||VPLS:52611
L2CKT:32384|L2CKT:32384|L2CKT:32384|||IPAG|||||||||||L2CKT:32384
VPWS:63693|VPWS:63693|VPWS:63693|||NTE|||||||||||VPWS:63693
VPLS:23897|VPLS:23897|VPLS:23897|||NTE|||||||||||VPLS:23897
VPLS:25581|VPLS:25581|VPLS:25581|||IPAG|||||||||||VPLS:25581
L2CKT:24011|L2CKT:24011|L2CKT:24011|||NTE|||||||||||L2CKT:24011
L2CKT:28636|L2CKT:28636|L2CKT:28636|||IPAG|||||||||||L2CKT:28636
VPWS:63419|VPWS:63419|VPWS:63419|||NTE|||||||||||VPWS:63419
L2CKT:2351|L2CKT:2351|L2CKT:2351|||IPAG|||||||||||L2CKT:2351
VPLS:26635|VPLS:26635|VPLS:26635|||NTE|||||||||||VPLS:26635
VPLS:29566|VPLS:29566|VPLS:29566|||IPAG|||||||||||VPLS:29566
L2CKT:22641|L2CKT:22641|L2CKT:22641|||NTE|||||||||||L2CKT:22641
VPWS:30383|VPWS:30383|VPWS:30383|||IPAG|||||||||||VPWS:30383
VPLS:26715|VPLS:26715|VPLS:26715|||NTE|||||||||||VPLS:26715
VPWS:29277|VPWS:29277|VPWS:29277|||IPAG|||||||||||VPWS:29277
VPLS:21933|VPLS:21933|VPLS:21933|||IPAG|||||||||||VPLS:21933
VPWS:25882|VPWS:25882|VPWS:25882|||IPAG|||||||||||VPWS:25882
VPLS:30079|VPLS:30079|VPLS:30079|||IPAG|||||||||||VPLS:30079
VPLS:61018|VPLS:61018|VPLS:61018|||IPAG|||||||||||VPLS:61018
VPLS:22435|VPLS:22435|VPLS:22435|||IPAG|||||||||||VPLS:22435
VPLS:27166|VPLS:27166|VPLS:27166|||NTE|||||||||||VPLS:27166
L2CKT:63114|L2CKT:63114|L2CKT:63114|||IPAG|||||||||||L2CKT:63114
VPLS:31302|VPLS:31302|VPLS:31302|||IPAG|||||||||||VPLS:31302
VPLS:24408|VPLS:24408|VPLS:24408|||NTE|||||||||||VPLS:24408
GFD|GFD|GFD|||NTE|||||||||||GFD
VPLS:63605|VPLS:63605|VPLS:63605|||NTE|||||||||||VPLS:63605
VPLS:28748|VPLS:28748|VPLS:28748|||NTE|||||||||||VPLS:28748
L2CKT:32162|L2CKT:32162|L2CKT:32162|||IPAG|||||||||||L2CKT:32162
VPWS:28871|VPWS:28871|VPWS:28871|||IPAG|||||||||||VPWS:28871
VPLS:21634|VPLS:21634|VPLS:21634|||NTE|||||||||||VPLS:21634
VPWS:25591|VPWS:25591|VPWS:25591|||IPAG|||||||||||VPWS:25591
VPLS:29008|VPLS:29008|VPLS:29008|||IPAG|||||||||||VPLS:29008
VPLS:22400|VPLS:22400|VPLS:22400|||IPAG|||||||||||VPLS:22400
L2CKT:22574|L2CKT:22574|L2CKT:22574|||NTE|||||||||||L2CKT:22574
VPLS:29129|VPLS:29129|VPLS:29129|||IPAG|||||||||||VPLS:29129
VPWS:22512|VPWS:22512|VPWS:22512|||NTE|||||||||||VPWS:22512
VPLS:32228|VPLS:32228|VPLS:32228|||IPAG|||||||||||VPLS:32228
VPLS:20559|VPLS:20559|VPLS:20559|||IPAG|||||||||||VPLS:20559
VPWS:27694|VPWS:27694|VPWS:27694|||IPAG|||||||||||VPWS:27694
VPWS:21840|VPWS:21840|VPWS:21840|||NTE|||||||||||VPWS:21840
VPLS:23680|VPLS:23680|VPLS:23680|||NTE|||||||||||VPLS:23680
VPLS:30294|VPLS:30294|VPLS:30294|||IPAG|||||||||||VPLS:30294
VPWS:31887|VPWS:31887|VPWS:31887|||IPAG|||||||||||VPWS:31887
VPLS:30099|VPLS:30099|VPLS:30099|||IPAG|||||||||||VPLS:30099
VPWS:29117|VPWS:29117|VPWS:29117|||IPAG|||||||||||VPWS:29117
VPWS:21631|VPWS:21631|VPWS:21631|||IPAG|||||||||||VPWS:21631
L2CKT:32512|L2CKT:32512|L2CKT:32512|||IPAG|||||||||||L2CKT:32512
VPLS:30117|VPLS:30117|VPLS:30117|||IPAG|||||||||||VPLS:30117
VPWS:23816|VPWS:23816|VPWS:23816|||IPAG|||||||||||VPWS:23816
VPWS:24126|VPWS:24126|VPWS:24126|||NTE|||||||||||VPWS:24126
VPLS:63601|VPLS:63601|VPLS:63601|||NTE|||||||||||VPLS:63601
VPLS:25599|VPLS:25599|VPLS:25599|||IPAG|||||||||||VPLS:25599
VPLS:52119|VPLS:52119|VPLS:52119|||IPAG|||||||||||VPLS:52119
VPWS:23941|VPWS:23941|VPWS:23941|||NTE|||||||||||VPWS:23941
VPWS:22440|VPWS:22440|VPWS:22440|||IPAG|||||||||||VPWS:22440
VPWS:63591|VPWS:63591|VPWS:63591|||NTE|||||||||||VPWS:63591
VPLS:31252|VPLS:31252|VPLS:31252|||NTE|||||||||||VPLS:31252
VPWS:31731|VPWS:31731|VPWS:31731|||IPAG|||||||||||VPWS:31731
VPLS:22241|VPLS:22241|VPLS:22241|||IPAG|||||||||||VPLS:22241
VPWS:23679|VPWS:23679|VPWS:23679|||NTE|||||||||||VPWS:23679
VPLS:31556|VPLS:31556|VPLS:31556|||NTE|||||||||||VPLS:31556
VPWS:22474|VPWS:22474|VPWS:22474|||IPAG|||||||||||VPWS:22474
VPWS:29836|VPWS:29836|VPWS:29836|||NTE|||||||||||VPWS:29836
VPLS:30355|VPLS:30355|VPLS:30355|||IPAG|||||||||||VPLS:30355
VPLS:52424|VPLS:52424|VPLS:52424|||IPAG|||||||||||VPLS:52424
VPLS:26707|VPLS:26707|VPLS:26707|||NTE|||||||||||VPLS:26707
VPWS:32400|VPWS:32400|VPWS:32400|||IPAG|||||||||||VPWS:32400
VPLS:28759|VPLS:28759|VPLS:28759|||IPAG|||||||||||VPLS:28759
VPLS:52118|VPLS:52118|VPLS:52118|||NTE|||||||||||VPLS:52118
VPLS:31756|VPLS:31756|VPLS:31756|||IPAG|||||||||||VPLS:31756
VPLS:25863|VPLS:25863|VPLS:25863|||IPAG|||||||||||VPLS:25863
VPWS:27971|VPWS:27971|VPWS:27971|||IPAG|||||||||||VPWS:27971
VPWS:23752|VPWS:23752|VPWS:23752|||IPAG|||||||||||VPWS:23752
VPWS:26217|VPWS:26217|VPWS:26217|||IPAG|||||||||||VPWS:26217
VPWS:63589|VPWS:63589|VPWS:63589|||NTE|||||||||||VPWS:63589
VPLS:24460|VPLS:24460|VPLS:24460|||NTE|||||||||||VPLS:24460
VPLS:25650|VPLS:25650|VPLS:25650|||IPAG|||||||||||VPLS:25650
L2CKT:32445|L2CKT:32445|L2CKT:32445|||IPAG|||||||||||L2CKT:32445
VPLS:30517|VPLS:30517|VPLS:30517|||IPAG|||||||||||VPLS:30517
VPWS:23622|VPWS:23622|VPWS:23622|||NTE|||||||||||VPWS:23622
VPWS:29362|VPWS:29362|VPWS:29362|||NTE|||||||||||VPWS:29362
VPLS:26701|VPLS:26701|VPLS:26701|||NTE|||||||||||VPLS:26701
VPWS:25342|VPWS:25342|VPWS:25342|||IPAG|||||||||||VPWS:25342
VPLS:29388|VPLS:29388|VPLS:29388|||IPAG|||||||||||VPLS:29388
VPLS:52591|VPLS:52591|VPLS:52591|||NTE|||||||||||VPLS:52591
VPLS:28848|VPLS:28848|VPLS:28848|||IPAG|||||||||||VPLS:28848
L2CKT:27544|L2CKT:27544|L2CKT:27544|||NTE|||||||||||L2CKT:27544
VPLS:63883|VPLS:63883|VPLS:63883|||NTE|||||||||||VPLS:63883
VPLS:26500|VPLS:26500|VPLS:26500|||IPAG|||||||||||VPLS:26500
VPWS:31761|VPWS:31761|VPWS:31761|||IPAG|||||||||||VPWS:31761
L2CKT:32310|L2CKT:32310|L2CKT:32310|||IPAG|||||||||||L2CKT:32310
VPLS:27447|VPLS:27447|VPLS:27447|||IPAG|||||||||||VPLS:27447
VPLS:61232|VPLS:61232|VPLS:61232|||NTE|||||||||||VPLS:61232
VPWS:29326|VPWS:29326|VPWS:29326|||IPAG|||||||||||VPWS:29326
VPWS:27270|VPWS:27270|VPWS:27270|||IPAG|||||||||||VPWS:27270
VPWS:22466|VPWS:22466|VPWS:22466|||IPAG|||||||||||VPWS:22466
VPLS:28992|VPLS:28992|VPLS:28992|||IPAG|||||||||||VPLS:28992
VPWS:63606|VPWS:63606|VPWS:63606|||IPAG|||||||||||VPWS:63606
VPLS:61224|VPLS:61224|VPLS:61224|||NTE|||||||||||VPLS:61224
L2CKT:29276|L2CKT:29276|L2CKT:29276|||IPAG|||||||||||L2CKT:29276
VPLS:29051|VPLS:29051|VPLS:29051|||IPAG|||||||||||VPLS:29051
VPLS:25967|VPLS:25967|VPLS:25967|||IPAG|||||||||||VPLS:25967
VPLS:30784|VPLS:30784|VPLS:30784|||IPAG|||||||||||VPLS:30784
VPLS:24533|VPLS:24533|VPLS:24533|||NTE|||||||||||VPLS:24533
123:987|123:987|123:987|||IPAG|||||||||||123:987
VPLS:28110|VPLS:28110|VPLS:28110|||IPAG|||||||||||VPLS:28110
VPWS:31983|VPWS:31983|VPWS:31983|||IPAG|||||||||||VPWS:31983
VPWS:29189|VPWS:29189|VPWS:29189|||IPAG|||||||||||VPWS:29189
L2CKT:32591|L2CKT:32591|L2CKT:32591|||IPAG|||||||||||L2CKT:32591
VPWS:23702|VPWS:23702|VPWS:23702|||IPAG|||||||||||VPWS:23702
VPLS:22365|VPLS:22365|VPLS:22365|||IPAG|||||||||||VPLS:22365
132456|132456|132456|||IPAG|||||||||||132456
VPLS:24258|VPLS:24258|VPLS:24258|||NTE|||||||||||VPLS:24258
L2CKT:27535|L2CKT:27535|L2CKT:27535|||IPAG|||||||||||L2CKT:27535
L2CKT:24071|L2CKT:24071|L2CKT:24071|||NTE|||||||||||L2CKT:24071
VPLS:52250|VPLS:52250|VPLS:52250|||NTE|||||||||||VPLS:52250
VPLS:24430|VPLS:24430|VPLS:24430|||NTE|||||||||||VPLS:24430
VPLS:23688|VPLS:23688|VPLS:23688|||NTE|||||||||||VPLS:23688
L2CKT:32038|L2CKT:32038|L2CKT:32038|||IPAG|||||||||||L2CKT:32038
VPWS:26229|VPWS:26229|VPWS:26229|||IPAG|||||||||||VPWS:26229
VPWS:25642|VPWS:25642|VPWS:25642|||IPAG|||||||||||VPWS:25642
VPWS:29249|VPWS:29249|VPWS:29249|||NTE|||||||||||VPWS:29249
VPLS:20715|VPLS:20715|VPLS:20715|||NTE|||||||||||VPLS:20715
VPWS:24072|VPWS:24072|VPWS:24072|||IPAG|||||||||||VPWS:24072
VPLS:22830|VPLS:22830|VPLS:22830|||IPAG|||||||||||VPLS:22830
VPWS:31742|VPWS:31742|VPWS:31742|||IPAG|||||||||||VPWS:31742
VPLS:28941|VPLS:28941|VPLS:28941|||NTE|||||||||||VPLS:28941
VPWS:28031|VPWS:28031|VPWS:28031|||IPAG|||||||||||VPWS:28031
VPLS:29235|VPLS:29235|VPLS:29235|||IPAG|||||||||||VPLS:29235
VPWS:32105|VPWS:32105|VPWS:32105|||IPAG|||||||||||VPWS:32105
VPLS:30384|VPLS:30384|VPLS:30384|||IPAG|||||||||||VPLS:30384
VPLS:22297|VPLS:22297|VPLS:22297|||NTE|||||||||||VPLS:22297
VPLS:31673|VPLS:31673|VPLS:31673|||IPAG|||||||||||VPLS:31673
L2CKT:31817|L2CKT:31817|L2CKT:31817|||NTE|||||||||||L2CKT:31817
VPWS:28346|VPWS:28346|VPWS:28346|||IPAG|||||||||||VPWS:28346
VPLS:25874|VPLS:25874|VPLS:25874|||IPAG|||||||||||VPLS:25874
VPLS:32026|VPLS:32026|VPLS:32026|||IPAG|||||||||||VPLS:32026
VPLS:31005|VPLS:31005|VPLS:31005|||NTE|||||||||||VPLS:31005
VPLS:21605|VPLS:21605|VPLS:21605|||IPAG|||||||||||VPLS:21605
VPLS:20548|VPLS:20548|VPLS:20548|||IPAG|||||||||||VPLS:20548
VPLS:25550|VPLS:25550|VPLS:25550|||IPAG|||||||||||VPLS:25550
VPWS:23043|VPWS:23043|VPWS:23043|||NTE|||||||||||VPWS:23043
VPLS:25808|VPLS:25808|VPLS:25808|||IPAG|||||||||||VPLS:25808
VPLS:23959|VPLS:23959|VPLS:23959|||NTE|||||||||||VPLS:23959
VPLS:25710|VPLS:25710|VPLS:25710|||IPAG|||||||||||VPLS:25710
VPWS:28489|VPWS:28489|VPWS:28489|||IPAG|||||||||||VPWS:28489
VPLS:26503|VPLS:26503|VPLS:26503|||IPAG|||||||||||VPLS:26503
L2CKT:30939|L2CKT:30939|L2CKT:30939|||IPAG|||||||||||L2CKT:30939
VPLS:23927|VPLS:23927|VPLS:23927|||NTE|||||||||||VPLS:23927
VPLS:29931|VPLS:29931|VPLS:29931|||IPAG|||||||||||VPLS:29931
VPLS:52152|VPLS:52152|VPLS:52152|||IPAG|||||||||||VPLS:52152
VPWS:31004|VPWS:31004|VPWS:31004|||IPAG|||||||||||VPWS:31004
VPLS:26463|VPLS:26463|VPLS:26463|||IPAG|||||||||||VPLS:26463
VPWS:23104|VPWS:23104|VPWS:23104|||NTE|||||||||||VPWS:23104
VPLS:31999|VPLS:31999|VPLS:31999|||IPAG|||||||||||VPLS:31999
VPWS:21886|VPWS:21886|VPWS:21886|||IPAG|||||||||||VPWS:21886
L2CKT:32106|L2CKT:32106|L2CKT:32106|||IPAG|||||||||||L2CKT:32106
VPLS:29288|VPLS:29288|VPLS:29288|||IPAG|||||||||||VPLS:29288
VPLS:23604|VPLS:23604|VPLS:23604|||NTE|||||||||||VPLS:23604
VPWS:28885|VPWS:28885|VPWS:28885|||IPAG|||||||||||VPWS:28885
VPWS:24095|VPWS:24095|VPWS:24095|||IPAG|||||||||||VPWS:24095
VPLS:52347|VPLS:52347|VPLS:52347|||IPAG|||||||||||VPLS:52347
VPWS:29162|VPWS:29162|VPWS:29162|||IPAG|||||||||||VPWS:29162
VPLS:27565|VPLS:27565|VPLS:27565|||IPAG|||||||||||VPLS:27565
VPWS:25759|VPWS:25759|VPWS:25759|||IPAG|||||||||||VPWS:25759
VPWS:29246|VPWS:29246|VPWS:29246|||IPAG|||||||||||VPWS:29246
VPLS:32036|VPLS:32036|VPLS:32036|||IPAG|||||||||||VPLS:32036
VPWS:25761|VPWS:25761|VPWS:25761|||IPAG|||||||||||VPWS:25761
VPLS:26797|VPLS:26797|VPLS:26797|||IPAG|||||||||||VPLS:26797
VPWS:25673|VPWS:25673|VPWS:25673|||NTE|||||||||||VPWS:25673
VPWS:63829|VPWS:63829|VPWS:63829|||NTE|||||||||||VPWS:63829
VPLS:21579|VPLS:21579|VPLS:21579|||IPAG|||||||||||VPLS:21579
VPLS:28850|VPLS:28850|VPLS:28850|||IPAG|||||||||||VPLS:28850
VPWS:31829|VPWS:31829|VPWS:31829|||IPAG|||||||||||VPWS:31829
VPLS:52179|VPLS:52179|VPLS:52179|||IPAG|||||||||||VPLS:52179
VPLS:23942|VPLS:23942|VPLS:23942|||NTE|||||||||||VPLS:23942
VPLS:28698|VPLS:28698|VPLS:28698|||NTE|||||||||||VPLS:28698
VPWS:27848|VPWS:27848|VPWS:27848|||IPAG|||||||||||VPWS:27848
VPLS:22330|VPLS:22330|VPLS:22330|||IPAG|||||||||||VPLS:22330
VPLS:22308|VPLS:22308|VPLS:22308|||IPAG|||||||||||VPLS:22308
VPLS:26999|VPLS:26999|VPLS:26999|||NTE|||||||||||VPLS:26999
VPLS:21951|VPLS:21951|VPLS:21951|||IPAG|||||||||||VPLS:21951
VPLS:63140|VPLS:63140|VPLS:63140|||NTE|||||||||||VPLS:63140
VPLS:21550|VPLS:21550|VPLS:21550|||NTE|||||||||||VPLS:21550
L2CKT:27593|L2CKT:27593|L2CKT:27593|||IPAG|||||||||||L2CKT:27593
VPLS:22672|VPLS:22672|VPLS:22672|||IPAG|||||||||||VPLS:22672
VPWS:22671|VPWS:22671|VPWS:22671|||IPAG|||||||||||VPWS:22671
VPLS:52140|VPLS:52140|VPLS:52140|||IPAG|||||||||||VPLS:52140
VPLS:25461|VPLS:25461|VPLS:25461|||IPAG|||||||||||VPLS:25461
VPLS:26708|VPLS:26708|VPLS:26708|||NTE|||||||||||VPLS:26708
VPWS:28888|VPWS:28888|VPWS:28888|||IPAG|||||||||||VPWS:28888
123:897|123:897|123:897|||IPAG|||||||||||123:897
VPLS:52272|VPLS:52272|VPLS:52272|||IPAG|||||||||||VPLS:52272
VPLS:24027|VPLS:24027|VPLS:24027|||NTE|||||||||||VPLS:24027
VPWS:26554|VPWS:26554|VPWS:26554|||IPAG|||||||||||VPWS:26554
VPLS:27380|VPLS:27380|VPLS:27380|||IPAG|||||||||||VPLS:27380
VPWS:28843|VPWS:28843|VPWS:28843|||IPAG|||||||||||VPWS:28843
VPWS:30828|VPWS:30828|VPWS:30828|||IPAG|||||||||||VPWS:30828
VPLS:30142|VPLS:30142|VPLS:30142|||IPAG|||||||||||VPLS:30142
VPLS:27997|VPLS:27997|VPLS:27997|||IPAG|||||||||||VPLS:27997
VPWS:28900|VPWS:28900|VPWS:28900|||IPAG|||||||||||VPWS:28900
VPLS:30074|VPLS:30074|VPLS:30074|||IPAG|||||||||||VPLS:30074
VPWS:32385|VPWS:32385|VPWS:32385|||IPAG|||||||||||VPWS:32385
VPWS:29155|VPWS:29155|VPWS:29155|||IPAG|||||||||||VPWS:29155
VPWS:25763|VPWS:25763|VPWS:25763|||IPAG|||||||||||VPWS:25763
L2CKT:28058|L2CKT:28058|L2CKT:28058|||IPAG|||||||||||L2CKT:28058
VPWS:25615|VPWS:25615|VPWS:25615|||IPAG|||||||||||VPWS:25615
VPWS:23848|VPWS:23848|VPWS:23848|||NTE|||||||||||VPWS:23848
VPWS:26952|VPWS:26952|VPWS:26952|||NTE|||||||||||VPWS:26952
VPWS:30372|VPWS:30372|VPWS:30372|||IPAG|||||||||||VPWS:30372
VPLS:61826|VPLS:61826|VPLS:61826|||NTE|||||||||||VPLS:61826
VPWS:25707|VPWS:25707|VPWS:25707|||NTE|||||||||||VPWS:25707
VPLS:28745|VPLS:28745|VPLS:28745|||NTE|||||||||||VPLS:28745
VPLS:20596|VPLS:20596|VPLS:20596|||IPAG|||||||||||VPLS:20596
VPWS:26308|VPWS:26308|VPWS:26308|||IPAG|||||||||||VPWS:26308
VPLS:26948|VPLS:26948|VPLS:26948|||NTE|||||||||||VPLS:26948
VPWS:23704|VPWS:23704|VPWS:23704|||IPAG|||||||||||VPWS:23704
VPWS:22735|VPWS:22735|VPWS:22735|||IPAG|||||||||||VPWS:22735
L2CKT:26945|L2CKT:26945|L2CKT:26945|||NTE|||||||||||L2CKT:26945
VPWS:23779|VPWS:23779|VPWS:23779|||NTE|||||||||||VPWS:23779
VPLS:23086|VPLS:23086|VPLS:23086|||NTE|||||||||||VPLS:23086
VPLS:25994|VPLS:25994|VPLS:25994|||IPAG|||||||||||VPLS:25994
VPLS:29570|VPLS:29570|VPLS:29570|||IPAG|||||||||||VPLS:29570
VPLS:25995|VPLS:25995|VPLS:25995|||IPAG|||||||||||VPLS:25995
VPWS:25753|VPWS:25753|VPWS:25753|||IPAG|||||||||||VPWS:25753
VPWS:23781|VPWS:23781|VPWS:23781|||NTE|||||||||||VPWS:23781
VPLS:24130|VPLS:24130|VPLS:24130|||NTE|||||||||||VPLS:24130
VPLS:31762|VPLS:31762|VPLS:31762|||IPAG|||||||||||VPLS:31762
L2CKT:27515|L2CKT:27515|L2CKT:27515|||IPAG|||||||||||L2CKT:27515
VPWS:25866|VPWS:25866|VPWS:25866|||IPAG|||||||||||VPWS:25866
VPWS:25687|VPWS:25687|VPWS:25687|||IPAG|||||||||||VPWS:25687
VPLS:26462|VPLS:26462|VPLS:26462|||IPAG|||||||||||VPLS:26462
VPLS:24510|VPLS:24510|VPLS:24510|||NTE|||||||||||VPLS:24510
VPWS:27757|VPWS:27757|VPWS:27757|||IPAG|||||||||||VPWS:27757
VPLS:29269|VPLS:29269|VPLS:29269|||IPAG|||||||||||VPLS:29269
VPLS:28847|VPLS:28847|VPLS:28847|||IPAG|||||||||||VPLS:28847
VPWS:29225|VPWS:29225|VPWS:29225|||NTE|||||||||||VPWS:29225
VPLS:32240|VPLS:32240|VPLS:32240|||IPAG|||||||||||VPLS:32240
L2CKT:23605|L2CKT:23605|L2CKT:23605|||NTE|||||||||||L2CKT:23605
VPLS:25417|VPLS:25417|VPLS:25417|||IPAG|||||||||||VPLS:25417
VPLS:32020|VPLS:32020|VPLS:32020|||IPAG|||||||||||VPLS:32020
VPLS:30826|VPLS:30826|VPLS:30826|||IPAG|||||||||||VPLS:30826
VPWS:23582|VPWS:23582|VPWS:23582|||NTE|||||||||||VPWS:23582
VPWS:26831|VPWS:26831|VPWS:26831|||NTE|||||||||||VPWS:26831
VPLS:20910|VPLS:20910|VPLS:20910|||NTE|||||||||||VPLS:20910
VPWS:25757|VPWS:25757|VPWS:25757|||IPAG|||||||||||VPWS:25757
VPWS:26876|VPWS:26876|VPWS:26876|||NTE|||||||||||VPWS:26876
L2CKT:28933|L2CKT:28933|L2CKT:28933|||IPAG|||||||||||L2CKT:28933
VPLS:63626|VPLS:63626|VPLS:63626|||IPAG|||||||||||VPLS:63626
VPLS:52610|VPLS:52610|VPLS:52610|||IPAG|||||||||||VPLS:52610
VPLS:24547|VPLS:24547|VPLS:24547|||NTE|||||||||||VPLS:24547
VPLS:30824|VPLS:30824|VPLS:30824|||IPAG|||||||||||VPLS:30824
VPLS:30149|VPLS:30149|VPLS:30149|||NTE|||||||||||VPLS:30149
VPLS:52289|VPLS:52289|VPLS:52289|||IPAG|||||||||||VPLS:52289
VPWS:23921|VPWS:23921|VPWS:23921|||NTE|||||||||||VPWS:23921
VPLS:30095|VPLS:30095|VPLS:30095|||IPAG|||||||||||VPLS:30095
VPWS:27707|VPWS:27707|VPWS:27707|||IPAG|||||||||||VPWS:27707
VPWS:26465|VPWS:26465|VPWS:26465|||IPAG|||||||||||VPWS:26465
VPLS:27249|VPLS:27249|VPLS:27249|||IPAG|||||||||||VPLS:27249
VPLS:27037|VPLS:27037|VPLS:27037|||NTE|||||||||||VPLS:27037
VPLS:27942|VPLS:27942|VPLS:27942|||IPAG|||||||||||VPLS:27942
VPLS:27907|VPLS:27907|VPLS:27907|||IPAG|||||||||||VPLS:27907
VPLS:61050|VPLS:61050|VPLS:61050|||NTE|||||||||||VPLS:61050
VPWS:25507|VPWS:25507|VPWS:25507|||IPAG|||||||||||VPWS:25507
VPLS:52212|VPLS:52212|VPLS:52212|||IPAG|||||||||||VPLS:52212
VPLS:52636|VPLS:52636|VPLS:52636|||NTE|||||||||||VPLS:52636
L2CKT:31636|L2CKT:31636|L2CKT:31636|||IPAG|||||||||||L2CKT:31636
L2CKT:30523|L2CKT:30523|L2CKT:30523|||NTE|||||||||||L2CKT:30523
VPLS:24310|VPLS:24310|VPLS:24310|||NTE|||||||||||VPLS:24310
VPLS:28733|VPLS:28733|VPLS:28733|||NTE|||||||||||VPLS:28733
VPWS:30098|VPWS:30098|VPWS:30098|||IPAG|||||||||||VPWS:30098
VPWS:29124|VPWS:29124|VPWS:29124|||IPAG|||||||||||VPWS:29124
VPLS:24478|VPLS:24478|VPLS:24478|||NTE|||||||||||VPLS:24478
VPWS:29224|VPWS:29224|VPWS:29224|||NTE|||||||||||VPWS:29224
VPWS:27171|VPWS:27171|VPWS:27171|||IPAG|||||||||||VPWS:27171
VPLS:23850|VPLS:23850|VPLS:23850|||NTE|||||||||||VPLS:23850
VPLS:29677|VPLS:29677|VPLS:29677|||IPAG|||||||||||VPLS:29677
VPWS:23823|VPWS:23823|VPWS:23823|||NTE|||||||||||VPWS:23823
VPLS:28743|VPLS:28743|VPLS:28743|||IPAG|||||||||||VPLS:28743
VPWS:25660|VPWS:25660|VPWS:25660|||IPAG|||||||||||VPWS:25660
L2CKT:22017|L2CKT:22017|L2CKT:22017|||IPAG|||||||||||L2CKT:22017
L2CKT:28085|L2CKT:28085|L2CKT:28085|||NTE|||||||||||L2CKT:28085
VPWS:32435|VPWS:32435|VPWS:32435|||IPAG|||||||||||VPWS:32435
L2CKT:27548|L2CKT:27548|L2CKT:27548|||IPAG|||||||||||L2CKT:27548
VPLS:20575|VPLS:20575|VPLS:20575|||IPAG|||||||||||VPLS:20575
VPLS:29610|VPLS:29610|VPLS:29610|||IPAG|||||||||||VPLS:29610
VPLS:29614|VPLS:29614|VPLS:29614|||IPAG|||||||||||VPLS:29614
L2CKT:27011|L2CKT:27011|L2CKT:27011|||NTE|||||||||||L2CKT:27011
L2CKT:31583|L2CKT:31583|L2CKT:31583|||IPAG|||||||||||L2CKT:31583
VPLS:25873|VPLS:25873|VPLS:25873|||NTE|||||||||||VPLS:25873
VPLS:26498|VPLS:26498|VPLS:26498|||IPAG|||||||||||VPLS:26498
VPLS:27832|VPLS:27832|VPLS:27832|||NTE|||||||||||VPLS:27832
VPLS:62925|VPLS:62925|VPLS:62925|||NTE|||||||||||VPLS:62925
VPWS:30619|VPWS:30619|VPWS:30619|||IPAG|||||||||||VPWS:30619
VPLS:23944|VPLS:23944|VPLS:23944|||NTE|||||||||||VPLS:23944
L2CKT:21871|L2CKT:21871|L2CKT:21871|||IPAG|||||||||||L2CKT:21871
VPLS:32574|VPLS:32574|VPLS:32574|||OEW-SROUTER|||||||||||VPLS:32574
L2CKT:63245|L2CKT:63245|L2CKT:63245|||IPAG|||||||||||L2CKT:63245
VPLS:24028|VPLS:24028|VPLS:24028|||NTE|||||||||||VPLS:24028
L2CKT:32468|L2CKT:32468|L2CKT:32468|||IPAG|||||||||||L2CKT:32468
VPLS:24335|VPLS:24335|VPLS:24335|||NTE|||||||||||VPLS:24335
VPWS:26775|VPWS:26775|VPWS:26775|||IPAG|||||||||||VPWS:26775
VPLS:30183|VPLS:30183|VPLS:30183|||IPAG|||||||||||VPLS:30183
VPLS:20519|VPLS:20519|VPLS:20519|||IPAG|||||||||||VPLS:20519
VPLS:26413|VPLS:26413|VPLS:26413|||IPAG|||||||||||VPLS:26413
VPLS:26771|VPLS:26771|VPLS:26771|||NTE|||||||||||VPLS:26771
VPLS:23738|VPLS:23738|VPLS:23738|||IPAG|||||||||||VPLS:23738
VPLS:27231|VPLS:27231|VPLS:27231|||NTE|||||||||||VPLS:27231
VPLS:345986|VPLS:345986|VPLS:345986|||NTE|||||||||||VPLS:345986
VPWS:27551|VPWS:27551|VPWS:27551|||IPAG|||||||||||VPWS:27551
VPLS:23261|VPLS:23261|VPLS:23261|||NTE|||||||||||VPLS:23261
VPLS:29571|VPLS:29571|VPLS:29571|||IPAG|||||||||||VPLS:29571
VPLS:62306|VPLS:62306|VPLS:62306|||NTE|||||||||||VPLS:62306
VPWS:26177|VPWS:26177|VPWS:26177|||IPAG|||||||||||VPWS:26177
VPWS:29745|VPWS:29745|VPWS:29745|||IPAG|||||||||||VPWS:29745
VPLS:28831|VPLS:28831|VPLS:28831|||IPAG|||||||||||VPLS:28831
VPWS:28375|VPWS:28375|VPWS:28375|||IPAG|||||||||||VPWS:28375
VPLS:22931|VPLS:22931|VPLS:22931|||NTE|||||||||||VPLS:22931
VPLS:28706|VPLS:28706|VPLS:28706|||IPAG|||||||||||VPLS:28706
VPWS:27558|VPWS:27558|VPWS:27558|||IPAG|||||||||||VPWS:27558
VPLS:29683|VPLS:29683|VPLS:29683|||IPAG|||||||||||VPLS:29683
VPLS:24115|VPLS:24115|VPLS:24115|||NTE|||||||||||VPLS:24115
VPWS:31860|VPWS:31860|VPWS:31860|||IPAG|||||||||||VPWS:31860
VPLS:23764|VPLS:23764|VPLS:23764|||NTE|||||||||||VPLS:23764
VPLS:27998|VPLS:27998|VPLS:27998|||IPAG|||||||||||VPLS:27998
VPLS:21509|VPLS:21509|VPLS:21509|||IPAG|||||||||||VPLS:21509
VPLS:29218|VPLS:29218|VPLS:29218|||IPAG|||||||||||VPLS:29218
VPLS:32139|VPLS:32139|VPLS:32139|||IPAG|||||||||||VPLS:32139
VPWS:23417|VPWS:23417|VPWS:23417|||IPAG|||||||||||VPWS:23417
L2CKT:32394|L2CKT:32394|L2CKT:32394|||IPAG|||||||||||L2CKT:32394
VPWS:29107|VPWS:29107|VPWS:29107|||IPAG|||||||||||VPWS:29107
VPWS:28964|VPWS:28964|VPWS:28964|||IPAG|||||||||||VPWS:28964
L2CKT:62396|L2CKT:62396|L2CKT:62396|||IPAG|||||||||||L2CKT:62396
VPWS:31574|VPWS:31574|VPWS:31574|||IPAG|||||||||||VPWS:31574
VPWS:29220|VPWS:29220|VPWS:29220|||NTE|||||||||||VPWS:29220
VPWS:25344|VPWS:25344|VPWS:25344|||IPAG|||||||||||VPWS:25344
VPLS:32749|VPLS:32749|VPLS:32749|||IPAG|||||||||||VPLS:32749
VPLS:24277|VPLS:24277|VPLS:24277|||NTE|||||||||||VPLS:24277
VPLS:30120|VPLS:30120|VPLS:30120|||NTE|||||||||||VPLS:30120
VPLS:31771|VPLS:31771|VPLS:31771|||IPAG|||||||||||VPLS:31771
VPLS:63726|VPLS:63726|VPLS:63726|||NTE|||||||||||VPLS:63726
VPLS:25541|VPLS:25541|VPLS:25541|||NTE|||||||||||VPLS:25541
VPWS:29050|VPWS:29050|VPWS:29050|||IPAG|||||||||||VPWS:29050
VPLS:63856|VPLS:63856|VPLS:63856|||NTE|||||||||||VPLS:63856
VPWS:29248|VPWS:29248|VPWS:29248|||IPAG|||||||||||VPWS:29248
VPLS:29584|VPLS:29584|VPLS:29584|||IPAG|||||||||||VPLS:29584
VPLS:32678|VPLS:32678|VPLS:32678|||NTE|||||||||||VPLS:32678
VPLS:26410|VPLS:26410|VPLS:26410|||IPAG|||||||||||VPLS:26410
VPLS:22731|VPLS:22731|VPLS:22731|||IPAG|||||||||||VPLS:22731
VPLS:29702|VPLS:29702|VPLS:29702|||IPAG|||||||||||VPLS:29702
VPWS:31809|VPWS:31809|VPWS:31809|||IPAG|||||||||||VPWS:31809
VPWS:31764|VPWS:31764|VPWS:31764|||NTE|||||||||||VPWS:31764
VPLS:27874|VPLS:27874|VPLS:27874|||IPAG|||||||||||VPLS:27874
VPLS:25690|VPLS:25690|VPLS:25690|||NTE|||||||||||VPLS:25690
VPWS:28991|VPWS:28991|VPWS:28991|||IPAG|||||||||||VPWS:28991
VPLS:20670|VPLS:20670|VPLS:20670|||IPAG|||||||||||VPLS:20670
VPWS:30136|VPWS:30136|VPWS:30136|||IPAG|||||||||||VPWS:30136
VPLS:23905|VPLS:23905|VPLS:23905|||NTE|||||||||||VPLS:23905
VPWS:29272|VPWS:29272|VPWS:29272|||IPAG|||||||||||VPWS:29272
VPLS:27010|VPLS:27010|VPLS:27010|||NTE|||||||||||VPLS:27010
VPWS:30827|VPWS:30827|VPWS:30827|||IPAG|||||||||||VPWS:30827
VPWS:29181|VPWS:29181|VPWS:29181|||IPAG|||||||||||VPWS:29181
VPLS:29673|VPLS:29673|VPLS:29673|||IPAG|||||||||||VPLS:29673
VPLS:24307|VPLS:24307|VPLS:24307|||NTE|||||||||||VPLS:24307
VPWS:63670|VPWS:63670|VPWS:63670|||NTE|||||||||||VPWS:63670
VPLS:26713|VPLS:26713|VPLS:26713|||NTE|||||||||||VPLS:26713
VPLS:23703|VPLS:23703|VPLS:23703|||NTE|||||||||||VPLS:23703
VPLS:29024|VPLS:29024|VPLS:29024|||IPAG|||||||||||VPLS:29024
VPWS:30454|VPWS:30454|VPWS:30454|||IPAG|||||||||||VPWS:30454
VPWS:23817|VPWS:23817|VPWS:23817|||IPAG|||||||||||VPWS:23817
VPLS:24074|VPLS:24074|VPLS:24074|||NTE|||||||||||VPLS:24074
L2CKT:24012|L2CKT:24012|L2CKT:24012|||NTE|||||||||||L2CKT:24012
VPWS:22442|VPWS:22442|VPWS:22442|||NTE|||||||||||VPWS:22442
VPWS:30358|VPWS:30358|VPWS:30358|||IPAG|||||||||||VPWS:30358
VPWS:29947|VPWS:29947|VPWS:29947|||IPAG|||||||||||VPWS:29947
L2CKT:30578|L2CKT:30578|L2CKT:30578|||NTE|||||||||||L2CKT:30578
VPLS:22775|VPLS:22775|VPLS:22775|||IPAG|||||||||||VPLS:22775
VPLS:24513|VPLS:24513|VPLS:24513|||NTE|||||||||||VPLS:24513
VPWS:64046|VPWS:64046|VPWS:64046|||NTE|||||||||||VPWS:64046
VPWS:23896|VPWS:23896|VPWS:23896|||NTE|||||||||||VPWS:23896
VPLS:22268|VPLS:22268|VPLS:22268|||NTE|||||||||||VPLS:22268
VPWS:29002|VPWS:29002|VPWS:29002|||IPAG|||||||||||VPWS:29002
243|243|243|||NTE|||||||||||243
VPLS:25462|VPLS:25462|VPLS:25462|||IPAG|||||||||||VPLS:25462
VPLS:63132|VPLS:63132|VPLS:63132|||NTE|||||||||||VPLS:63132
VPLS:32151|VPLS:32151|VPLS:32151|||IPAG|||||||||||VPLS:32151
VPLS:24374|VPLS:24374|VPLS:24374|||NTE|||||||||||VPLS:24374
VPWS:27541|VPWS:27541|VPWS:27541|||IPAG|||||||||||VPWS:27541
VPWS:25972|VPWS:25972|VPWS:25972|||IPAG|||||||||||VPWS:25972
VPWS:26660|VPWS:26660|VPWS:26660|||IPAG|||||||||||VPWS:26660
VPLS:21652|VPLS:21652|VPLS:21652|||NTE|||||||||||VPLS:21652
L2CKT:28605|L2CKT:28605|L2CKT:28605|||NTE|||||||||||L2CKT:28605
VPLS:63602|VPLS:63602|VPLS:63602|||NTE|||||||||||VPLS:63602
VPWS:28919|VPWS:28919|VPWS:28919|||IPAG|||||||||||VPWS:28919
VPLS:29360|VPLS:29360|VPLS:29360|||IPAG|||||||||||VPLS:29360
VPWS:26014|VPWS:26014|VPWS:26014|||IPAG|||||||||||VPWS:26014
ASDF1234|ASDF1234|ASDF1234|||IPAG|||||||||||ASDF1234
VPLS:23751|VPLS:23751|VPLS:23751|||IPAG|||||||||||VPLS:23751
VPWS:26379|VPWS:26379|VPWS:26379|||IPAG|||||||||||VPWS:26379
L2CKT:29226|L2CKT:29226|L2CKT:29226|||IPAG|||||||||||L2CKT:29226
VPWS:29359|VPWS:29359|VPWS:29359|||IPAG|||||||||||VPWS:29359
L2CKT:63036|L2CKT:63036|L2CKT:63036|||IPAG|||||||||||L2CKT:63036
VPWS:29034|VPWS:29034|VPWS:29034|||IPAG|||||||||||VPWS:29034
VPWS:21589|VPWS:21589|VPWS:21589|||IPAG|||||||||||VPWS:21589
VPLS:25854|VPLS:25854|VPLS:25854|||NTE|||||||||||VPLS:25854
VPLS:29068|VPLS:29068|VPLS:29068|||IPAG|||||||||||VPLS:29068
VPWS:32599|VPWS:32599|VPWS:32599|||NTE|||||||||||VPWS:32599
VPWS:31120|VPWS:31120|VPWS:31120|||IPAG|||||||||||VPWS:31120
L2CKT:29983|L2CKT:29983|L2CKT:29983|||NTE|||||||||||L2CKT:29983
123:345|123:345|123:345|||IPAG|||||||||||123:345
VPWS:23009|VPWS:23009|VPWS:23009|||NTE|||||||||||VPWS:23009
VPLS:25611|VPLS:25611|VPLS:25611|||IPAG|||||||||||VPLS:25611
VPLS:22284|VPLS:22284|VPLS:22284|||IPAG|||||||||||VPLS:22284
VPLS:31778|VPLS:31778|VPLS:31778|||IPAG|||||||||||VPLS:31778
VPLS:27567|VPLS:27567|VPLS:27567|||IPAG|||||||||||VPLS:27567
VPWS:28940|VPWS:28940|VPWS:28940|||NTE|||||||||||VPWS:28940
VPLS:29398|VPLS:29398|VPLS:29398|||IPAG|||||||||||VPLS:29398
VPLS:24389|VPLS:24389|VPLS:24389|||NTE|||||||||||VPLS:24389
VPWS:25966|VPWS:25966|VPWS:25966|||IPAG|||||||||||VPWS:25966
VPWS:27051|VPWS:27051|VPWS:27051|||NTE|||||||||||VPWS:27051
VPLS:26711|VPLS:26711|VPLS:26711|||IPAG|||||||||||VPLS:26711
VPLS:31743|VPLS:31743|VPLS:31743|||IPAG|||||||||||VPLS:31743
VPLS:24054|VPLS:24054|VPLS:24054|||IPAG|||||||||||VPLS:24054
VPWS:30836|VPWS:30836|VPWS:30836|||IPAG|||||||||||VPWS:30836
VPLS:30034|VPLS:30034|VPLS:30034|||IPAG|||||||||||VPLS:30034
VPWS:31301|VPWS:31301|VPWS:31301|||IPAG|||||||||||VPWS:31301
VPLS:30542|VPLS:30542|VPLS:30542|||NTE|||||||||||VPLS:30542
VPWS:28459|VPWS:28459|VPWS:28459|||IPAG|||||||||||VPWS:28459
VPLS:32454|VPLS:32454|VPLS:32454|||IPAG|||||||||||VPLS:32454
VPWS:27941|VPWS:27941|VPWS:27941|||IPAG|||||||||||VPWS:27941
VPLS:23829|VPLS:23829|VPLS:23829|||IPAG|||||||||||VPLS:23829
VPLS:21964|VPLS:21964|VPLS:21964|||NTE|||||||||||VPLS:21964
VPLS:63887|VPLS:63887|VPLS:63887|||NTE|||||||||||VPLS:63887
L2CKT:27524|L2CKT:27524|L2CKT:27524|||IPAG|||||||||||L2CKT:27524
VPLS:30435|VPLS:30435|VPLS:30435|||IPAG|||||||||||VPLS:30435
VPWS:24018|VPWS:24018|VPWS:24018|||IPAG|||||||||||VPWS:24018
VPLS:62369|VPLS:62369|VPLS:62369|||IPAG|||||||||||VPLS:62369
VPWS:25872|VPWS:25872|VPWS:25872|||IPAG|||||||||||VPWS:25872
VPLS:24461|VPLS:24461|VPLS:24461|||NTE|||||||||||VPLS:24461
VPWS:25871|VPWS:25871|VPWS:25871|||IPAG|||||||||||VPWS:25871
VPWS:23839|VPWS:23839|VPWS:23839|||IPAG|||||||||||VPWS:23839
VPLS:23648|VPLS:23648|VPLS:23648|||IPAG|||||||||||VPLS:23648
VPLS:52311|VPLS:52311|VPLS:52311|||NTE|||||||||||VPLS:52311
VPLS:23683|VPLS:23683|VPLS:23683|||NTE|||||||||||VPLS:23683
VPLS:51661|VPLS:51661|VPLS:51661|||NTE|||||||||||VPLS:51661
VPLS:21559|VPLS:21559|VPLS:21559|||IPAG|||||||||||VPLS:21559
L2CKT:32079|L2CKT:32079|L2CKT:32079|||IPAG|||||||||||L2CKT:32079
VPWS:26039|VPWS:26039|VPWS:26039|||IPAG|||||||||||VPWS:26039
VPLS:27880|VPLS:27880|VPLS:27880|||IPAG|||||||||||VPLS:27880
VPWS:63662|VPWS:63662|VPWS:63662|||NTE|||||||||||VPWS:63662
VPLS:26214|VPLS:26214|VPLS:26214|||NTE|||||||||||VPLS:26214
VPLS:32393|VPLS:32393|VPLS:32393|||IPAG|||||||||||VPLS:32393
VPWS:22023|VPWS:22023|VPWS:22023|||IPAG|||||||||||VPWS:22023
VPLS:63907|VPLS:63907|VPLS:63907|||NTE|||||||||||VPLS:63907
L2CKT:29440|L2CKT:29440|L2CKT:29440|||NTE|||||||||||L2CKT:29440
VPWS:29152|VPWS:29152|VPWS:29152|||NTE|||||||||||VPWS:29152
VPLS:24558|VPLS:24558|VPLS:24558|||NTE|||||||||||VPLS:24558
VPLS:26947|VPLS:26947|VPLS:26947|||NTE|||||||||||VPLS:26947
VPLS:28602|VPLS:28602|VPLS:28602|||NTE|||||||||||VPLS:28602
VPWS:32005|VPWS:32005|VPWS:32005|||IPAG|||||||||||VPWS:32005
VPWS:29069|VPWS:29069|VPWS:29069|||IPAG|||||||||||VPWS:29069
VPWS:25819|VPWS:25819|VPWS:25819|||IPAG|||||||||||VPWS:25819
VPWS:29084|VPWS:29084|VPWS:29084|||IPAG|||||||||||VPWS:29084
VPLS:32481|VPLS:32481|VPLS:32481|||OEW-SROUTER|||||||||||VPLS:32481
VPLS:25927|VPLS:25927|VPLS:25927|||IPAG|||||||||||VPLS:25927
VPLS:27559|VPLS:27559|VPLS:27559|||IPAG|||||||||||VPLS:27559
VPLS:63999|VPLS:63999|VPLS:63999|||NTE|||||||||||VPLS:63999
VPLS:22640|VPLS:22640|VPLS:22640|||NTE|||||||||||VPLS:22640
VPLS:24296|VPLS:24296|VPLS:24296|||NTE|||||||||||VPLS:24296
VPWS:31728|VPWS:31728|VPWS:31728|||IPAG|||||||||||VPWS:31728
VPLS:29949|VPLS:29949|VPLS:29949|||IPAG|||||||||||VPLS:29949
VPWS:31752|VPWS:31752|VPWS:31752|||NTE|||||||||||VPWS:31752
VPLS:28944|VPLS:28944|VPLS:28944|||NTE|||||||||||VPLS:28944
VPWS:23760|VPWS:23760|VPWS:23760|||IPAG|||||||||||VPWS:23760
VPLS:32143|VPLS:32143|VPLS:32143|||IPAG|||||||||||VPLS:32143
L2CKT:27925|L2CKT:27925|L2CKT:27925|||IPAG|||||||||||L2CKT:27925
VPLS:20508|VPLS:20508|VPLS:20508|||NTE|||||||||||VPLS:20508
VPWS:25772|VPWS:25772|VPWS:25772|||IPAG|||||||||||VPWS:25772
VPLS:29600|VPLS:29600|VPLS:29600|||NTE|||||||||||VPLS:29600
VPLS:22224|VPLS:22224|VPLS:22224|||IPAG|||||||||||VPLS:22224
VPWS:26464|VPWS:26464|VPWS:26464|||IPAG|||||||||||VPWS:26464
VPLS:31582|VPLS:31582|VPLS:31582|||IPAG|||||||||||VPLS:31582
VPLS:27195|VPLS:27195|VPLS:27195|||IPAG|||||||||||VPLS:27195
L2CKT:25572|L2CKT:25572|L2CKT:25572|||IPAG|||||||||||L2CKT:25572
VPLS:32266|VPLS:32266|VPLS:32266|||IPAG|||||||||||VPLS:32266
VPLS:52638|VPLS:52638|VPLS:52638|||IPAG|||||||||||VPLS:52638
VPLS:29118|VPLS:29118|VPLS:29118|||IPAG|||||||||||VPLS:29118
VPWS:27999|VPWS:27999|VPWS:27999|||IPAG|||||||||||VPWS:27999
VPLS:22891|VPLS:22891|VPLS:22891|||NTE|||||||||||VPLS:22891
VPWS:25867|VPWS:25867|VPWS:25867|||IPAG|||||||||||VPWS:25867
VPLS:29717|VPLS:29717|VPLS:29717|||IPAG|||||||||||VPLS:29717
VPLS:23831|VPLS:23831|VPLS:23831|||NTE|||||||||||VPLS:23831
VPLS:21689|VPLS:21689|VPLS:21689|||NTE|||||||||||VPLS:21689
VPWS:63640|VPWS:63640|VPWS:63640|||IPAG|||||||||||VPWS:63640
VPLS:25580|VPLS:25580|VPLS:25580|||NTE|||||||||||VPLS:25580
VPWS:63834|VPWS:63834|VPWS:63834|||NTE|||||||||||VPWS:63834
VPLS:25869|VPLS:25869|VPLS:25869|||IPAG|||||||||||VPLS:25869
VPLS:29561|VPLS:29561|VPLS:29561|||NTE|||||||||||VPLS:29561
VPLS:28844|VPLS:28844|VPLS:28844|||IPAG|||||||||||VPLS:28844
VPLS:22437|VPLS:22437|VPLS:22437|||NTE|||||||||||VPLS:22437
VPWS:22690|VPWS:22690|VPWS:22690|||IPAG|||||||||||VPWS:22690
VPLS:30002|VPLS:30002|VPLS:30002|||IPAG|||||||||||VPLS:30002
VPLS:52669|VPLS:52669|VPLS:52669|||IPAG|||||||||||VPLS:52669
VPWS:24098|VPWS:24098|VPWS:24098|||IPAG|||||||||||VPWS:24098
L2CKT:28603|L2CKT:28603|L2CKT:28603|||NTE|||||||||||L2CKT:28603
VPLS:52487|VPLS:52487|VPLS:52487|||NTE|||||||||||VPLS:52487
VPLS:22473|VPLS:22473|VPLS:22473|||IPAG|||||||||||VPLS:22473
VPWS:28464|VPWS:28464|VPWS:28464|||IPAG|||||||||||VPWS:28464
VPWS:63707|VPWS:63707|VPWS:63707|||NTE|||||||||||VPWS:63707
VPLS:21027|VPLS:21027|VPLS:21027|||NTE|||||||||||VPLS:21027
L2CKT:30104|L2CKT:30104|L2CKT:30104|||NTE|||||||||||L2CKT:30104
VPLS:25721|VPLS:25721|VPLS:25721|||NTE|||||||||||VPLS:25721
VPLS:63301|VPLS:63301|VPLS:63301|||NTE|||||||||||VPLS:63301
VPWS:29703|VPWS:29703|VPWS:29703|||IPAG|||||||||||VPWS:29703
VPWS:25942|VPWS:25942|VPWS:25942|||IPAG|||||||||||VPWS:25942
VPLS:20554|VPLS:20554|VPLS:20554|||IPAG|||||||||||VPLS:20554
VPLS:63251|VPLS:63251|VPLS:63251|||IPAG|||||||||||VPLS:63251
VPLS:25575|VPLS:25575|VPLS:25575|||NTE|||||||||||VPLS:25575
VPWS:25814|VPWS:25814|VPWS:25814|||IPAG|||||||||||VPWS:25814
VPLS:27575|VPLS:27575|VPLS:27575|||IPAG|||||||||||VPLS:27575
L2CKT:23629|L2CKT:23629|L2CKT:23629|||NTE|||||||||||L2CKT:23629
VPWS:23956|VPWS:23956|VPWS:23956|||NTE|||||||||||VPWS:23956
VPWS:25688|VPWS:25688|VPWS:25688|||NTE|||||||||||VPWS:25688
VPLS:23415|VPLS:23415|VPLS:23415|||NTE|||||||||||VPLS:23415
VPLS:27549|VPLS:27549|VPLS:27549|||IPAG|||||||||||VPLS:27549
L2CKT:29275|L2CKT:29275|L2CKT:29275|||IPAG|||||||||||L2CKT:29275
L2CKT:24052|L2CKT:24052|L2CKT:24052|||NTE|||||||||||L2CKT:24052
VPLS:23893|VPLS:23893|VPLS:23893|||NTE|||||||||||VPLS:23893
VPWS:29305|VPWS:29305|VPWS:29305|||IPAG|||||||||||VPWS:29305
VPLS:62367|VPLS:62367|VPLS:62367|||IPAG|||||||||||VPLS:62367
VPWS:22436|VPWS:22436|VPWS:22436|||IPAG|||||||||||VPWS:22436
VPLS:22467|VPLS:22467|VPLS:22467|||IPAG|||||||||||VPLS:22467
VPLS:26705|VPLS:26705|VPLS:26705|||NTE|||||||||||VPLS:26705
VPWS:29294|VPWS:29294|VPWS:29294|||IPAG|||||||||||VPWS:29294
VPLS:26461|VPLS:26461|VPLS:26461|||IPAG|||||||||||VPLS:26461
VPWS:30356|VPWS:30356|VPWS:30356|||IPAG|||||||||||VPWS:30356
VPWS:26507|VPWS:26507|VPWS:26507|||IPAG|||||||||||VPWS:26507
VPLS:23947|VPLS:23947|VPLS:23947|||NTE|||||||||||VPLS:23947
VPLS:20553|VPLS:20553|VPLS:20553|||NTE|||||||||||VPLS:20553
VPLS:29882|VPLS:29882|VPLS:29882|||NTE|||||||||||VPLS:29882
VPLS:21885|VPLS:21885|VPLS:21885|||IPAG|||||||||||VPLS:21885
VPLS:27281|VPLS:27281|VPLS:27281|||IPAG|||||||||||VPLS:27281
VPWS:22787|VPWS:22787|VPWS:22787|||NTE|||||||||||VPWS:22787
VPWS:63696|VPWS:63696|VPWS:63696|||NTE|||||||||||VPWS:63696
VPLS:24238|VPLS:24238|VPLS:24238|||NTE|||||||||||VPLS:24238
VPWS:22499|VPWS:22499|VPWS:22499|||NTE|||||||||||VPWS:22499
L2CKT:32187|L2CKT:32187|L2CKT:32187|||IPAG|||||||||||L2CKT:32187
VPLS:52293|VPLS:52293|VPLS:52293|||IPAG|||||||||||VPLS:52293
VPWS:25870|VPWS:25870|VPWS:25870|||IPAG|||||||||||VPWS:25870
VPLS:62794|VPLS:62794|VPLS:62794|||IPAG|||||||||||VPLS:62794
VPWS:28872|VPWS:28872|VPWS:28872|||NTE|||||||||||VPWS:28872
VPLS:29247|VPLS:29247|VPLS:29247|||IPAG|||||||||||VPLS:29247
VPWS:23171|VPWS:23171|VPWS:23171|||NTE|||||||||||VPWS:23171
VPLS:22061|VPLS:22061|VPLS:22061|||NTE|||||||||||VPLS:22061
VPLS:25893|VPLS:25893|VPLS:25893|||NTE|||||||||||VPLS:25893
VPLS:22539|VPLS:22539|VPLS:22539|||NTE|||||||||||VPLS:22539
L2CKT:32614|L2CKT:32614|L2CKT:32614|||IPAG|||||||||||L2CKT:32614
VPWS:27768|VPWS:27768|VPWS:27768|||IPAG|||||||||||VPWS:27768
VPWS:25860|VPWS:25860|VPWS:25860|||IPAG|||||||||||VPWS:25860
VPLS:52131|VPLS:52131|VPLS:52131|||NTE|||||||||||VPLS:52131
VPLS:23724|VPLS:23724|VPLS:23724|||IPAG|||||||||||VPLS:23724
VPLS:27981|VPLS:27981|VPLS:27981|||IPAG|||||||||||VPLS:27981
VPLS:32015|VPLS:32015|VPLS:32015|||IPAG|||||||||||VPLS:32015
VPWS:32080|VPWS:32080|VPWS:32080|||IPAG|||||||||||VPWS:32080
VPLS:25920|VPLS:25920|VPLS:25920|||IPAG|||||||||||VPLS:25920
VPWS:26846|VPWS:26846|VPWS:26846|||IPAG|||||||||||VPWS:26846
L2CKT:62671|L2CKT:62671|L2CKT:62671|||NTE|||||||||||L2CKT:62671
VPLS:32722|VPLS:32722|VPLS:32722|||IPAG|||||||||||VPLS:32722
VPWS:22889|VPWS:22889|VPWS:22889|||NTE|||||||||||VPWS:22889
VPLS:29676|VPLS:29676|VPLS:29676|||IPAG|||||||||||VPLS:29676
VPLS:25705|VPLS:25705|VPLS:25705|||NTE|||||||||||VPLS:25705
VPWS:30143|VPWS:30143|VPWS:30143|||IPAG|||||||||||VPWS:30143
VPLS:28750|VPLS:28750|VPLS:28750|||IPAG|||||||||||VPLS:28750
VPLS:30834|VPLS:30834|VPLS:30834|||IPAG|||||||||||VPLS:30834
VPLS:27553|VPLS:27553|VPLS:27553|||IPAG|||||||||||VPLS:27553
VPWS:29430|VPWS:29430|VPWS:29430|||IPAG|||||||||||VPWS:29430
VPLS:29849|VPLS:29849|VPLS:29849|||IPAG|||||||||||VPLS:29849
VPWS:31952|VPWS:31952|VPWS:31952|||IPAG|||||||||||VPWS:31952
VPLS:20578|VPLS:20578|VPLS:20578|||IPAG|||||||||||VPLS:20578
VPLS:30188|VPLS:30188|VPLS:30188|||IPAG|||||||||||VPLS:30188
VPLS:61162|VPLS:61162|VPLS:61162|||IPAG|||||||||||VPLS:61162
VPLS:22405|VPLS:22405|VPLS:22405|||IPAG|||||||||||VPLS:22405
VPWS:27540|VPWS:27540|VPWS:27540|||IPAG|||||||||||VPWS:27540
VPLS:29201|VPLS:29201|VPLS:29201|||IPAG|||||||||||VPLS:29201
VPLS:51882|VPLS:51882|VPLS:51882|||NTE|||||||||||VPLS:51882
VPLS:25892|VPLS:25892|VPLS:25892|||IPAG|||||||||||VPLS:25892
VPLS:32163|VPLS:32163|VPLS:32163|||IPAG|||||||||||VPLS:32163
L2CKT:29208|L2CKT:29208|L2CKT:29208|||NTE|||||||||||L2CKT:29208
VPLS:22356|VPLS:22356|VPLS:22356|||IPAG|||||||||||VPLS:22356
VPWS:29491|VPWS:29491|VPWS:29491|||IPAG|||||||||||VPWS:29491
VPLS:26737|VPLS:26737|VPLS:26737|||NTE|||||||||||VPLS:26737
VPLS:23475|VPLS:23475|VPLS:23475|||IPAG|||||||||||VPLS:23475
VPWS:27716|VPWS:27716|VPWS:27716|||IPAG|||||||||||VPWS:27716
VPLS:26962|VPLS:26962|VPLS:26962|||NTE|||||||||||VPLS:26962
VPWS:30289|VPWS:30289|VPWS:30289|||IPAG|||||||||||VPWS:30289
VPWS:29113|VPWS:29113|VPWS:29113|||NTE|||||||||||VPWS:29113
VPWS:29313|VPWS:29313|VPWS:29313|||IPAG|||||||||||VPWS:29313
VPLS:23625|VPLS:23625|VPLS:23625|||NTE|||||||||||VPLS:23625
VPLS:22093|VPLS:22093|VPLS:22093|||IPAG|||||||||||VPLS:22093
VPLS:29744|VPLS:29744|VPLS:29744|||IPAG|||||||||||VPLS:29744
VPLS:26758|VPLS:26758|VPLS:26758|||NTE|||||||||||VPLS:26758
VPWS:23085|VPWS:23085|VPWS:23085|||NTE|||||||||||VPWS:23085
VPWS:29609|VPWS:29609|VPWS:29609|||IPAG|||||||||||VPWS:29609
VPLS:29538|VPLS:29538|VPLS:29538|||IPAG|||||||||||VPLS:29538
VPWS:23678|VPWS:23678|VPWS:23678|||IPAG|||||||||||VPWS:23678
VPLS:27514|VPLS:27514|VPLS:27514|||IPAG|||||||||||VPLS:27514
VPWS:28422|VPWS:28422|VPWS:28422|||IPAG|||||||||||VPWS:28422
VPWS:28957|VPWS:28957|VPWS:28957|||NTE|||||||||||VPWS:28957
VPLS:27881|VPLS:27881|VPLS:27881|||IPAG|||||||||||VPLS:27881
L2CKT:28056|L2CKT:28056|L2CKT:28056|||IPAG|||||||||||L2CKT:28056
VPLS:27679|VPLS:27679|VPLS:27679|||NTE|||||||||||VPLS:27679
VPWS:26508|VPWS:26508|VPWS:26508|||IPAG|||||||||||VPWS:26508
VPWS:27242|VPWS:27242|VPWS:27242|||IPAG|||||||||||VPWS:27242
VPLS:52040|VPLS:52040|VPLS:52040|||IPAG|||||||||||VPLS:52040
VPLS:24019|VPLS:24019|VPLS:24019|||IPAG|||||||||||VPLS:24019
VPLS:22413|VPLS:22413|VPLS:22413|||IPAG|||||||||||VPLS:22413
VPLS:23904|VPLS:23904|VPLS:23904|||NTE|||||||||||VPLS:23904
VPLS:26466|VPLS:26466|VPLS:26466|||IPAG|||||||||||VPLS:26466
L2CKT:28613|L2CKT:28613|L2CKT:28613|||IPAG|||||||||||L2CKT:28613
VPLS:29143|VPLS:29143|VPLS:29143|||IPAG|||||||||||VPLS:29143
VPLS:23621|VPLS:23621|VPLS:23621|||IPAG|||||||||||VPLS:23621
VPLS:26766|VPLS:26766|VPLS:26766|||IPAG|||||||||||VPLS:26766
VPLS:63131|VPLS:63131|VPLS:63131|||NTE|||||||||||VPLS:63131
L2CKT:32241|L2CKT:32241|L2CKT:32241|||IPAG|||||||||||L2CKT:32241
VPLS:62244|VPLS:62244|VPLS:62244|||NTE|||||||||||VPLS:62244
VPLS:29602|VPLS:29602|VPLS:29602|||NTE|||||||||||VPLS:29602
VPLS:27194|VPLS:27194|VPLS:27194|||IPAG|||||||||||VPLS:27194
VPLS:29304|VPLS:29304|VPLS:29304|||IPAG|||||||||||VPLS:29304
VPLS:32267|VPLS:32267|VPLS:32267|||IPAG|||||||||||VPLS:32267
VPWS:23231|VPWS:23231|VPWS:23231|||NTE|||||||||||VPWS:23231
VPWS:30080|VPWS:30080|VPWS:30080|||IPAG|||||||||||VPWS:30080
VPWS:28700|VPWS:28700|VPWS:28700|||IPAG|||||||||||VPWS:28700
VPWS:26047|VPWS:26047|VPWS:26047|||IPAG|||||||||||VPWS:26047
VPLS:28763|VPLS:28763|VPLS:28763|||IPAG|||||||||||VPLS:28763
VPLS:32075|VPLS:32075|VPLS:32075|||IPAG|||||||||||VPLS:32075
VPLS:25582|VPLS:25582|VPLS:25582|||IPAG|||||||||||VPLS:25582
VPLS:23427|VPLS:23427|VPLS:23427|||NTE|||||||||||VPLS:23427
VPLS:997935|VPLS:997935|VPLS:997935|||NTE|||||||||||VPLS:997935
VPWS:29535|VPWS:29535|VPWS:29535|||IPAG|||||||||||VPWS:29535
VPWS:25824|VPWS:25824|VPWS:25824|||IPAG|||||||||||VPWS:25824
VPLS:27882|VPLS:27882|VPLS:27882|||IPAG|||||||||||VPLS:27882
VPWS:28945|VPWS:28945|VPWS:28945|||IPAG|||||||||||VPWS:28945
VPLS:23705|VPLS:23705|VPLS:23705|||IPAG|||||||||||VPLS:23705
VPLS:28955|VPLS:28955|VPLS:28955|||IPAG|||||||||||VPLS:28955
VPWS:63621|VPWS:63621|VPWS:63621|||IPAG|||||||||||VPWS:63621
L2CKT:23598|L2CKT:23598|L2CKT:23598|||NTE|||||||||||L2CKT:23598
VPWS:28875|VPWS:28875|VPWS:28875|||IPAG|||||||||||VPWS:28875
VPWS:31253|VPWS:31253|VPWS:31253|||IPAG|||||||||||VPWS:31253
VPWS:29164|VPWS:29164|VPWS:29164|||NTE|||||||||||VPWS:29164
VPLS:25846|VPLS:25846|VPLS:25846|||IPAG|||||||||||VPLS:25846
VPLS:21523|VPLS:21523|VPLS:21523|||NTE|||||||||||VPLS:21523
VPWS:30033|VPWS:30033|VPWS:30033|||IPAG|||||||||||VPWS:30033
L2CKT:62884|L2CKT:62884|L2CKT:62884|||IPAG|||||||||||L2CKT:62884
VPLS:25891|VPLS:25891|VPLS:25891|||IPAG|||||||||||VPLS:25891
VPLS:30041|VPLS:30041|VPLS:30041|||NTE|||||||||||VPLS:30041
VPWS:29232|VPWS:29232|VPWS:29232|||IPAG|||||||||||VPWS:29232
VPLS:30952|VPLS:30952|VPLS:30952|||NTE|||||||||||VPLS:30952
VPLS:23008|VPLS:23008|VPLS:23008|||NTE|||||||||||VPLS:23008
VPLS:30374|VPLS:30374|VPLS:30374|||IPAG|||||||||||VPLS:30374
VPWS:31732|VPWS:31732|VPWS:31732|||IPAG|||||||||||VPWS:31732
VPLS:23596|VPLS:23596|VPLS:23596|||NTE|||||||||||VPLS:23596
VPLS:25651|VPLS:25651|VPLS:25651|||IPAG|||||||||||VPLS:25651
VPLS:22314|VPLS:22314|VPLS:22314|||IPAG|||||||||||VPLS:22314
VPLS:28839|VPLS:28839|VPLS:28839|||IPAG|||||||||||VPLS:28839
VPWS:27280|VPWS:27280|VPWS:27280|||IPAG|||||||||||VPWS:27280
VPWS:23836|VPWS:23836|VPWS:23836|||IPAG|||||||||||VPWS:23836
VPLS:26700|VPLS:26700|VPLS:26700|||NTE|||||||||||VPLS:26700
VPWS:29219|VPWS:29219|VPWS:29219|||IPAG|||||||||||VPWS:29219
VPLS:61571|VPLS:61571|VPLS:61571|||IPAG|||||||||||VPLS:61571
VPLS:28729|VPLS:28729|VPLS:28729|||NTE|||||||||||VPLS:28729
VPLS:52488|VPLS:52488|VPLS:52488|||IPAG|||||||||||VPLS:52488
VPWS:26853|VPWS:26853|VPWS:26853|||NTE|||||||||||VPWS:26853
VPWS:29585|VPWS:29585|VPWS:29585|||IPAG|||||||||||VPWS:29585
VPLS:25691|VPLS:25691|VPLS:25691|||NTE|||||||||||VPLS:25691
VPWS:31749|VPWS:31749|VPWS:31749|||IPAG|||||||||||VPWS:31749
VPWS:28986|VPWS:28986|VPWS:28986|||IPAG|||||||||||VPWS:28986
L2CKT:23626|L2CKT:23626|L2CKT:23626|||NTE|||||||||||L2CKT:23626
VPLS:22461|VPLS:22461|VPLS:22461|||IPAG|||||||||||VPLS:22461
VPWS:23719|VPWS:23719|VPWS:23719|||IPAG|||||||||||VPWS:23719
VPLS:26944|VPLS:26944|VPLS:26944|||NTE|||||||||||VPLS:26944
VPLS:29881|VPLS:29881|VPLS:29881|||NTE|||||||||||VPLS:29881
L2CKT:26722|L2CKT:26722|L2CKT:26722|||NTE|||||||||||L2CKT:26722
VPLS:25810|VPLS:25810|VPLS:25810|||NTE|||||||||||VPLS:25810
VPLS:25809|VPLS:25809|VPLS:25809|||IPAG|||||||||||VPLS:25809
VPLS:62892|VPLS:62892|VPLS:62892|||IPAG|||||||||||VPLS:62892
VPWS:27560|VPWS:27560|VPWS:27560|||IPAG|||||||||||VPWS:27560
VPLS:25443|VPLS:25443|VPLS:25443|||IPAG|||||||||||VPLS:25443
VPLS:22858|VPLS:22858|VPLS:22858|||NTE|||||||||||VPLS:22858
435|435|435|||IPAG|||||||||||435
VPLS:31665|VPLS:31665|VPLS:31665|||IPAG|||||||||||VPLS:31665
L2CKT:28111|L2CKT:28111|L2CKT:28111|||IPAG|||||||||||L2CKT:28111
VPWS:23456|VPWS:23456|VPWS:23456|||IPAG|||||||||||VPWS:23456
VPLS:23042|VPLS:23042|VPLS:23042|||NTE|||||||||||VPLS:23042
VPWS:29468|VPWS:29468|VPWS:29468|||IPAG|||||||||||VPWS:29468
VPLS:28701|VPLS:28701|VPLS:28701|||IPAG|||||||||||VPLS:28701
VPWS:23895|VPWS:23895|VPWS:23895|||NTE|||||||||||VPWS:23895
VPWS:23778|VPWS:23778|VPWS:23778|||IPAG|||||||||||VPWS:23778
VPWS:25899|VPWS:25899|VPWS:25899|||IPAG|||||||||||VPWS:25899
VPLS:21707|VPLS:21707|VPLS:21707|||NTE|||||||||||VPLS:21707
VPWS:29716|VPWS:29716|VPWS:29716|||IPAG|||||||||||VPWS:29716
VPLS:22105|VPLS:22105|VPLS:22105|||IPAG|||||||||||VPLS:22105
VPLS:27500|VPLS:27500|VPLS:27500|||NTE|||||||||||VPLS:27500
VPWS:22785|VPWS:22785|VPWS:22785|||IPAG|||||||||||VPWS:22785
VPLS:28030|VPLS:28030|VPLS:28030|||IPAG|||||||||||VPLS:28030
VPLS:29674|VPLS:29674|VPLS:29674|||IPAG|||||||||||VPLS:29674
VPWS:29271|VPWS:29271|VPWS:29271|||IPAG|||||||||||VPWS:29271
VPLS:20632|VPLS:20632|VPLS:20632|||NTE|||||||||||VPLS:20632
VPLS:23691|VPLS:23691|VPLS:23691|||NTE|||||||||||VPLS:23691
VPWS:28996|VPWS:28996|VPWS:28996|||IPAG|||||||||||VPWS:28996
L2CKT:26720|L2CKT:26720|L2CKT:26720|||NTE|||||||||||L2CKT:26720
VPWS:26721|VPWS:26721|VPWS:26721|||NTE|||||||||||VPWS:26721
VPWS:24112|VPWS:24112|VPWS:24112|||NTE|||||||||||VPWS:24112
VPLS:25646|VPLS:25646|VPLS:25646|||NTE|||||||||||VPLS:25646
VPLS:23624|VPLS:23624|VPLS:23624|||IPAG|||||||||||VPLS:23624
VPLS:31716|VPLS:31716|VPLS:31716|||IPAG|||||||||||VPLS:31716
VPLS:29426|VPLS:29426|VPLS:29426|||NTE|||||||||||VPLS:29426
VPLS:52214|VPLS:52214|VPLS:52214|||IPAG|||||||||||VPLS:52214
VPLS:32086|VPLS:32086|VPLS:32086|||IPAG|||||||||||VPLS:32086
VPWS:27177|VPWS:27177|VPWS:27177|||IPAG|||||||||||VPWS:27177
VPLS:23789|VPLS:23789|VPLS:23789|||NTE|||||||||||VPLS:23789
VPWS:63252|VPWS:63252|VPWS:63252|||IPAG|||||||||||VPWS:63252
VPLS:51836|VPLS:51836|VPLS:51836|||NTE|||||||||||VPLS:51836
L2CKT:26718|L2CKT:26718|L2CKT:26718|||NTE|||||||||||L2CKT:26718
VPLS:22767|VPLS:22767|VPLS:22767|||IPAG|||||||||||VPLS:22767
VPLS:52296|VPLS:52296|VPLS:52296|||NTE|||||||||||VPLS:52296
VPLS:27924|VPLS:27924|VPLS:27924|||IPAG|||||||||||VPLS:27924
VPLS:61989|VPLS:61989|VPLS:61989|||IPAG|||||||||||VPLS:61989
L2CKT:24024|L2CKT:24024|L2CKT:24024|||NTE|||||||||||L2CKT:24024
VPLS:28749|VPLS:28749|VPLS:28749|||NTE|||||||||||VPLS:28749
VPLS:23782|VPLS:23782|VPLS:23782|||NTE|||||||||||VPLS:23782
VPLS:32006|VPLS:32006|VPLS:32006|||IPAG|||||||||||VPLS:32006
VPLS:27618|VPLS:27618|VPLS:27618|||IPAG|||||||||||VPLS:27618
VPLS:29210|VPLS:29210|VPLS:29210|||NTE|||||||||||VPLS:29210
L2CKT:28294|L2CKT:28294|L2CKT:28294|||IPAG|||||||||||L2CKT:28294
VPLS:20788|VPLS:20788|VPLS:20788|||IPAG|||||||||||VPLS:20788
VPWS:29290|VPWS:29290|VPWS:29290|||IPAG|||||||||||VPWS:29290
VPWS:32140|VPWS:32140|VPWS:32140|||IPAG|||||||||||VPWS:32140
VPWS:26069|VPWS:26069|VPWS:26069|||IPAG|||||||||||VPWS:26069
L2CKT:32687|L2CKT:32687|L2CKT:32687|||IPAG|||||||||||L2CKT:32687
VPLS:28699|VPLS:28699|VPLS:28699|||NTE|||||||||||VPLS:28699
VPWS:22548|VPWS:22548|VPWS:22548|||NTE|||||||||||VPWS:22548
