<?xml version="1.0" encoding="UTF-8" standalone="yes"?>
<devTypeAndSeveritySuppress>
	<devTypeAndSeverityCheck>
		<devSev>TEST</devSev>
		<suppress>true</suppress>
	</devTypeAndSeverityCheck>
	<devTypeAndSeverityCheck>
		<devSev>JUNIPER MX SERIES/3</devSev>
		<suppress>true</suppress>
	</devTypeAndSeverityCheck>
	<devTypeAndSeverityCheck>
		<devSev>CIENA NTE/3</devSev>
		<suppress>true</suppress>
	</devTypeAndSeverityCheck>	
	<devTypeAndSeverityCheck>
		<devSev>ADTRAN 5000 SERIES/3</devSev>
		<suppress>true</suppress>
	</devTypeAndSeverityCheck>	
</devTypeAndSeveritySuppress>
