<?xml version="1.0" encoding="UTF-8" standalone="yes"?>
<PreProcessPolicies xmlns="http://config.pd.vp.expert.uca.hp.com/"
xmlns:xsi="http://www.w3.org/2001/XMLSchema"
xsi:schemaLocation="PreProcessXmlConfig.xsd">      
    <passThru>    
    	<enablePublish>true</enablePublish>       
      	<eventNames>
    		<eventName>50001/100/5</eventName>
    		<eventName>50001/100/6</eventName>    
    		<eventName>50001/100/12</eventName>
			<eventName>50001/100/13</eventName>         
			<eventName>50001/100/14</eventName>        
			<eventName>50001/100/15</eventName>   
			<eventName>50001/100/16</eventName>
			<eventName>50001/100/17</eventName>  
			<eventName>50001/100/18</eventName>
			<eventName>50001/100/19</eventName>
			<eventName>50001/100/21</eventName> 
			<eventName>50001/100/22</eventName>
			<eventName>50001/100/23</eventName>
			<eventName>50001/100/24</eventName>  
			<eventName>50001/100/25</eventName>
			<eventName>50001/100/26</eventName>
			<eventName>50001/100/27</eventName>
			<eventName>50001/100/28</eventName>
			<eventName>50001/100/31</eventName>
			<eventName>50001/100/32</eventName>
			<eventName>50001/100/33</eventName>
			<eventName>50001/100/34</eventName>
			<eventName>50001/100/35</eventName>
			<eventName>50001/100/40</eventName>
			<eventName>50001/100/41</eventName>
			<eventName>50001/100/51</eventName>
			<eventName>50001/100/53</eventName>
			<eventName>50001/100/54</eventName>
			<eventName>50001/100/66</eventName>
			<eventName>50001/100/67</eventName>
			<eventName>50001/100/68</eventName>
			<eventName>50001/100/69</eventName>
			<eventName>50001/100/70</eventName>
			<eventName>50001/100/71</eventName>
			<eventName>50001/100/72</eventName>
			<eventName>50001/100/74</eventName>
			<eventName>50001/100/75</eventName>
			<eventName>50001/100/77</eventName>
			<eventName>50001/100/83</eventName>
			<eventName>50001/100/86</eventName>
			<eventName>50001/100/87</eventName>
			<eventName>50001/100/88</eventName>
			<eventName>50001/100/89</eventName> 
			<eventName>50001/100/90</eventName> 
			<eventName>50001/100/91</eventName> 
			<eventName>50001/100/92</eventName>
        	<eventName>50001/100/93</eventName>
        	<eventName>50001/100/94</eventName>
        	<eventName>50001/100/95</eventName>
        	<eventName>50001/100/96</eventName>
        	<eventName>50001/100/97</eventName>
        	<eventName>50001/100/98</eventName>
        	<eventName>50001/100/99</eventName>
			<eventName>50001/100/100</eventName>
        	<eventName>50001/100/101</eventName>
        	<eventName>50001/100/102</eventName>
        	<eventName>50001/100/103</eventName>
        	<eventName>50001/100/104</eventName>
        	<eventName>50001/100/105</eventName>
        	<eventName>50001/100/106</eventName>
        	<eventName>50001/100/107</eventName>
        	<eventName>50001/100/108</eventName>
        	<eventName>50001/100/109</eventName>
        	<eventName>50001/100/111</eventName>
        	<eventName>50001/100/112</eventName>
			<eventName>50002/100/15</eventName> 
			<eventName>50002/100/47</eventName>
			<eventName>50002/100/48</eventName>
			<eventName>50002/100/49</eventName>
    		<eventName>50002/100/50</eventName>
    		<eventName>50002/100/59</eventName> 
    		<eventName>50002/100/60</eventName> 
    		<eventName>50002/100/61</eventName> 
    		<eventName>50002/100/62</eventName> 
    		<eventName>50002/100/63</eventName> 
    		<eventName>50002/100/64</eventName> 
    		<eventName>50002/100/65</eventName> 
    		<eventName>50002/100/66</eventName> 
    		<eventName>50002/100/67</eventName> 
    		<eventName>50002/100/68</eventName> 
    		<eventName>50002/100/69</eventName> 
    		<eventName>50002/100/70</eventName> 
    		<eventName>50002/100/71</eventName> 
    		<eventName>50002/100/72</eventName>
    		<eventName>50002/100/73</eventName> 
    		<eventName>50002/100/74</eventName> 
    		<eventName>50003/100/5</eventName>
			<eventName>50003/100/8</eventName> 
			<eventName>50003/100/9</eventName> 
			<eventName>50003/100/10</eventName>
			<eventName>50003/100/11</eventName>
			<eventName>50003/101/12</eventName>
			<eventName>50003/101/13</eventName>
			<eventName>50003/101/14</eventName>
			<eventName>50003/101/15</eventName>
			<eventName>50003/101/16</eventName>
<!--			<eventName>50003/100/14</eventName> -->
<!-- df moved to syslog	<eventName>50003/100/15</eventName> -->
			<eventName>50003/100/17</eventName>
			<eventName>50003/100/18</eventName>
			<eventName>50003/100/19</eventName>
			<eventName>50003/100/20</eventName>
<!-- moved to prisec			<eventName>50003/100/21</eventName>-->
			<eventName>50003/100/22</eventName>
			<eventName>50003/100/25</eventName>
			<eventName>50003/100/26</eventName>
			<eventName>50003/100/27</eventName>
			<eventName>50003/100/28</eventName>
			<eventName>50003/100/29</eventName>
			<eventName>50003/100/30</eventName>
			<eventName>50003/100/33</eventName>
			<eventName>50003/100/34</eventName>
			<eventName>50003/200/1</eventName>
			<eventName>50003/200/2</eventName>
			<eventName>50003/200/3</eventName>
			<eventName>50003/200/4</eventName>
			<eventName>50003/200/5</eventName>
			<eventName>50003/200/6</eventName>
			<eventName>50003/200/7</eventName>
			<eventName>50003/200/8</eventName> 
			<eventName>50003/200/9</eventName>
			<eventName>50003/200/10</eventName>
			<eventName>50003/200/11</eventName>      
		    <eventName>50004/1/5</eventName>
			<eventName>50004/1/8</eventName>          			
			<eventName>50004/1/16</eventName>          			
			<eventName>50004/1/22</eventName>          			
			<eventName>50004/1/23</eventName> 
			<eventName>50004/1/25</eventName>
			<eventName>50004/1/26</eventName>
			<eventName>50004/1/27</eventName>
			<eventName>50004/1/28</eventName>
			<eventName>50004/1/30</eventName>
			<eventName>50004/1/31</eventName>
			<eventName>50004/1/32</eventName>
			<eventName>50004/1/33</eventName>
			<eventName>50004/1/34</eventName>
			<eventName>50004/1/35</eventName>
			<eventName>50004/1/36</eventName>
			<eventName>50004/1/37</eventName>
			<eventName>50004/1/38</eventName>
			<eventName>50004/4/1</eventName>  
			<eventName>50004/4/2</eventName>    
			<eventName>50005/6/3303</eventName> 
			<eventName>50005/6/6001</eventName>   			 
			<eventName>50005/6/7001</eventName>   
			<eventName>50005/6/7003</eventName>
			<eventName>50005/6/7005</eventName>
			<eventName>50005/6/7007</eventName>
			<eventName>50005/6/7013</eventName> 
			<eventName>50005/6/7015</eventName>
			<eventName>50005/6/9130</eventName>  
			<eventName>50005/6/9200</eventName>
			<eventName>50005/6/9202</eventName>
			<eventName>50005/6/9208</eventName>
			<eventName>50006/100/1</eventName>
			<eventName>50006/100/2</eventName>
			<eventName>50006/100/3</eventName>
			<eventName>50006/100/4</eventName>
			<eventName>50006/100/5</eventName>
			<eventName>50006/100/6</eventName>
			<eventName>50006/100/7</eventName>
			<eventName>50006/100/8</eventName>
			<eventName>50006/100/9</eventName>
			<eventName>50006/100/10</eventName>
			<eventName>50006/100/11</eventName>
			<eventName>50006/100/12</eventName>
			<eventName>50006/100/13</eventName>
			<eventName>50006/100/14</eventName>
			<eventName>50006/100/15</eventName>
			<eventName>10000/500/2</eventName>			 
    	</eventNames>     
    </passThru>
    <fileTargets>
    	<fileTarget>
    		<enableLogging>true</enableLogging>
    		<fileName>AdtranAlarms.log</fileName>
    		<eventNames>
    			<eventName>50001*</eventName>
    		</eventNames>
    	</fileTarget>
    	<fileTarget>
    		<enableLogging>true</enableLogging>
    		<fileName>CienaAlarms.log</fileName>   
    		<eventNames>
    			<eventName>50002*</eventName>
    		</eventNames>
    	</fileTarget>
    </fileTargets> 
    <cascadeTargets>
    	<cascadeTarget name="JUNIPER_lINK_DOWN_PD">          
			<enableCascading>true</enableCascading> 
			<vpName>IpagJuniperPdvp</vpName>
			<scenarioName>com.hp.uca.expert.vp.pd.ProblemDetection</scenarioName>
			<version>0.6</version> 
    		<eventNames>        
			 <eventName>50003/100/2</eventName>
    			 <eventName>50003/100/1</eventName>
		 	 <eventName>50003/100/7</eventName>
                         <eventName>50003/100/6</eventName>
                         <eventName>50004/100/2</eventName>
			<eventName>50004/1/2</eventName>                         
                         <eventName>50003/100/23</eventName>
		         <eventName>50004/2/3</eventName>
		         <eventName>50004/2/58916877</eventName>
		         <eventName>50004/2/58916875</eventName>
 
    		</eventNames>     
    	</cascadeTarget>   
        <cascadeTarget name="PRIMARYSECONDARY_CORRELATION">
                        <enableCascading>true</enableCascading>
                        <vpName>IpagPriSecPdvp</vpName>
                        <scenarioName>com.hp.uca.expert.vp.pd.ProblemDetection</scenarioName>
                        <version>0.1</version>
                <eventNames>
                         <eventName>50003/100/24</eventName>
                         <eventName>50003/100/3</eventName>
                         <eventName>50003/100/4</eventName>
                         <eventName>50003/100/21</eventName> 
                         <eventName>50004/1/18</eventName>
                         <eventName>50004/1/19</eventName>
                         <eventName>50004/1/20</eventName>
                         <eventName>50004/1/21</eventName>
                         <eventName>50004/1/39</eventName>
                </eventNames>
        </cascadeTarget>

        <cascadeTarget name="JUNIPER_SYSLOG_PD">
                        <enableCascading>true</enableCascading>
                       <vpName>IpagJuniperSyslogPdvp</vpName>
                        <scenarioName>com.hp.uca.expert.vp.pd.ProblemDetection</scenarioName>
                        <version>0.3</version>
                <eventNames>
                        <eventName>50004/3/2</eventName>
			<eventName>50001/100/52</eventName> 
                	<eventName>50004/10/1</eventName>
                        <eventName>50004/1/7</eventName>
                	<eventName>50004/1/11</eventName>
			<eventName>50001/100/62</eventName>
			<eventName>50001/100/63</eventName>
			<eventName>50001/100/64</eventName>
			<eventName>50004/1/10</eventName>
			<eventName>50004/1/9</eventName>	
                	<eventName>50004/1/12</eventName>
                	<eventName>50004/1/13</eventName>
			<eventName>50003/100/12</eventName>
                	<eventName>50003/100/13</eventName>
                	<eventName>50003/100/16</eventName>
	        	<eventName>50003/100/15</eventName>
                        <eventName>50003/100/14</eventName> 
			<eventName>50004/1/7</eventName>
    			<eventName>50001/100/61</eventName>   
    			<eventName>50001/100/62</eventName>   
    			<eventName>50001/100/63</eventName>   
    			<eventName>50001/100/64</eventName>   
    			<eventName>50001/100/65</eventName>   
                </eventNames>
        </cascadeTarget>
    	<cascadeTarget name="ADTRAN">          
			<enableCascading>true</enableCascading> 
			<vpName>AdtranPdvp</vpName>
			<scenarioName>com.hp.uca.expert.vp.pd.ProblemDetection</scenarioName>
			<version>0.1</version> 
    		<eventNames>         
    			<eventName>50001/100/1</eventName>   
    			<eventName>50001/100/2</eventName>   
    			<eventName>50001/100/3</eventName>      
    			<eventName>50001/100/4</eventName>      
    			<eventName>50001/100/7</eventName>    
    			<eventName>50001/100/8</eventName>   
    			<eventName>50001/100/9</eventName>    
    			<eventName>50001/100/10</eventName>   
    			<eventName>50001/100/11</eventName>   
    			<eventName>50001/100/20</eventName>     
    			<eventName>50001/100/29</eventName>   
    			<eventName>50001/100/37</eventName>   
    			<eventName>50001/100/38</eventName>   
    			<eventName>50001/100/39</eventName>   
    			<eventName>50001/100/42</eventName>   
    			<eventName>50001/100/43</eventName>   
				<eventName>50001/100/45</eventName>
				<eventName>50001/100/46</eventName>
				<eventName>50001/100/47</eventName>
				<eventName>50001/100/49</eventName>   
				<eventName>50001/100/50</eventName>
    			<eventName>50001/100/48</eventName>   
    			<eventName>50001/100/60</eventName>   
    			<eventName>50001/100/84</eventName>   
    			<eventName>50001/100/85</eventName>    
    			<eventName>50001/100/78</eventName>    
    			<eventName>50001/100/79</eventName>    
    			<eventName>50001/100/80</eventName>     
    			<eventName>50001/100/81</eventName>    
    			<eventName>50001/100/82</eventName>    
    			<eventName>50001/100/55</eventName>     
    			<eventName>50001/100/56</eventName>    
    			<eventName>50001/100/57</eventName>    
   				<eventName>50001/100/58</eventName>    
   				<eventName>50001/100/59</eventName>    
                <eventName>50003/100/12</eventName>
                <eventName>50003/100/13</eventName>
                <eventName>50003/100/14</eventName>
                <eventName>50003/100/15</eventName> 
                <eventName>50003/100/16</eventName> 
	    		<eventName>50004/2/1</eventName>      		
    		</eventNames>      
    	</cascadeTarget>    
    	<cascadeTarget name="Ciena">
			<enableCascading>true</enableCascading> 
			<vpName>CienaECPdvp</vpName>
			<scenarioName>com.hp.uca.expert.vp.pd.ProblemDetection</scenarioName>
			<version>1.0</version>
    		<eventNames>      
    			<eventName>50002/100/3</eventName> 
    			<eventName>50002/100/4</eventName>  
    			<eventName>50002/100/5</eventName> 
    			<eventName>50002/100/6</eventName> 
    			<eventName>50002/100/7</eventName>  
    			<eventName>50002/100/8</eventName> 
    			<eventName>50002/100/9</eventName> 
    			<eventName>50002/100/10</eventName>  
    			<eventName>50002/100/11</eventName> 
    			<eventName>50002/100/12</eventName> 
    			<eventName>50002/100/13</eventName> 
    			<eventName>50002/100/14</eventName>  
    			<eventName>50002/100/17</eventName> 
    			<eventName>50002/100/18</eventName> 
    			<eventName>50002/100/22</eventName> 
				<eventName>50002/100/23</eventName>
				<eventName>50002/100/24</eventName>
				<eventName>50002/100/25</eventName>
				<eventName>50002/100/26</eventName>
				<eventName>50002/100/27</eventName>    		
				<eventName>50002/100/28</eventName>    		
				<eventName>50002/100/29</eventName>    		
				<eventName>50002/100/30</eventName>    		
				<eventName>50002/100/31</eventName>    		
				<eventName>50002/100/32</eventName>    		
				<eventName>50002/100/33</eventName>    		
    			<eventName>50002/100/34</eventName>  
    			<eventName>50002/100/35</eventName> 
    			<eventName>50002/100/36</eventName> 
    			<eventName>50002/100/37</eventName> 
    			<eventName>50002/100/38</eventName> 
    			<eventName>50002/100/39</eventName> 
    			<eventName>50002/100/40</eventName> 
    			<eventName>50002/100/41</eventName>  
    			<eventName>50002/100/42</eventName>   
    			<eventName>50002/100/43</eventName> 
    			<eventName>50002/100/44</eventName>  
    			<eventName>50002/100/45</eventName> 
    			<eventName>50002/100/46</eventName> 
    			<eventName>50002/100/53</eventName> 
    			<eventName>50002/100/54</eventName> 
    			<eventName>50002/100/56</eventName> 
    			<eventName>50002/100/57</eventName> 
    			<eventName>50002/100/55</eventName> 
    			<eventName>50002/100/21</eventName> 
    			<eventName>50002/100/19</eventName>
    			<eventName>50002/100/52</eventName> 
				<eventName>50002/100/58</eventName>   
		        <eventName>50004/2/2</eventName>
		        <eventName>50004/1/3</eventName>
		        <eventName>50004/1/4</eventName> 
		        <eventName>50004/2/58916876</eventName>
		        <eventName>50004/3/3</eventName>
		        <eventName>50004/3/4</eventName>  
    		</eventNames>   
    	</cascadeTarget>   
    </cascadeTargets>  
    <healthTraps>  
    <eventNames>
    			<eventName>50002/100/55</eventName> 
    			<eventName>50002/100/14</eventName> 
    			<eventName>50002/100/21</eventName> 
    			<eventName>50002/100/19</eventName> 
    			<eventName>50002/100/52</eventName>
    			<eventName>50004/3/3</eventName>  
    </eventNames>
    </healthTraps>
</PreProcessPolicies>
