{
	"rootCauseAlarms": {
		"controllerName": "owb-richardson",
		"alarmState": "Set",
		"correlationTag": "muTag9",
		"RCADateTime": "11/16/2016 10:55:12 CST",
		"overallCLFI": "HP102/GE10/JCVLFLBW41W/JCVLFLBW41W",
		"rootCauseCLFI": "101T4X/RICHTXKX4/DALLTXKF100",
		"rootCauseCLFIType": "T4X",
		"rootCauseDescription": "portLossOfLight Multiple Alarms",
		"aotsTicketNum": ""
	},
	
	"rootCauseEvents":  [
          {
            "clli": "owb-rdm-006" , 
            "nodeId": " DALLTXKF3-12345" , 
            "vendor": "FUJI" , 
            "model": "X-15" , 
            "nodeType": "roadm" , 
            "bay": "2" , 
            "shelf": "3" , 
            "slot": "2" , 
            "port": "3" , 
            "interface": "intfc_abc",
            "probCause": "portLossOfLight"
        },        
        {
            "clli": "owb-rdm-007" , 
            "nodeId": " RICHTXKX4-12345" , 
            "vendor": "FUJI" , 
            "model": "B-15" , 
            "nodeType": "roadm" , 
            "bay": "1" , 
            "shelf": "2" , 
            "slot": "7" , 
            "port": "1" , 
            "interface": "intfc_abcd" ,  
            "probCause": "portLossOfLight"
        } ],

	"impactedCLFIs": {
		"TailClfis": [
			"101T4X/RICHTXKX4/DALLTXKF3",
			"102T4X/RICHTXKX4/DALLTXKF3"
		],
		"E2EClfis": [
			"103T4X/RICHTXKX4/DALLTXKF333",
			"104T4X/RICHTXKX4/DALLTXKF444"
		]
	}
}