<?xml version="1.0" encoding="UTF-8" standalone="yes"?>

<Alarms xmlns="http://hp.com/uca/expert/x733Alarm">

	<AlarmCreationInterface xmlns="http://hp.com/uca/expert/x733Alarm">

		<!-- Alarm attributes needed by UCA-EBC -->
		<sourceIdentifier>NTD</sourceIdentifier>
		<identifier>512065</identifier>
		<originatingManagedEntity>CLASSNAME INSTANCENAME
		</originatingManagedEntity>
		<originatingManagedEntityStructure>
			<classInstance instance="INSTANCENAME" clazz="CLASSNAME" />
		</originatingManagedEntityStructure>
		<alarmType>COMMUNICATIONS_ALARM</alarmType>
		<probableCause>PROBABLECAUSE</probableCause>
		<perceivedSeverity>MAJOR</perceivedSeverity>
		<networkState>NOT_CLEARED</networkState>
		<operatorState>NOT_ACKNOWLEDGED</operatorState>
		<problemState>NOT_HANDLED</problemState>
		<specificProblem>SPECIFIC_PROBLEM</specificProblem>
		<additionalText>ADDITIONAL_TEXT : NTDTestCase2ActiveAlarmAndClearAlarm.xml </additionalText>
		<notificationIdentifier>512065</notificationIdentifier>
		<alarmRaisedTime>2009-09-16T12:00:00.000+02:00</alarmRaisedTime>

		<!-- Alarm attributes of an NTD Ticket -->
		<customFields>
			<customField value="P101/GE10/DTRTMIBL0AW/DTRTMIBL0BW"
				name="clfi" />
			<customField value="512065" name="TicketNumber" />
			<customField value="RAMAhost" name="NWPHostname" />
			<customField value="H" name="PublishFlag" />			
			<!-- Time below is GMT: Wed, 20 Jan 2016 05:00:00 UTC -->
			<customField value="1453266000" name="AlarmTime" />	
		</customFields>

	</AlarmCreationInterface>
	
	
		<AlarmCreationInterface xmlns="http://hp.com/uca/expert/x733Alarm">

		<!-- Alarm attributes needed by UCA-EBC -->
		<sourceIdentifier>NTD</sourceIdentifier>
		<identifier>512065</identifier>
		<originatingManagedEntity>CLASSNAME INSTANCENAME
		</originatingManagedEntity>
		<originatingManagedEntityStructure>
			<classInstance instance="INSTANCENAME" clazz="CLASSNAME" />
		</originatingManagedEntityStructure>
		<alarmType>COMMUNICATIONS_ALARM</alarmType>
		<probableCause>PROBABLECAUSE</probableCause>
		<perceivedSeverity>CLEAR</perceivedSeverity>
		<networkState>NOT_CLEARED</networkState>
		<operatorState>NOT_ACKNOWLEDGED</operatorState>
		<problemState>NOT_HANDLED</problemState>
		<specificProblem>SPECIFIC_PROBLEM</specificProblem>
		<additionalText>ADDITIONAL_TEXT : NTDTestCase2ActiveAlarmAndClearAlarm.xml </additionalText>
		<notificationIdentifier>512065</notificationIdentifier>
		<alarmRaisedTime>2009-09-16T12:00:00.000+02:00</alarmRaisedTime>

		<!-- Alarm attributes of an NTD Ticket -->
		<customFields>
			<customField value="P101/GE10/DTRTMIBL0AW/DTRTMIBL0BW"
				name="clfi" />
			<customField value="512065" name="TicketNumber" />
			<customField value="RAMAhost" name="NWPHostname" />
			<customField value="H" name="PublishFlag" />
			<customField value="1375384673" name="AlarmTime" />		
			<!-- Time below is GMT: Wed, 20 Jan 2016 06:00:00 UTC -->
			<customField value="1453269600" name="AlarmTime" />	
			
		</customFields>

	</AlarmCreationInterface>

</Alarms>
