<?xml version="1.0" encoding="UTF-8"?>
<Alarms xmlns="http://hp.com/uca/expert/x733Alarm">
	<AlarmCreationInterface>
		<!-- Alarm attributes needed by UCA-EBC -->
		<sourceIdentifier>NTD</sourceIdentifier>
		<identifier>512066</identifier>
		<originatingManagedEntity>CLASSNAME INSTANCENAME
		</originatingManagedEntity>
		<originatingManagedEntityStructure>
			<classInstance instance="INSTANCENAME" clazz="CLASSNAME" />
		</originatingManagedEntityStructure>
		<alarmType>COMMUNICATIONS_ALARM</alarmType>
		<probableCause>PROBABLECAUSE</probableCause>
		<perceivedSeverity>CRITICAL</perceivedSeverity>
		<networkState>NOT_CLEARED</networkState>
		<operatorState>NOT_ACKNOWLEDGED</operatorState>
		<problemState>NOT_HANDLED</problemState>
		<specificProblem>SPECIFIC_PROBLEM</specificProblem>
		<additionalText>ADDITIONAL_TEXT : NTDTestCase3TestTimeBasedPurge.xml </additionalText>
		<notificationIdentifier>512066</notificationIdentifier>
		<alarmRaisedTime>2009-09-16T12:00:00.000+02:00</alarmRaisedTime>
		<!-- Alarm attributes of an NTD Ticket -->
		<customFields>
			<customField value="P101/GE10/DTRTMIBL0AW/DTRTMIBL0BW"
				name="clfi" />
			<customField value="512066" name="TicketNumber" />
			<customField value="RAMAhost" name="NWPHostname" />
			<customField value="H" name="PublishFlag" />
			<!-- Time below is GMT: Sun, 20 Jan 2013 03:00:00 UTC -->
			<customField value="1358650800" name="AlarmTime" />	
		</customFields>
	</AlarmCreationInterface>
	<AlarmCreationInterface>
		<!-- Alarm attributes needed by UCA-EBC -->
		<sourceIdentifier>NTD</sourceIdentifier>
		<identifier>512067</identifier>
		<originatingManagedEntity>CLASSNAME INSTANCENAME
		</originatingManagedEntity>
		<originatingManagedEntityStructure>
			<classInstance instance="INSTANCENAME" clazz="CLASSNAME" />
		</originatingManagedEntityStructure>
		<alarmType>COMMUNICATIONS_ALARM</alarmType>
		<probableCause>PROBABLECAUSE</probableCause>
		<perceivedSeverity>MAJOR</perceivedSeverity>
		<networkState>NOT_CLEARED</networkState>
		<operatorState>NOT_ACKNOWLEDGED</operatorState>
		<problemState>NOT_HANDLED</problemState>
		<specificProblem>SPECIFIC_PROBLEM</specificProblem>
		<additionalText>ADDITIONAL_TEXT : NTDTestCase3TestTimeBasedPurge.xml </additionalText>
		<notificationIdentifier>512067</notificationIdentifier>
		<alarmRaisedTime>2009-09-16T12:00:00.000+02:00</alarmRaisedTime>
		<!-- Alarm attributes of an NTD Ticket -->
		<customFields>
			<customField value="P101/GE10/DTRTMIBL0AW/DTRTMIBL0BW"
				name="clfi" />
			<customField value="512067" name="TicketNumber" />
			<customField value="RAMAhost" name="NWPHostname" />
			<customField value="H" name="PublishFlag" />
			<!-- Time below is GMT: Sun, 20 Jan 2013 04:00:00 UTC -->
			<customField value="1358654400" name="AlarmTime" />	
		</customFields>
	</AlarmCreationInterface>
	<AlarmCreationInterface>
		<!-- Alarm attributes needed by UCA-EBC -->
		<sourceIdentifier>NTD</sourceIdentifier>
		<identifier>512068</identifier>
		<originatingManagedEntity>CLASSNAME INSTANCENAME
		</originatingManagedEntity>
		<originatingManagedEntityStructure>
			<classInstance instance="INSTANCENAME" clazz="CLASSNAME" />
		</originatingManagedEntityStructure>
		<alarmType>COMMUNICATIONS_ALARM</alarmType>
		<probableCause>PROBABLECAUSE</probableCause>
		<perceivedSeverity>MINOR</perceivedSeverity>
		<networkState>NOT_CLEARED</networkState>
		<operatorState>NOT_ACKNOWLEDGED</operatorState>
		<problemState>NOT_HANDLED</problemState>
		<specificProblem>SPECIFIC_PROBLEM</specificProblem>
		<additionalText>ADDITIONAL_TEXT : NTDTestCase3TestTimeBasedPurge.xml </additionalText>
		<notificationIdentifier>512068</notificationIdentifier>
		<alarmRaisedTime>2009-09-16T12:00:00.000+02:00</alarmRaisedTime>
		<!-- Alarm attributes of an NTD Ticket -->
		<customFields>
			<customField value="P101/GE10/DTRTMIBL0AW/DTRTMIBL0BW"
				name="clfi" />
			<customField value="512068" name="TicketNumber" />
			<customField value="RAMAhost" name="NWPHostname" />
			<customField value="H" name="PublishFlag" />
			<!-- Time below is GMT: Sun, 20 Jan 2013 05:00:00 UTC -->
			<customField value="1358658000" name="AlarmTime" />	
		</customFields>
	</AlarmCreationInterface>
</Alarms>
