<?xml version="1.0" encoding="UTF-8" standalone="yes"?>

<Alarms xmlns="http://hp.com/uca/expert/x733Alarm">

	<AlarmCreationInterface xmlns="http://hp.com/uca/expert/x733Alarm">

		<!-- Alarm attributes needed by UCA-EBC -->
		
		<sourceIdentifier>NTD</sourceIdentifier>
		<identifier>512064</identifier>
		<originatingManagedEntity>CLASSNAME INSTANCENAME
		</originatingManagedEntity>
		<originatingManagedEntityStructure>
			<classInstance instance="INSTANCENAME" clazz="CLASSNAME" />
		</originatingManagedEntityStructure>
		<alarmType>COMMUNICATIONS_ALARM</alarmType>
		<probableCause>PROBABLECAUSE</probableCause>
		<perceivedSeverity>CRITICAL</perceivedSeverity>
		<networkState>NOT_CLEARED</networkState>
		<operatorState>NOT_ACKNOWLEDGED</operatorState>
		<problemState>NOT_HANDLED</problemState>
		<specificProblem>SPECIFIC_PROBLEM</specificProblem>
		<additionalText>ADDITIONAL_TEXT : NTDTestCase1ActiveAlarmUpdateNeo4j.xml </additionalText>
		<notificationIdentifier>512064</notificationIdentifier>
		<alarmRaisedTime>2009-09-16T12:00:00.000+02:00</alarmRaisedTime>
	
	
		<!-- Alarm attributes of an NTD Ticket -->
		<customFields>
			<customField value="P101/GE10/DTRTMIBL0AW/DTRTMIBL0BW"
				name="clfi" />
			<customField value="512064" name="TicketNumber" />
			<customField value="RAMAhost" name="NWPHostname" />
			<customField value="H" name="PublishFlag" />
			
			<!-- Time below is GMT: Sun, 20 Jan 2013 00:00:00 UTC -->
			<customField value="1358640000" name="AlarmTime" />		
			
			<!-- ONLY For JUNIT Testing to ensure that alarm is never deleted -->
			<!--  Future date 20 January 2016 00:00 AM -->	
			<!--  GMT: Wed, 20 Jan 2016 00:00:00 UTC -->
			<!--  <customField value="1453248000" name="AlarmTime" /> -->
				
		</customFields>

	</AlarmCreationInterface>
	



</Alarms>
