<?xml version="1.0" encoding="UTF-8" standalone="yes"?>
<Alarms xmlns="http://hp.com/uca/expert/x733Alarm">
    <AlarmCreationInterface>
        <identifier>512065</identifier>
        <sourceIdentifier>NTD</sourceIdentifier>
        <alarmRaisedTime>2009-09-16T12:00:00.000+02:00</alarmRaisedTime>
        <originatingManagedEntity>CLASSNAME INSTANCENAME
		</originatingManagedEntity>
        <originatingManagedEntityStructure>
            <classInstance instance="INSTANCENAME" clazz="CLASSNAME"/>
        </originatingManagedEntityStructure>
        <alarmType>COMMUNICATIONS_ALARM</alarmType>
        <probableCause>PROBABLECAUSE</probableCause>
        <perceivedSeverity>MAJOR</perceivedSeverity>
        <networkState>NOT_CLEARED</networkState>
        <operatorState>NOT_ACKNOWLEDGED</operatorState>
        <problemState>NOT_HANDLED</problemState>
        <specificProblem>SPECIFIC_PROBLEM</specificProblem>
        <additionalText>ADDITIONAL_TEXT : NTDTestCase2ActiveAlarmAndClearAlarm.xml </additionalText>
        <notificationIdentifier>512065</notificationIdentifier>
        <customFields>
            <customField value="P101/GE10/DTRTMIBL0AW/DTRTMIBL0BW" name="clfi"/>
            <customField value="512065" name="TicketNumber"/>
            <customField value="RAMAhost" name="NWPHostname"/>
            <customField value="H" name="PublishFlag"/>
            <customField value="1453266000" name="AlarmTime"/>
        </customFields>
    </AlarmCreationInterface>
<AlarmCreationInterface xmlns="http://hp.com/uca/expert/x733Alarm">
    <identifier>512065</identifier>
    <sourceIdentifier>NTD</sourceIdentifier>
    <alarmRaisedTime>2009-09-16T12:00:00.000+02:00</alarmRaisedTime>
    <originatingManagedEntity>CLASSNAME INSTANCENAME
		</originatingManagedEntity>
    <originatingManagedEntityStructure>
        <classInstance instance="INSTANCENAME" clazz="CLASSNAME"/>
    </originatingManagedEntityStructure>
    <alarmType>COMMUNICATIONS_ALARM</alarmType>
    <probableCause>PROBABLECAUSE</probableCause>
    <perceivedSeverity>CLEAR</perceivedSeverity>
    <networkState>NOT_CLEARED</networkState>
    <operatorState>NOT_ACKNOWLEDGED</operatorState>
    <problemState>NOT_HANDLED</problemState>
    <specificProblem>SPECIFIC_PROBLEM</specificProblem>
    <additionalText>ADDITIONAL_TEXT : NTDTestCase2ActiveAlarmAndClearAlarm.xml </additionalText>
    <notificationIdentifier>512065</notificationIdentifier>
    <customFields>
        <customField value="P101/GE10/DTRTMIBL0AW/DTRTMIBL0BW" name="clfi"/>
        <customField value="512065" name="TicketNumber"/>
        <customField value="RAMAhost" name="NWPHostname"/>
        <customField value="H" name="PublishFlag"/>
        <customField value="1375384673" name="AlarmTime"/>
        <customField value="1453269600" name="AlarmTime"/>
    </customFields>
</AlarmCreationInterface><AlarmCreationInterface xmlns="http://hp.com/uca/expert/x733Alarm">
    <identifier>512064</identifier>
    <sourceIdentifier>NTD</sourceIdentifier>
    <alarmRaisedTime>2009-09-16T12:00:00.000+02:00</alarmRaisedTime>
    <originatingManagedEntity>CLASSNAME INSTANCENAME
		</originatingManagedEntity>
    <originatingManagedEntityStructure>
        <classInstance instance="INSTANCENAME" clazz="CLASSNAME"/>
    </originatingManagedEntityStructure>
    <alarmType>COMMUNICATIONS_ALARM</alarmType>
    <probableCause>PROBABLECAUSE</probableCause>
    <perceivedSeverity>CRITICAL</perceivedSeverity>
    <networkState>NOT_CLEARED</networkState>
    <operatorState>NOT_ACKNOWLEDGED</operatorState>
    <problemState>NOT_HANDLED</problemState>
    <specificProblem>SPECIFIC_PROBLEM</specificProblem>
    <additionalText>ADDITIONAL_TEXT : NTDTestCase1ActiveAlarmUpdateNeo4j.xml </additionalText>
    <notificationIdentifier>512064</notificationIdentifier>
    <customFields>
        <customField value="P101/GE10/DTRTMIBL0AW/DTRTMIBL0BW" name="clfi"/>
        <customField value="512064" name="TicketNumber"/>
        <customField value="RAMAhost" name="NWPHostname"/>
        <customField value="H" name="PublishFlag"/>
        <customField value="1358640000" name="AlarmTime"/>
    </customFields>
</AlarmCreationInterface><AlarmCreationInterface xmlns="http://hp.com/uca/expert/x733Alarm">
    <identifier>512066</identifier>
    <sourceIdentifier>NTD</sourceIdentifier>
    <alarmRaisedTime>2009-09-16T12:00:00.000+02:00</alarmRaisedTime>
    <originatingManagedEntity>CLASSNAME INSTANCENAME
		</originatingManagedEntity>
    <originatingManagedEntityStructure>
        <classInstance instance="INSTANCENAME" clazz="CLASSNAME"/>
    </originatingManagedEntityStructure>
    <alarmType>COMMUNICATIONS_ALARM</alarmType>
    <probableCause>PROBABLECAUSE</probableCause>
    <perceivedSeverity>CRITICAL</perceivedSeverity>
    <networkState>NOT_CLEARED</networkState>
    <operatorState>NOT_ACKNOWLEDGED</operatorState>
    <problemState>NOT_HANDLED</problemState>
    <specificProblem>SPECIFIC_PROBLEM</specificProblem>
    <additionalText>ADDITIONAL_TEXT : NTDTestCase3TestTimeBasedPurge.xml </additionalText>
    <notificationIdentifier>512066</notificationIdentifier>
    <customFields>
        <customField value="P101/GE10/DTRTMIBL0AW/DTRTMIBL0BW" name="clfi"/>
        <customField value="512066" name="TicketNumber"/>
        <customField value="RAMAhost" name="NWPHostname"/>
        <customField value="H" name="PublishFlag"/>
        <customField value="1358650800" name="AlarmTime"/>
    </customFields>
</AlarmCreationInterface><AlarmCreationInterface xmlns="http://hp.com/uca/expert/x733Alarm">
    <identifier>512067</identifier>
    <sourceIdentifier>NTD</sourceIdentifier>
    <alarmRaisedTime>2009-09-16T12:00:00.000+02:00</alarmRaisedTime>
    <originatingManagedEntity>CLASSNAME INSTANCENAME
		</originatingManagedEntity>
    <originatingManagedEntityStructure>
        <classInstance instance="INSTANCENAME" clazz="CLASSNAME"/>
    </originatingManagedEntityStructure>
    <alarmType>COMMUNICATIONS_ALARM</alarmType>
    <probableCause>PROBABLECAUSE</probableCause>
    <perceivedSeverity>MAJOR</perceivedSeverity>
    <networkState>NOT_CLEARED</networkState>
    <operatorState>NOT_ACKNOWLEDGED</operatorState>
    <problemState>NOT_HANDLED</problemState>
    <specificProblem>SPECIFIC_PROBLEM</specificProblem>
    <additionalText>ADDITIONAL_TEXT : NTDTestCase3TestTimeBasedPurge.xml </additionalText>
    <notificationIdentifier>512067</notificationIdentifier>
    <customFields>
        <customField value="P101/GE10/DTRTMIBL0AW/DTRTMIBL0BW" name="clfi"/>
        <customField value="512067" name="TicketNumber"/>
        <customField value="RAMAhost" name="NWPHostname"/>
        <customField value="H" name="PublishFlag"/>
        <customField value="1358654400" name="AlarmTime"/>
    </customFields>
</AlarmCreationInterface><AlarmCreationInterface xmlns="http://hp.com/uca/expert/x733Alarm">
    <identifier>512068</identifier>
    <sourceIdentifier>NTD</sourceIdentifier>
    <alarmRaisedTime>2009-09-16T12:00:00.000+02:00</alarmRaisedTime>
    <originatingManagedEntity>CLASSNAME INSTANCENAME
		</originatingManagedEntity>
    <originatingManagedEntityStructure>
        <classInstance instance="INSTANCENAME" clazz="CLASSNAME"/>
    </originatingManagedEntityStructure>
    <alarmType>COMMUNICATIONS_ALARM</alarmType>
    <probableCause>PROBABLECAUSE</probableCause>
    <perceivedSeverity>MINOR</perceivedSeverity>
    <networkState>NOT_CLEARED</networkState>
    <operatorState>NOT_ACKNOWLEDGED</operatorState>
    <problemState>NOT_HANDLED</problemState>
    <specificProblem>SPECIFIC_PROBLEM</specificProblem>
    <additionalText>ADDITIONAL_TEXT : NTDTestCase3TestTimeBasedPurge.xml </additionalText>
    <notificationIdentifier>512068</notificationIdentifier>
    <customFields>
        <customField value="P101/GE10/DTRTMIBL0AW/DTRTMIBL0BW" name="clfi"/>
        <customField value="512068" name="TicketNumber"/>
        <customField value="RAMAhost" name="NWPHostname"/>
        <customField value="H" name="PublishFlag"/>
        <customField value="1358658000" name="AlarmTime"/>
    </customFields>
</AlarmCreationInterface></Alarms>
