<?xml version="1.0" encoding="UTF-8" standalone="yes"?>
<AdtranCorrelationPolicies> 
<ntdCorrelation>
	<eventNames>       
		<eventName>50001/100/7</eventName>
		<eventName>50001/100/55</eventName> 
		<eventName>50003/100/13</eventName> 
		<eventName>50001/100/56</eventName>  
		<eventName>50001/100/57</eventName> 
		<eventName>50001/100/58</eventName> 
		<eventName>50001/100/59</eventName> 
	</eventNames>  
</ntdCorrelation>  
<pportProcessing>  
	<eventsWithNoCorrelation>
		<eventNames>       
			<eventName>50001/100/2</eventName>
			<eventName>50001/100/8</eventName>
			<eventName>50001/100/9</eventName> 
			<eventName>50001/100/29</eventName> 
			<eventName>50001/100/30</eventName> 
			<eventName>50001/100/36</eventName> 
			<eventName>50001/100/42</eventName> 
			<eventName>50001/100/43</eventName> 
			<eventName>50001/100/44</eventName> 
			<eventName>50001/100/48</eventName> 
			<eventName>50001/100/55</eventName> 
			<eventName>50001/100/56</eventName> 
			<eventName>50001/100/57</eventName> 
			<eventName>50001/100/58</eventName> 
			<eventName>50001/100/59</eventName> 
			<eventName>50001/100/72</eventName> 
			<eventName>50001/100/73</eventName> 
		</eventNames>  
	</eventsWithNoCorrelation>
	<eventsWithCorrelation>
		<eventNames>       
			<eventName>50001/100/1</eventName> 
			<eventName>50001/100/3</eventName> 
			<eventName>50001/100/60</eventName> 
			<eventName>50001/100/7</eventName>
		</eventNames>
	</eventsWithCorrelation>
</pportProcessing>   
<adtranLinkDownCorrelation>
	<adtLinkDownCorrKeys>  
		<eventNames>       
		<eventName>50001/100/10</eventName> 
		<eventName>50001/100/11</eventName> 
		<eventName>50001/100/85</eventName> 
		</eventNames>       
	</adtLinkDownCorrKeys>
	<adtLinkDownAlarm>
		<eventNames>       
			<eventName>50001/100/7</eventName> 
		</eventNames>       
	</adtLinkDownAlarm>
</adtranLinkDownCorrelation>
<adtranAgingEvents>
	<agingInterval>180000</agingInterval>
	<eventNames>         
		<eventName>50001/100/10</eventName> 
		<!--  <eventName>50001/100/20</eventName>    -->
		<eventName>50001/100/11</eventName>
		<eventName>50001/100/85</eventName> 
	</eventNames>          
</adtranAgingEvents>  
<vrfUpdate>
	<eventNames>        
		<eventName>50001/100/1</eventName> 
	</eventNames>       
</vrfUpdate>  
<lportDomainClassification>
<NTEDomain>
	<eventNames>        
		<eventName>50001/100/45</eventName> 
		<eventName>50001/100/46</eventName> 
		<eventName>50001/100/47</eventName> 
		<eventName>50001/100/48</eventName> 
		<eventName>50001/100/49</eventName> 
		<eventName>50001/100/50</eventName> 
	</eventNames>       
</NTEDomain>
<IPAGDomain>
	<eventNames>        
		<eventName>50001/100/78</eventName>  
		<eventName>50001/100/79</eventName> 
		<eventName>50001/100/80</eventName> 
		<eventName>50001/100/81</eventName> 
	</eventNames>       
</IPAGDomain>
</lportDomainClassification> 
<enrichLportAlarm>
	<eventNames>         
		<eventName>50001/100/78</eventName>  
		<eventName>50001/100/79</eventName>  
		<eventName>50001/100/80</eventName> 
		<eventName>50001/100/81</eventName> 
		<eventName>50001/100/82</eventName> 
	</eventNames>       
</enrichLportAlarm>
<adtranLPortCorrelation>
	<adtLPortCorrKeys>  
		<eventNames>       
			<eventName>50001/100/78</eventName>  
			<eventName>50001/100/79</eventName>  
			<eventName>50001/100/80</eventName> 
			<eventName>50001/100/81</eventName> 
		</eventNames>       
	</adtLPortCorrKeys>
	<adtLPortPPPAlarm> 
		<eventNames>       
			<eventName>50001/100/82</eventName> 
		</eventNames>       
	</adtLPortPPPAlarm> 
</adtranLPortCorrelation>
<adtranCfmAlarm>
		<eventNames>       
			<eventName>50001/100/61</eventName>  
			<eventName>50001/100/62</eventName>   
			<eventName>50001/100/63</eventName> 
			<eventName>50001/100/64</eventName> 
			<eventName>50001/100/65</eventName> 
		</eventNames>       
</adtranCfmAlarm>
</AdtranCorrelationPolicies> 
