<?xml version="1.0" encoding="UTF-8" standalone="yes"?>
<DecompseConfig>
<decomposeRules>
	<decomposeRule>
		 <type>adtranPportDecomp</type>
		 <order>whenTheEventArrived</order> 
		 <eventNames>
		 	<eventName>50001/100/7</eventName>
		 	<eventName>50001/100/1</eventName>
		 	<eventName>50001/100/42</eventName>
			<eventName>50001/100/43</eventName>		 	
            <eventName>50001/100/48</eventName>
		 </eventNames>    
	</decomposeRule> 
	<decomposeRule>      
		 <type>adtranCardDecomp</type>  
		 <order>whileSendingTheEvent</order>     
		 <eventNames>
		 	<eventName>50001/100/20</eventName>
		 </eventNames>   
	</decomposeRule>
	<decomposeRule>  
		 <type>adtranDeviceDecomp</type>
		 <order>whenTheEventArrived</order> 
		 <eventNames>  
		 	<eventName>50001/100/39</eventName>  
		 </eventNames> 
	</decomposeRule>
	<decomposeRule>  
		 <type>adtranLportDecomp</type>
		 <order>whenTheEventArrived</order> 
		 <eventNames>  
		 	<eventName>50001/100/45</eventName>  
		 	<eventName>50001/100/46</eventName>  
		 	<eventName>50001/100/47</eventName>  
		 	<eventName>50001/100/48</eventName>  
		 	<eventName>50001/100/49</eventName>  
		 	<eventName>50001/100/50</eventName>  
		 	<eventName>50001/100/78</eventName>  
		 	<eventName>50001/100/79</eventName>     
		 	<eventName>50001/100/80</eventName>  
		 	<eventName>50001/100/81</eventName>  
		 </eventNames> 
	</decomposeRule>
</decomposeRules>  
</DecompseConfig>	     
        
