<?xml version="1.0" encoding="UTF-8" standalone="yes"?>
<ProblemPolicies xmlns="http://config.pd.vp.expert.uca.hp.com/">
	<mainPolicy>
	 	<candidateVisibility>
			<candidateVisibilityTimeMode>Min</candidateVisibilityTimeMode>
			<candidateVisibilityTimeValue>5000</candidateVisibilityTimeValue>
			<markCandidate>true</markCandidate>  
		</candidateVisibility>   
		<transientFiltering>    
			<transientFilteringEnabled>false</transientFilteringEnabled>
			<transientFilteringDelay>2000</transientFilteringDelay> 
		</transientFiltering>  
		<counterTotalNumberAlarms>Current</counterTotalNumberAlarms>
		<actions>
			<defaultActionScriptReference>Exec_localhost</defaultActionScriptReference>
			<action name="adtran">
				<actionReference>dummyActionRef</actionReference>
				<actionClass>com.att.gfp.actions.AdtGFPActionsFactory</actionClass>
				<attributeUsedForKeyDuringRecognition>RawDetail</attributeUsedForKeyDuringRecognition>
				<attributeUsedForKeyPbAlarmCreation>RawDetail</attributeUsedForKeyPbAlarmCreation>
			</action>
			<action name="ciena">
				<actionReference>dummyActionRef</actionReference>
				<actionClass>com.att.gfp.actions.AdtGFPActionsFactory</actionClass>
				<attributeUsedForKeyDuringRecognition>RawDetail</attributeUsedForKeyDuringRecognition>
				<attributeUsedForKeyPbAlarmCreation>RawDetail</attributeUsedForKeyPbAlarmCreation>
			</action>
			<action name="ipag">
				<actionReference>dummyActionRef</actionReference>
				<actionClass>com.att.gfp.actions.AdtGFPActionsFactory</actionClass>
				<attributeUsedForKeyDuringRecognition>RawDetail</attributeUsedForKeyDuringRecognition>
				<attributeUsedForKeyPbAlarmCreation>RawDetail</attributeUsedForKeyPbAlarmCreation>
			</action>
			<action name="pmoss">
				<actionReference>dummyActionRef</actionReference>
				<actionClass>com.att.gfp.actions.AdtGFPActionsFactory</actionClass>
				<attributeUsedForKeyDuringRecognition>RawDetail</attributeUsedForKeyDuringRecognition>
				<attributeUsedForKeyPbAlarmCreation>RawDetail</attributeUsedForKeyPbAlarmCreation>
			</action>
			<action name="InfoVista">  
				<actionReference>dummyActionRef</actionReference>
				<actionClass>com.att.gfp.actions.AdtGFPActionsFactory</actionClass>
				<attributeUsedForKeyDuringRecognition>RawDetail</attributeUsedForKeyDuringRecognition>
				<attributeUsedForKeyPbAlarmCreation>RawDetail</attributeUsedForKeyPbAlarmCreation>
			</action>
		</actions>
		<troubleTicketActions>
			<troubleTicketAction name="TeMIP TT">
				<actionReference>TeMIP_TT_Directives_localhost</actionReference>
				<actionClass>com.hp.uca.expert.vp.pd.actions.TeMIPTroubleTicketActionsFactory</actionClass>
				<strings>
					<string key="TT_SERVER entity"><value>TT_SERVER .SM</value></string>
					<string key="CreateTemplateFile"><value>createTroubleTicketByValueRequest.xml</value></string>
					<string key="AssociateTemplateFile"><value>associateTroubleTicketByValueRequest.xml</value></string>
					<string key="CloseTemplateFile"><value>closeTroubleTicketByValueRequest.xml</value></string>
					<string key="DissociateTemplateFile"><value>dissociateTroubleTicketByValueRequest.xml</value></string>
					<string key="User"><value>temip</value></string>
					<string key="Input"><value>input</value></string>
					<string key="Type"><value>SYNCHRONOUS</value></string>
				</strings>
			</troubleTicketAction>
		</troubleTicketActions>
	</mainPolicy>
  	<problemPolicy name="ProblemDefault">
		<problemAlarm>
			<delayForProblemAlarmCreation>0</delayForProblemAlarmCreation>
			<delayForProblemAlarmClearance>0</delayForProblemAlarmClearance>
		</problemAlarm> 
		<troubleTicket>
			<automaticTroubleTicketCreation>false</automaticTroubleTicketCreation>
			<propagateTroubleTicketToSubAlarms>false</propagateTroubleTicketToSubAlarms>
			<propagateTroubleTicketToProblemAlarm>false</propagateTroubleTicketToProblemAlarm>
			<delayForTroubleTicketCreation>10000</delayForTroubleTicketCreation>
		</troubleTicket> 
		<groupTickFlagAware>false</groupTickFlagAware> 
		<sameGroupForAllProblemEntities>true</sameGroupForAllProblemEntities>  
		<timeWindow> 
			<timeWindowMode>Trigger</timeWindowMode>     
			<timeWindowBeforeTrigger>604800000</timeWindowBeforeTrigger>
			<timeWindowAfterTrigger>0</timeWindowAfterTrigger> 
		</timeWindow>
		<booleans>  
		</booleans> 
		<strings>
		</strings> 
		<longs>
		</longs>
	</problemPolicy> 
   	<problemPolicy name="AdtranTrapsCorrelator">   
		<problemAlarm> 
			<delayForProblemAlarmCreation>0</delayForProblemAlarmCreation>
			<delayForProblemAlarmClearance>0</delayForProblemAlarmClearance>
		</problemAlarm> 
		<troubleTicket>
			<automaticTroubleTicketCreation>false</automaticTroubleTicketCreation>
			<propagateTroubleTicketToSubAlarms>false</propagateTroubleTicketToSubAlarms>
			<propagateTroubleTicketToProblemAlarm>false</propagateTroubleTicketToProblemAlarm>
			<delayForTroubleTicketCreation>1000</delayForTroubleTicketCreation>
		</troubleTicket>
		<groupTickFlagAware>false</groupTickFlagAware>
		<sameGroupForAllProblemEntities>true</sameGroupForAllProblemEntities>
       <timeWindow>
        	<timeWindowMode>Trigger</timeWindowMode>         
       		<timeWindowBeforeTrigger>180000</timeWindowBeforeTrigger>      
 			<timeWindowAfterTrigger>180000</timeWindowAfterTrigger>          
		</timeWindow>        
		<booleans>  
		</booleans>   
		<strings>  
		</strings>      
		<longs>
		</longs>
	</problemPolicy>   
   	<problemPolicy name="AdtExecSuppress1020Problem">   
		<problemAlarm> 
			<delayForProblemAlarmCreation>0</delayForProblemAlarmCreation>
			<delayForProblemAlarmClearance>0</delayForProblemAlarmClearance>
		</problemAlarm>
		<troubleTicket>
			<automaticTroubleTicketCreation>false</automaticTroubleTicketCreation>
			<propagateTroubleTicketToSubAlarms>false</propagateTroubleTicketToSubAlarms>
			<propagateTroubleTicketToProblemAlarm>false</propagateTroubleTicketToProblemAlarm>
			<delayForTroubleTicketCreation>1000</delayForTroubleTicketCreation>
		</troubleTicket>
		<groupTickFlagAware>false</groupTickFlagAware>
		<sameGroupForAllProblemEntities>true</sameGroupForAllProblemEntities>
       <timeWindow>
        	<timeWindowMode>Trigger</timeWindowMode>        
       		<timeWindowBeforeTrigger>180000</timeWindowBeforeTrigger>     
 			<timeWindowAfterTrigger>0</timeWindowAfterTrigger>        
		</timeWindow>   
		<booleans>   
		</booleans>  
		<strings>  
		</strings>      
		<longs>
		</longs>
	</problemPolicy>   
   	<problemPolicy name="AdtLportPppLinkLcpCorrelator">   
		<problemAlarm> 
			<delayForProblemAlarmCreation>0</delayForProblemAlarmCreation>
			<delayForProblemAlarmClearance>0</delayForProblemAlarmClearance>
		</problemAlarm>
		<troubleTicket>
			<automaticTroubleTicketCreation>false</automaticTroubleTicketCreation>
			<propagateTroubleTicketToSubAlarms>false</propagateTroubleTicketToSubAlarms>
			<propagateTroubleTicketToProblemAlarm>false</propagateTroubleTicketToProblemAlarm>
			<delayForTroubleTicketCreation>1000</delayForTroubleTicketCreation>
		</troubleTicket>
		<groupTickFlagAware>false</groupTickFlagAware>
		<sameGroupForAllProblemEntities>true</sameGroupForAllProblemEntities>
       <timeWindow>
        	<timeWindowMode>Trigger</timeWindowMode>        
       		<timeWindowBeforeTrigger>180000</timeWindowBeforeTrigger>     
 			<timeWindowAfterTrigger>0</timeWindowAfterTrigger>      
		</timeWindow>   
		<booleans>  
		</booleans>   
		<strings>  
		</strings>        
		<longs>
		</longs>
	</problemPolicy>   
   	<problemPolicy name="AdtLportNonPppLinkLcpCorrelator">   
		<problemAlarm> 
			<delayForProblemAlarmCreation>0</delayForProblemAlarmCreation>
			<delayForProblemAlarmClearance>0</delayForProblemAlarmClearance>
		</problemAlarm>
		<troubleTicket>
			<automaticTroubleTicketCreation>false</automaticTroubleTicketCreation>
			<propagateTroubleTicketToSubAlarms>false</propagateTroubleTicketToSubAlarms>
			<propagateTroubleTicketToProblemAlarm>false</propagateTroubleTicketToProblemAlarm>
			<delayForTroubleTicketCreation>1000</delayForTroubleTicketCreation>
		</troubleTicket>
		<groupTickFlagAware>false</groupTickFlagAware>
		<sameGroupForAllProblemEntities>true</sameGroupForAllProblemEntities>
       <timeWindow>
        	<timeWindowMode>Trigger</timeWindowMode>        
       		<timeWindowBeforeTrigger>180000</timeWindowBeforeTrigger>     
 			<timeWindowAfterTrigger>0</timeWindowAfterTrigger>      
		</timeWindow>   
		<booleans>  
		</booleans>   
		<strings>  
		</strings>       
		<longs>
		</longs>
	</problemPolicy>   
   	<problemPolicy name="AdtLagCorrelator">   
		<problemAlarm> 
			<delayForProblemAlarmCreation>0</delayForProblemAlarmCreation>
			<delayForProblemAlarmClearance>0</delayForProblemAlarmClearance>
		</problemAlarm>
		<troubleTicket>
			<automaticTroubleTicketCreation>false</automaticTroubleTicketCreation>
			<propagateTroubleTicketToSubAlarms>false</propagateTroubleTicketToSubAlarms>
			<propagateTroubleTicketToProblemAlarm>false</propagateTroubleTicketToProblemAlarm>
			<delayForTroubleTicketCreation>1000</delayForTroubleTicketCreation>
		</troubleTicket>
		<groupTickFlagAware>false</groupTickFlagAware>
		<sameGroupForAllProblemEntities>true</sameGroupForAllProblemEntities>
       <timeWindow>
        	<timeWindowMode>Trigger</timeWindowMode>        
       		<timeWindowBeforeTrigger>1800000</timeWindowBeforeTrigger>     
 			<timeWindowAfterTrigger>0</timeWindowAfterTrigger>     
		</timeWindow>   
		<booleans>  
		</booleans> 
		<strings>  
		</strings>      
		<longs>
		</longs>
	</problemPolicy>   
   	<problemPolicy name="AdtRGPPortCorrelator">   
		<problemAlarm> 
			<delayForProblemAlarmCreation>0</delayForProblemAlarmCreation>
			<delayForProblemAlarmClearance>0</delayForProblemAlarmClearance>
		</problemAlarm>
		<troubleTicket>
			<automaticTroubleTicketCreation>false</automaticTroubleTicketCreation>
			<propagateTroubleTicketToSubAlarms>false</propagateTroubleTicketToSubAlarms>
			<propagateTroubleTicketToProblemAlarm>false</propagateTroubleTicketToProblemAlarm>
			<delayForTroubleTicketCreation>1000</delayForTroubleTicketCreation>
		</troubleTicket>
		<groupTickFlagAware>false</groupTickFlagAware>
		<sameGroupForAllProblemEntities>true</sameGroupForAllProblemEntities>
       <timeWindow>
        	<timeWindowMode>Trigger</timeWindowMode>         
       		<timeWindowBeforeTrigger>604800000</timeWindowBeforeTrigger>     
 			<timeWindowAfterTrigger>0</timeWindowAfterTrigger>     
		</timeWindow>   
		<booleans>  
		</booleans> 
		<strings>  
		</strings>      
		<longs>
		</longs>
	</problemPolicy>   
   	<problemPolicy name="AdtCfmCorrelator">   
		<problemAlarm>   
			<delayForProblemAlarmCreation>0</delayForProblemAlarmCreation>
			<delayForProblemAlarmClearance>0</delayForProblemAlarmClearance>
		</problemAlarm>
		<troubleTicket>
			<automaticTroubleTicketCreation>false</automaticTroubleTicketCreation>
			<propagateTroubleTicketToSubAlarms>false</propagateTroubleTicketToSubAlarms>
			<propagateTroubleTicketToProblemAlarm>false</propagateTroubleTicketToProblemAlarm>
			<delayForTroubleTicketCreation>1000</delayForTroubleTicketCreation>
		</troubleTicket>
		<groupTickFlagAware>false</groupTickFlagAware>
		<sameGroupForAllProblemEntities>true</sameGroupForAllProblemEntities>
       <timeWindow>
        	<timeWindowMode>Trigger</timeWindowMode>        
       		<timeWindowBeforeTrigger>604800000</timeWindowBeforeTrigger>     
 			<timeWindowAfterTrigger>0</timeWindowAfterTrigger>     
		</timeWindow>   
		<booleans>  
		</booleans> 
		<strings>  
		</strings>      
		<longs>
		</longs>
	</problemPolicy>   
   	<problemPolicy name="AdtranFruChildPortCorrelator">   
		<problemAlarm>   
			<delayForProblemAlarmCreation>0</delayForProblemAlarmCreation>
			<delayForProblemAlarmClearance>0</delayForProblemAlarmClearance>
		</problemAlarm>
		<troubleTicket>
			<automaticTroubleTicketCreation>false</automaticTroubleTicketCreation>
			<propagateTroubleTicketToSubAlarms>false</propagateTroubleTicketToSubAlarms>
			<propagateTroubleTicketToProblemAlarm>false</propagateTroubleTicketToProblemAlarm>
			<delayForTroubleTicketCreation>1000</delayForTroubleTicketCreation>
		</troubleTicket>
		<groupTickFlagAware>false</groupTickFlagAware>
		<sameGroupForAllProblemEntities>true</sameGroupForAllProblemEntities>
       <timeWindow>
        	<timeWindowMode>Trigger</timeWindowMode>        
       		<timeWindowBeforeTrigger>180000</timeWindowBeforeTrigger>     
 			<timeWindowAfterTrigger>0</timeWindowAfterTrigger>     
		</timeWindow>   
		<booleans>  
		</booleans> 
		<strings>   
		</strings>      
		<longs>
		</longs>
	</problemPolicy>   
</ProblemPolicies>
