{
  "location_id": "dcaecntr",
  "docker_host_override": "zldcrdm5adcc1-platform-dockerhost-1",
  "location_domain": "2b931b.rdm5a.tci.att.com",
  "location_prefix": "zldcrdm5adcc1",
  "postgres_user_inventory": "dcae_inv_user",
  "postgres_password_inventory": "1dd9c7c796001d55b05bee0464c6cf4f",
  "asdc_address": "mtanjv9sdcb21.aic.cip.att.com:8443",
  "asdc_uri": "https://mtanjv9sdcb21.aic.cip.att.com:8443",
  "asdc_user": "ci",
  "asdc_password": "123456",
  "asdc_environment_name": "ATT-AMDOCS",
  "key_store_path": "/opt/app/dcae-certificate/keystore.jks",
  "key_store_password": "6SeQ45moZK5mHgyOfTjD5rJUvZJmHP3R",
  "inventory_fqdn": "https://zldcrdm5adcc1dokr00.2b931b.rdm5a.tci.att.com:8080"
}
