<?xml version="1.0" encoding="UTF-8" standalone="yes"?>
<ProblemPolicies xmlns="http://config.pd.vp.expert.uca.hp.com/">
	<mainPolicy>
		<candidateVisibility>
			<candidateVisibilityTimeMode>Value</candidateVisibilityTimeMode>
			<candidateVisibilityTimeValue>5000</candidateVisibilityTimeValue>
			<markCandidate>true</markCandidate>
		</candidateVisibility>
		<transientFiltering>
			<transientFilteringEnabled>false</transientFilteringEnabled>
			<transientFilteringDelay>5000</transientFilteringDelay>
		</transientFiltering>
		<counterTotalNumberAlarms>Current</counterTotalNumberAlarms>
		<actions>
            <defaultActionScriptReference>Exec_localhost</defaultActionScriptReference>
			<action name="adtran">
				<actionReference>dummyActionRef</actionReference>
				<actionClass>com.att.gfp.actions.GFPJuniperLinkDownActionsFactory</actionClass>
				<attributeUsedForKeyDuringRecognition>RawDetail</attributeUsedForKeyDuringRecognition>
				<attributeUsedForKeyPbAlarmCreation>RawDetail</attributeUsedForKeyPbAlarmCreation>
			</action>
			<action name="ciena">
				<actionReference>dummyActionRef</actionReference>
				<actionClass>com.att.gfp.actions.GFPJuniperLinkDownActionsFactory</actionClass>
				<attributeUsedForKeyDuringRecognition>RawDetail</attributeUsedForKeyDuringRecognition>
				<attributeUsedForKeyPbAlarmCreation>RawDetail</attributeUsedForKeyPbAlarmCreation>
			</action>
			<action name="ipag">
				<actionReference>dummyActionRef</actionReference>
				<actionClass>com.att.gfp.actions.GFPJuniperLinkDownActionsFactory</actionClass>
				<attributeUsedForKeyDuringRecognition>RawDetail</attributeUsedForKeyDuringRecognition>
				<attributeUsedForKeyPbAlarmCreation>RawDetail</attributeUsedForKeyPbAlarmCreation>
			</action>
			<action name="pmoss">
				<actionReference>dummyActionRef</actionReference>
				<actionClass>com.att.gfp.actions.GFPJuniperLinkDownActionsFactory</actionClass>
				<attributeUsedForKeyDuringRecognition>RawDetail</attributeUsedForKeyDuringRecognition>
				<attributeUsedForKeyPbAlarmCreation>RawDetail</attributeUsedForKeyPbAlarmCreation>
			</action>
			<action name="InfoVista">
				<actionReference>dummyActionRef</actionReference>
				<actionClass>com.att.gfp.actions.GFPJuniperLinkDownActionsFactory</actionClass>
				<attributeUsedForKeyDuringRecognition>RawDetail</attributeUsedForKeyDuringRecognition>
				<attributeUsedForKeyPbAlarmCreation>RawDetail</attributeUsedForKeyPbAlarmCreation>
			</action>
		</actions>
	</mainPolicy>
	<problemPolicy name="ProblemDefault">
		<problemAlarm>
			<delayForProblemAlarmCreation>0</delayForProblemAlarmCreation>
			<delayForProblemAlarmClearance>0</delayForProblemAlarmClearance>
		</problemAlarm>
		<troubleTicket>
			<automaticTroubleTicketCreation>false</automaticTroubleTicketCreation>
			<propagateTroubleTicketToSubAlarms>false</propagateTroubleTicketToSubAlarms>
			<propagateTroubleTicketToProblemAlarm>false</propagateTroubleTicketToProblemAlarm>
			<delayForTroubleTicketCreation>10000</delayForTroubleTicketCreation>
		</troubleTicket>
		<groupTickFlagAware>false</groupTickFlagAware>
		<sameGroupForAllProblemEntities>true</sameGroupForAllProblemEntities>		
		<timeWindow>
			<timeWindowMode>Trigger</timeWindowMode>
			<timeWindowBeforeTrigger>180000</timeWindowBeforeTrigger>
			<timeWindowAfterTrigger>1</timeWindowAfterTrigger>
		</timeWindow>
		<booleans>
			<boolean key="Bool1"><value>true</value></boolean>
			<boolean key="Bool2"><value>false</value></boolean>
		</booleans>
		<strings>
			<string key="s1"><value><![CDATA[String]]></value></string>
			<string key="computeProblemEntity"><value><![CDATA[alarm.getOriginatingManagedEntity()]]></value></string>
			<string key="isMatchingTriggerAlarmCriteria"><value><![CDATA[true]]></value></string>
			<string key="isMatchingProblemAlarmCriteria"><value><![CDATA[true]]></value></string>
			<string key="isMatchingSubAlarmCriteria"><value><![CDATA[true]]></value></string>
			<string key="calculateProblemAlarmAdditionalText"><value><![CDATA[possible error, using default]]></value></string>
		</strings>
		<longs>
			<long key="l1"><value>2147483647</value></long>
		</longs>
	</problemPolicy>
	
		<problemPolicy name="A_Z_AlarmProcessing">
		<problemAlarm>
			<delayForProblemAlarmCreation>0</delayForProblemAlarmCreation>
			<delayForProblemAlarmClearance>0</delayForProblemAlarmClearance>
		</problemAlarm>
		<troubleTicket>
			<automaticTroubleTicketCreation>false</automaticTroubleTicketCreation>
			<propagateTroubleTicketToSubAlarms>false</propagateTroubleTicketToSubAlarms>
			<propagateTroubleTicketToProblemAlarm>false</propagateTroubleTicketToProblemAlarm>
			<delayForTroubleTicketCreation>1000</delayForTroubleTicketCreation>
		</troubleTicket>
		<groupTickFlagAware>false</groupTickFlagAware>
		<sameGroupForAllProblemEntities>true</sameGroupForAllProblemEntities>
       <timeWindow>
        	<timeWindowMode>Trigger</timeWindowMode>
        	<timeWindowBeforeTrigger>180000</timeWindowBeforeTrigger> 
        	<timeWindowAfterTrigger>1</timeWindowAfterTrigger>
		</timeWindow>
		<strings></strings>
	</problemPolicy>
	
	<problemPolicy name="Ciena_Juniper_A_Z_AlarmProcessing">
		<problemAlarm>
			<delayForProblemAlarmCreation>0</delayForProblemAlarmCreation>
			<delayForProblemAlarmClearance>0</delayForProblemAlarmClearance>
		</problemAlarm>
		<troubleTicket>
			<automaticTroubleTicketCreation>false</automaticTroubleTicketCreation>
			<propagateTroubleTicketToSubAlarms>false</propagateTroubleTicketToSubAlarms>
			<propagateTroubleTicketToProblemAlarm>false</propagateTroubleTicketToProblemAlarm>
			<delayForTroubleTicketCreation>1000</delayForTroubleTicketCreation>
		</troubleTicket>
		<groupTickFlagAware>false</groupTickFlagAware>
		<sameGroupForAllProblemEntities>true</sameGroupForAllProblemEntities>
       		<timeWindow>
        		<timeWindowMode>Trigger</timeWindowMode>
        		<timeWindowBeforeTrigger>1</timeWindowBeforeTrigger> 
        		<timeWindowAfterTrigger>180000</timeWindowAfterTrigger>
		</timeWindow>
		<strings></strings>
	</problemPolicy>

	<problemPolicy name="Ciena_OAM_Suppression">  <!-- tj -->
		<problemAlarm>
			<delayForProblemAlarmCreation>0</delayForProblemAlarmCreation>
			<delayForProblemAlarmClearance>0</delayForProblemAlarmClearance>
		</problemAlarm>
		<troubleTicket>
			<automaticTroubleTicketCreation>false</automaticTroubleTicketCreation>
			<propagateTroubleTicketToSubAlarms>false</propagateTroubleTicketToSubAlarms>
			<propagateTroubleTicketToProblemAlarm>false</propagateTroubleTicketToProblemAlarm>
			<delayForTroubleTicketCreation>1000</delayForTroubleTicketCreation>
		</troubleTicket>
		<groupTickFlagAware>false</groupTickFlagAware>
		<sameGroupForAllProblemEntities>true</sameGroupForAllProblemEntities>
       <timeWindow>
        	<timeWindowMode>Trigger</timeWindowMode>
        	<timeWindowBeforeTrigger>180000</timeWindowBeforeTrigger> 
        	<timeWindowAfterTrigger>1</timeWindowAfterTrigger>
		</timeWindow>  
		<strings></strings>
	</problemPolicy>

	<problemPolicy name="Device_LAG_Suppression">
		<problemAlarm>
			<delayForProblemAlarmCreation>0</delayForProblemAlarmCreation>
			<delayForProblemAlarmClearance>0</delayForProblemAlarmClearance>
		</problemAlarm>
		<troubleTicket>
			<automaticTroubleTicketCreation>false</automaticTroubleTicketCreation>
			<propagateTroubleTicketToSubAlarms>false</propagateTroubleTicketToSubAlarms>
			<propagateTroubleTicketToProblemAlarm>false</propagateTroubleTicketToProblemAlarm>
			<delayForTroubleTicketCreation>1000</delayForTroubleTicketCreation>
		</troubleTicket>
		<groupTickFlagAware>false</groupTickFlagAware>
		<sameGroupForAllProblemEntities>true</sameGroupForAllProblemEntities>
       <timeWindow>
        	<timeWindowMode>Trigger</timeWindowMode>
	       	<timeWindowBeforeTrigger>180000</timeWindowBeforeTrigger>
<!--        	<timeWindowBeforeTrigger>5000</timeWindowBeforeTrigger> -->
 			<timeWindowAfterTrigger>1</timeWindowAfterTrigger>
		</timeWindow>
		<strings></strings>
	</problemPolicy>
	
	<problemPolicy name="LAG_PPORT_Correlation">	<!-- tj -->
		<problemAlarm>
			<delayForProblemAlarmCreation>0</delayForProblemAlarmCreation>
			<delayForProblemAlarmClearance>0</delayForProblemAlarmClearance>
		</problemAlarm>
		<troubleTicket>
			<automaticTroubleTicketCreation>false</automaticTroubleTicketCreation>
			<propagateTroubleTicketToSubAlarms>false</propagateTroubleTicketToSubAlarms>
			<propagateTroubleTicketToProblemAlarm>false</propagateTroubleTicketToProblemAlarm>
			<delayForTroubleTicketCreation>1000</delayForTroubleTicketCreation>
		</troubleTicket>
		<groupTickFlagAware>false</groupTickFlagAware>
		<sameGroupForAllProblemEntities>true</sameGroupForAllProblemEntities>
       <timeWindow>
        	<timeWindowMode>Trigger</timeWindowMode>
        	<timeWindowBeforeTrigger>864000000</timeWindowBeforeTrigger>
 		<timeWindowAfterTrigger>1</timeWindowAfterTrigger>
		</timeWindow>
		<strings></strings>
	</problemPolicy>

	<problemPolicy name="Unreachable_PPORT_Correlation">	<!-- tj -->
		<problemAlarm>
			<delayForProblemAlarmCreation>0</delayForProblemAlarmCreation>
			<delayForProblemAlarmClearance>0</delayForProblemAlarmClearance>
		</problemAlarm>
		<troubleTicket>
			<automaticTroubleTicketCreation>false</automaticTroubleTicketCreation>
			<propagateTroubleTicketToSubAlarms>false</propagateTroubleTicketToSubAlarms>
			<propagateTroubleTicketToProblemAlarm>false</propagateTroubleTicketToProblemAlarm>
			<delayForTroubleTicketCreation>1000</delayForTroubleTicketCreation>
		</troubleTicket>
		<groupTickFlagAware>false</groupTickFlagAware>
		<sameGroupForAllProblemEntities>true</sameGroupForAllProblemEntities>
       <timeWindow>
        	<timeWindowMode>Trigger</timeWindowMode>
        	<timeWindowBeforeTrigger>864000000</timeWindowBeforeTrigger>
 		<timeWindowAfterTrigger>1</timeWindowAfterTrigger>
		</timeWindow>
		<strings></strings>
	</problemPolicy>

	<problemPolicy name="Severity_Correlation">	<!-- tj -->
		<problemAlarm>
			<delayForProblemAlarmCreation>0</delayForProblemAlarmCreation>
			<delayForProblemAlarmClearance>0</delayForProblemAlarmClearance>
		</problemAlarm>
		<troubleTicket>
			<automaticTroubleTicketCreation>false</automaticTroubleTicketCreation>
			<propagateTroubleTicketToSubAlarms>false</propagateTroubleTicketToSubAlarms>
			<propagateTroubleTicketToProblemAlarm>false</propagateTroubleTicketToProblemAlarm>
			<delayForTroubleTicketCreation>1000</delayForTroubleTicketCreation>
		</troubleTicket>
		<groupTickFlagAware>false</groupTickFlagAware>
		<sameGroupForAllProblemEntities>true</sameGroupForAllProblemEntities>
       <timeWindow>
        	<timeWindowMode>Trigger</timeWindowMode>
        	<timeWindowBeforeTrigger>864000000</timeWindowBeforeTrigger>
 		<timeWindowAfterTrigger>1</timeWindowAfterTrigger>
		</timeWindow>
		<strings></strings>
	</problemPolicy>
	
	<problemPolicy name="Other_LinkDown_AlarmSuppression">
		<problemAlarm>
			<delayForProblemAlarmCreation>0</delayForProblemAlarmCreation>
			<delayForProblemAlarmClearance>0</delayForProblemAlarmClearance>
		</problemAlarm>
		<troubleTicket>
			<automaticTroubleTicketCreation>false</automaticTroubleTicketCreation>
			<propagateTroubleTicketToSubAlarms>false</propagateTroubleTicketToSubAlarms>
			<propagateTroubleTicketToProblemAlarm>false</propagateTroubleTicketToProblemAlarm>
			<delayForTroubleTicketCreation>1000</delayForTroubleTicketCreation>
		</troubleTicket>
		<groupTickFlagAware>false</groupTickFlagAware>
		<sameGroupForAllProblemEntities>true</sameGroupForAllProblemEntities>
       <timeWindow>
        	<timeWindowMode>Trigger</timeWindowMode>
        	<timeWindowBeforeTrigger>180000</timeWindowBeforeTrigger>
<!--        	<timeWindowBeforeTrigger>5000</timeWindowBeforeTrigger> -->
 			<timeWindowAfterTrigger>1</timeWindowAfterTrigger>
		</timeWindow>
		<strings></strings>
	</problemPolicy>
		
	   <problemPolicy name="BgpProblem">
        <problemAlarm>
            <delayForProblemAlarmCreation>0</delayForProblemAlarmCreation>
            <delayForProblemAlarmClearance>0</delayForProblemAlarmClearance>
        </problemAlarm>
        <troubleTicket>
            <automaticTroubleTicketCreation>false</automaticTroubleTicketCreation>
            <propagateTroubleTicketToSubAlarms>false</propagateTroubleTicketToSubAlarms>
            <propagateTroubleTicketToProblemAlarm>false</propagateTroubleTicketToProblemAlarm>
            <delayForTroubleTicketCreation>10000</delayForTroubleTicketCreation>
        </troubleTicket>
        <groupTickFlagAware>false</groupTickFlagAware>
        <sameGroupForAllProblemEntities>true</sameGroupForAllProblemEntities>
        <timeWindow>
            <timeWindowMode>None</timeWindowMode>
            <timeWindowBeforeTrigger>0</timeWindowBeforeTrigger>
            <timeWindowAfterTrigger>0</timeWindowAfterTrigger>
        </timeWindow>
        <strings></strings>
    </problemPolicy>
    
	<problemPolicy name="VpnPowerProblem">
		<problemAlarm>
			<delayForProblemAlarmCreation>0</delayForProblemAlarmCreation>
			<delayForProblemAlarmClearance>0</delayForProblemAlarmClearance>
		</problemAlarm>
		<troubleTicket>
			<automaticTroubleTicketCreation>false</automaticTroubleTicketCreation>
			<propagateTroubleTicketToSubAlarms>false</propagateTroubleTicketToSubAlarms>
			<propagateTroubleTicketToProblemAlarm>false</propagateTroubleTicketToProblemAlarm>
			<delayForTroubleTicketCreation>1000</delayForTroubleTicketCreation>
		</troubleTicket>
		<groupTickFlagAware>false</groupTickFlagAware>
		<sameGroupForAllProblemEntities>false</sameGroupForAllProblemEntities>
		<timeWindow>
			<timeWindowMode>Trigger</timeWindowMode>
			<timeWindowBeforeTrigger>1</timeWindowBeforeTrigger>
			<timeWindowAfterTrigger>180000</timeWindowAfterTrigger>
		</timeWindow>
		<strings></strings>
	</problemPolicy>
	
	<problemPolicy name="VpnInterfaceProblem">
		<problemAlarm>
			<delayForProblemAlarmCreation>0</delayForProblemAlarmCreation>
			<delayForProblemAlarmClearance>0</delayForProblemAlarmClearance>
		</problemAlarm>
		<troubleTicket>
			<automaticTroubleTicketCreation>false</automaticTroubleTicketCreation>
			<propagateTroubleTicketToSubAlarms>false</propagateTroubleTicketToSubAlarms>
			<propagateTroubleTicketToProblemAlarm>false</propagateTroubleTicketToProblemAlarm>
			<delayForTroubleTicketCreation>1000</delayForTroubleTicketCreation>
		</troubleTicket>
		<groupTickFlagAware>false</groupTickFlagAware>
		<sameGroupForAllProblemEntities>false</sameGroupForAllProblemEntities>
		<timeWindow>
			<timeWindowMode>Trigger</timeWindowMode>
			<timeWindowBeforeTrigger>1</timeWindowBeforeTrigger>
			<timeWindowAfterTrigger>180000</timeWindowAfterTrigger>
		</timeWindow>
		<strings></strings>
	</problemPolicy>
	<problemPolicy name="CienaLinkdownRedundantPPortCorrelation">
		<problemAlarm>
			<delayForProblemAlarmCreation>0</delayForProblemAlarmCreation>
			<delayForProblemAlarmClearance>0</delayForProblemAlarmClearance>
		</problemAlarm>
		<troubleTicket>
			<automaticTroubleTicketCreation>false</automaticTroubleTicketCreation>
			<propagateTroubleTicketToSubAlarms>false</propagateTroubleTicketToSubAlarms>
			<propagateTroubleTicketToProblemAlarm>false</propagateTroubleTicketToProblemAlarm>
			<delayForTroubleTicketCreation>1000</delayForTroubleTicketCreation>
		</troubleTicket>
		<groupTickFlagAware>false</groupTickFlagAware>
		<sameGroupForAllProblemEntities>false</sameGroupForAllProblemEntities>
		<timeWindow>
			<timeWindowMode>Trigger</timeWindowMode>
			<timeWindowBeforeTrigger>864000000</timeWindowBeforeTrigger>
			<timeWindowAfterTrigger>1</timeWindowAfterTrigger>
		</timeWindow>
		<strings></strings> 
	</problemPolicy>
	
	<problemPolicy name="Ciena_CFM_CDC">
			<problemAlarm>
			<delayForProblemAlarmCreation>0</delayForProblemAlarmCreation>
			<delayForProblemAlarmClearance>0</delayForProblemAlarmClearance>
		</problemAlarm>
		<troubleTicket>
			<automaticTroubleTicketCreation>false</automaticTroubleTicketCreation>
			<propagateTroubleTicketToSubAlarms>false</propagateTroubleTicketToSubAlarms>
			<propagateTroubleTicketToProblemAlarm>false</propagateTroubleTicketToProblemAlarm>
			<delayForTroubleTicketCreation>1000</delayForTroubleTicketCreation>
		</troubleTicket>
		<groupTickFlagAware>false</groupTickFlagAware>
		<sameGroupForAllProblemEntities>true</sameGroupForAllProblemEntities>
		<timeWindow>
			<timeWindowMode>Trigger</timeWindowMode>
			<timeWindowBeforeTrigger>180000</timeWindowBeforeTrigger>
			<timeWindowAfterTrigger>1</timeWindowAfterTrigger>
		</timeWindow>
		<strings></strings>
	</problemPolicy>
</ProblemPolicies>
