<?xml version="1.0" encoding="UTF-8"?>
<valuePackConfiguration xmlns="http://hp.com/uca/expert/config" xmlns:xsi="http://www.w3.org/2001/XMLSchema-instance"
	name="IpagJuniperPdvp" version="0.6">	
	<scenarios>
	  	<scenario name="com.hp.uca.expert.vp.pd.ProblemDetection">
			<actionRetractedAutomaticallyWhenCompleted>true</actionRetractedAutomaticallyWhenCompleted>
			<alarmEligibilityPolicy><![CDATA[NetworkState=="NOT_CLEARED"]]></alarmEligibilityPolicy>
			<asyncActionPeriod>1000</asyncActionPeriod>
			<clockTypeMode>NORMAL</clockTypeMode>
 			<eligibleForBroadcast>true</eligibleForBroadcast>
			<filterFile>deploy/IpagJuniperPdvp-0.6/pd/ProblemDetection_filters.xml</filterFile>
			<fireAllRulePeriod>1000</fireAllRulePeriod>
			<fireAllRulesDuringResynchronization>false</fireAllRulesDuringResynchronization>
			<fireAllRulesPolicy>WATCHDOG</fireAllRulesPolicy>
			<globals></globals>
			<processingMode>CLOUD</processingMode>
			<rulesFiles>
				<rulesFile>
					<filename>file:./deploy/IpagJuniperPdvp-0.6/pd/ProblemDetection_Rules.pkg</filename>
					<name>Problem Detection Rules</name>
					<ruleFileType>PKG</ruleFileType>
				</rulesFile>
			</rulesFiles>
			<tickPeriod>30000</tickPeriod>
	        <customLifeCycleClass>com.hp.uca.expert.vp.pd.problem.JuniperLinkDownExtendedLifeCycle</customLifeCycleClass>
	        <customInitializationClass>com.hp.uca.expert.vp.pd.core.PD_Initialization</customInitializationClass>	        
			<compressionMode>false</compressionMode>
			<compressionPeriod>1000</compressionPeriod>
		</scenario>		
	</scenarios>

</valuePackConfiguration>
