<?xml version="1.0" encoding="UTF-8" standalone="yes"?>
<intervalConfig>
<ntdInterval>
	<module>NTDProcess</module>
	
		<!-- Set ntdTicketDuration in Seconds -->
		<!-- This XML Tag gives the Life Time of a NTD Ticket -->
		<!-- NTD Tickets older than this value will be deleted from Neo4j Graph Database -->
		<!-- Example1 : 7 * 24 * 60 * 60 = 604800 seconds - Delete nodes older than 7 days -->
		<!-- Example1 : 4 * 60 * 60 = 14400 seconds - Delete nodes older than 4 hours -->
		<ntdTicketDuration>604800</ntdTicketDuration>
	
		<!-- Set ntdTicketCheckInterval in MilliSeconds -->
		<!-- Trigger the Deletion of NTD Tickets -->
		<!-- This attributes defines this trigger time -->
		<!-- Example1 : 86400000 MilliSeconds - Trigger once in a day -->
		<!-- Example1 : 3600000 MilliSeconds - Trigger once in an hour -->
		<ntdTicketCheckInterval>86400000</ntdTicketCheckInterval>
	
</ntdInterval>
</intervalConfig>
