<?xml version="1.0" encoding="UTF-8"?>
<valuePackConfiguration xmlns="http://hp.com/uca/expert/config"
	xmlns:xsi="http://www.w3.org/2001/XMLSchema-instance"
	name="__PROJECT_NAME__" version="__PROJECT_VERSION__">
	
	<scenarios>
		<scenario name="ntdProcessing.ntdProcessing">
	        <filterFile>src/main/resources/valuepack/ntdProcessing/ntdProcessingFilters.xml</filterFile>
	        <mapperFile>src/main/resources/valuepack/ntdProcessing/mappers.xml</mapperFile>
	        <fireAllRulesPolicy>EACH_ACCESS</fireAllRulesPolicy>
	        <globals>
	        </globals>
	        <processingMode>CLOUD</processingMode>
	        <rulesFiles><rulesFile>
			<filename>file:./src/main/resources/valuepack/ntdProcessing/ntdProcessingRules.drl</filename>
			<name>ntdProcessing rules</name>
			<ruleFileType>DRL</ruleFileType>
		</rulesFile></rulesFiles>
	        <customLifeCycleClass>ntdProcessing.ntdProcessing.ExtendedLifeCycle</customLifeCycleClass>
		</scenario>
	</scenarios>
</valuePackConfiguration>
