<?xml version="1.0" encoding="UTF-8" ?>
<filters xmlns="http://hp.com/uca/expert/filter">

	<!-- set it here so health traps can get to this Pdvp.
	it is sent by CienaExtendedLifeCycle.  it doesn't go to WM ==> its
	problem group implementation is default	-->
	<topFilter name="HealthTrap">
		<allCondition tag="Trigger">
			<stringFilterStatement>
				<fieldName>EventKey</fieldName>
				<operator>isListedIn</operator>
				<!-- not used
				 Ciena health trap is changed from
				  50002/100/58916873 to 50004/2/2
				 Infovista health trap is 50004/2/58916876
				-->
				<fieldValue>50004/2/2,50004/2/58916876</fieldValue>
			</stringFilterStatement>
		</allCondition>
	</topFilter>
	
	<topFilter name="CienaUnreachableTrap">
		<allCondition tag="Trigger">
			<stringFilterStatement>
				<fieldName>EventKey</fieldName>
				<operator>isListedIn</operator>
				<fieldValue>50002/100/55</fieldValue>
			</stringFilterStatement>
		</allCondition>
	</topFilter>

	<topFilter name="CienaLD_Suppression">
		<anyCondition>
			<allCondition  tag="Trigger">
				<stringFilterStatement>
					<fieldName>originatingManagedEntity</fieldName>
					<operator>contains</operator>
					<fieldValue>PPORT</fieldValue>
				</stringFilterStatement>
 				<stringFilterStatement>
					<fieldName>EventKey</fieldName>
					<operator>isListedIn</operator>
					<fieldValue>50002/100/21</fieldValue>
				</stringFilterStatement>
			</allCondition>			
			<allCondition  tag="SubAlarm">
				<stringFilterStatement>
					<fieldName>originatingManagedEntity</fieldName>
					<operator>contains</operator>
					<fieldValue>DEVICE</fieldValue>
				</stringFilterStatement>
 				<stringFilterStatement>
					<fieldName>EventKey</fieldName>
					<operator>isListedIn</operator>
					<fieldValue>50002/100/11,50002/100/14</fieldValue>
				</stringFilterStatement>
			</allCondition>			
		</anyCondition>
	</topFilter>

	<topFilter name="ClinaLD_OAM_PriSec">
		<anyCondition>
			<allCondition  tag="Trigger">
 				<stringFilterStatement>
					<fieldName>EventKey</fieldName>
					<operator>isListedIn</operator>
					<fieldValue>50002/100/19</fieldValue>
				</stringFilterStatement>
			</allCondition>			
			<allCondition  tag="SubAlarm">
 				<stringFilterStatement>
					<fieldName>EventKey</fieldName>
					<operator>isListedIn</operator>
					<fieldValue>50002/100/21</fieldValue>
				</stringFilterStatement>
			</allCondition>			
		</anyCondition>
	</topFilter>

	<topFilter name="A_Z_CienaLD_Suppression">
		<anyCondition>
			<allCondition  tag="Trigger,SubAlarm">
 				<stringFilterStatement>
					<fieldName>EventKey</fieldName>
					<operator>isListedIn</operator>
					<fieldValue>50002/100/21</fieldValue>
				</stringFilterStatement>
			</allCondition>			
		</anyCondition>
	</topFilter>

	<topFilter name="OAM_Suppression">
		<anyCondition>
			<allCondition  tag="Trigger">
 				<stringFilterStatement>
					<fieldName>EventKey</fieldName>
					<operator>isListedIn</operator>
					<fieldValue>50002/100/19</fieldValue>
				</stringFilterStatement>
			</allCondition>			
			<allCondition  tag="SubAlarm">
 				<stringFilterStatement>
					<fieldName>EventKey</fieldName>
					<operator>isListedIn</operator>
					<fieldValue>50002/100/11,50002/100/9</fieldValue>
				</stringFilterStatement>
			</allCondition>			
		</anyCondition>
	</topFilter>

	<topFilter name="A_Z_OAM_Suppression">
		<anyCondition>
			<allCondition  tag="Trigger,SubAlarm">
 				<stringFilterStatement>
					<fieldName>EventKey</fieldName>
					<operator>isListedIn</operator>
					<fieldValue>50002/100/19</fieldValue>
				</stringFilterStatement>
			</allCondition>			
		</anyCondition>
	</topFilter>

	<topFilter name="OAM_22_Suppression">
		<anyCondition>
			<allCondition  tag="Trigger">
				<stringFilterStatement>
					<fieldName>originatingManagedEntity</fieldName>
					<operator>contains</operator>
					<fieldValue>PPORT</fieldValue>
				</stringFilterStatement>
 				<stringFilterStatement>
					<fieldName>EventKey</fieldName>
					<operator>isListedIn</operator>
					<fieldValue>50002/100/19</fieldValue>
				</stringFilterStatement>
			</allCondition>			
			<allCondition  tag="SubAlarm">
				<stringFilterStatement>
					<fieldName>originatingManagedEntity</fieldName>
					<operator>contains</operator>
					<fieldValue>PPORT</fieldValue>
				</stringFilterStatement>
 				<stringFilterStatement>
					<fieldName>EventKey</fieldName>
					<operator>isListedIn</operator>
					<fieldValue>50002/100/22</fieldValue>
				</stringFilterStatement>
			</allCondition>			
		</anyCondition>
	</topFilter>

	<topFilter name="CienaLD_Severity">
		<anyCondition>
			<allCondition  tag="Trigger,SubAlarm">
 				<stringFilterStatement>
					<fieldName>EventKey</fieldName>
					<operator>isListedIn</operator>
					<fieldValue>50002/100/21</fieldValue>
				</stringFilterStatement>
			</allCondition>			
		</anyCondition>
	</topFilter>

	<topFilter name="DefaultProcess">
		<anyCondition>
	<!-- pass thru alarm	-->
			<allCondition  tag="SubAlarm">
				<stringFilterStatement>
					<fieldName>EventKey</fieldName>
					<operator>isEqual</operator>
					<fieldValue>50002/100/3</fieldValue>
				</stringFilterStatement>
			</allCondition>			
			<allCondition  tag="SubAlarm">
				<stringFilterStatement>
					<fieldName>EventKey</fieldName>
					<operator>isEqual</operator>
					<fieldValue>50002/100/4</fieldValue>
				</stringFilterStatement>
			</allCondition>			
			<allCondition  tag="SubAlarm">
				<stringFilterStatement>
					<fieldName>EventKey</fieldName>
					<operator>isEqual</operator>
					<fieldValue>50002/100/5</fieldValue>
				</stringFilterStatement>
			</allCondition>			
			<allCondition  tag="SubAlarm">
				<stringFilterStatement>
					<fieldName>EventKey</fieldName>
					<operator>isEqual</operator>
					<fieldValue>50002/100/6</fieldValue>
				</stringFilterStatement>
			</allCondition>			
			<allCondition  tag="SubAlarm">
				<stringFilterStatement>
					<fieldName>EventKey</fieldName>
					<operator>isEqual</operator>
					<fieldValue>50002/100/7</fieldValue>
				</stringFilterStatement>
			</allCondition>			
			<allCondition  tag="SubAlarm">
				<stringFilterStatement>
					<fieldName>EventKey</fieldName>
					<operator>isEqual</operator>
					<fieldValue>50002/100/8</fieldValue>
				</stringFilterStatement>
			</allCondition>			
			<allCondition  tag="SubAlarm">
				<stringFilterStatement>
					<fieldName>EventKey</fieldName>
					<operator>isEqual</operator>
					<fieldValue>50002/100/9</fieldValue>
				</stringFilterStatement>
			</allCondition>			
			<allCondition  tag="SubAlarm">
				<stringFilterStatement>
					<fieldName>EventKey</fieldName>
					<operator>isEqual</operator>
					<fieldValue>50002/100/10</fieldValue>
				</stringFilterStatement>
			</allCondition>			
			<allCondition  tag="SubAlarm">
				<stringFilterStatement>
					<fieldName>EventKey</fieldName>
					<operator>isEqual</operator>
					<fieldValue>50002/100/11</fieldValue>
				</stringFilterStatement>
			</allCondition>			
			<allCondition  tag="SubAlarm">
				<stringFilterStatement>
					<fieldName>EventKey</fieldName>
					<operator>isEqual</operator>
					<fieldValue>50002/100/12</fieldValue>
				</stringFilterStatement>
			</allCondition>			
			<allCondition  tag="SubAlarm">
				<stringFilterStatement>
					<fieldName>EventKey</fieldName>
					<operator>isEqual</operator>
					<fieldValue>50002/100/13</fieldValue>
				</stringFilterStatement>
			</allCondition>			
			<allCondition  tag="SubAlarm">
				<stringFilterStatement>
					<fieldName>EventKey</fieldName>
					<operator>isEqual</operator>
					<fieldValue>50002/100/17</fieldValue>
				</stringFilterStatement>
			</allCondition>			
			<allCondition  tag="SubAlarm">
				<stringFilterStatement>
					<fieldName>EventKey</fieldName>
					<operator>isEqual</operator>
					<fieldValue>50002/100/18</fieldValue>
				</stringFilterStatement>
			</allCondition>			
			<allCondition  tag="SubAlarm">
				<stringFilterStatement>
					<fieldName>EventKey</fieldName>
					<operator>isEqual</operator>
					<fieldValue>50002/100/22</fieldValue>
				</stringFilterStatement>
			</allCondition>			
			<allCondition  tag="SubAlarm">
				<stringFilterStatement>
					<fieldName>EventKey</fieldName>
					<operator>isEqual</operator>
					<fieldValue>50002/100/41</fieldValue>
				</stringFilterStatement>
			</allCondition>			
			<allCondition  tag="SubAlarm">
				<stringFilterStatement>
					<fieldName>EventKey</fieldName>
					<operator>isEqual</operator>
					<fieldValue>50002/100/42</fieldValue>
				</stringFilterStatement>
			</allCondition>			
			<allCondition  tag="SubAlarm">
				<stringFilterStatement>
					<fieldName>EventKey</fieldName>
					<operator>isEqual</operator>
					<fieldValue>50002/100/43</fieldValue>
				</stringFilterStatement>
			</allCondition>			
			<allCondition  tag="SubAlarm">
				<stringFilterStatement>
					<fieldName>EventKey</fieldName>
					<operator>isEqual</operator>
					<fieldValue>50002/100/44</fieldValue>
				</stringFilterStatement>
			</allCondition>			
			<allCondition  tag="SubAlarm">
				<stringFilterStatement>
					<fieldName>EventKey</fieldName>
					<operator>isEqual</operator>
					<fieldValue>50002/100/45</fieldValue>
				</stringFilterStatement>
			</allCondition>			
			<allCondition  tag="SubAlarm">
				<stringFilterStatement>
					<fieldName>EventKey</fieldName>
					<operator>isEqual</operator>
					<fieldValue>50002/100/46</fieldValue>
				</stringFilterStatement>
			</allCondition>			
			<allCondition  tag="SubAlarm">
				<stringFilterStatement>
					<fieldName>EventKey</fieldName>
					<operator>isEqual</operator>
					<fieldValue>50002/100/53</fieldValue>
				</stringFilterStatement>
			</allCondition>			
			<allCondition  tag="SubAlarm">
				<stringFilterStatement>
					<fieldName>EventKey</fieldName>
					<operator>isEqual</operator>
					<fieldValue>50002/100/54</fieldValue>
				</stringFilterStatement>
			</allCondition>			
			<allCondition  tag="SubAlarm">
				<stringFilterStatement>
					<fieldName>EventKey</fieldName>
					<operator>isEqual</operator>
					<fieldValue>50002/100/56</fieldValue>
				</stringFilterStatement>
			</allCondition>			
			<allCondition  tag="SubAlarm">
				<stringFilterStatement>
					<fieldName>EventKey</fieldName>
					<operator>isEqual</operator>
					<fieldValue>50002/100/57</fieldValue>
				</stringFilterStatement>
			</allCondition>			
	<!--
	CienaLeosPortXcvrTxPowerHighNotification .1.3.6.1.4.1.6141.2.60.4.2.0.15/6/15||50002/100/34
	CienaLeosPortXcvrTxPowerLowNotification .1.3.6.1.4.1.6141.2.60.4.2.0.16/6/16||50002/100/35
	CienaLeosPortXcvrTxPowerNormalNotification .1.3.6.1.4.1.6141.2.60.4.2.0.17/6/17||50002/100/36
	-->
			<allCondition  tag="SubAlarm">
	                        <stringFilterStatement>
	                                <fieldName>EventKey</fieldName>
	                                <operator>isEqual</operator>
	                                <fieldValue>50002/100/34</fieldValue>
	                        </stringFilterStatement>
			</allCondition>			
			<allCondition  tag="SubAlarm">
	                        <stringFilterStatement>
	                                <fieldName>EventKey</fieldName>
	                                <operator>isEqual</operator>
	                                <fieldValue>50002/100/35</fieldValue>
	                        </stringFilterStatement>
			</allCondition>			
			<allCondition  tag="SubAlarm">
	                        <stringFilterStatement>
	                                <fieldName>EventKey</fieldName>
	                                <operator>isEqual</operator>
	                                <fieldValue>50002/100/36</fieldValue>
	                        </stringFilterStatement>
			</allCondition>			
	
				<!-- 
	50002/100/31,32,33 (CienaLeosPortXcvrBiasHighNotification, CienaLeosPortXcvrBiasLowNotification, CienaLeosPortXcvrBiasNormalNotification)
				-->
			<allCondition  tag="SubAlarm">
				<stringFilterStatement>
					<fieldName>EventKey</fieldName>
					<operator>isEqual</operator>
					<fieldValue>50002/100/31</fieldValue>
				</stringFilterStatement>
			</allCondition>			
			<allCondition  tag="SubAlarm">
				<stringFilterStatement>
					<fieldName>EventKey</fieldName>
					<operator>isEqual</operator>
					<fieldValue>50002/100/32</fieldValue>
				</stringFilterStatement>
			</allCondition>			
			<allCondition  tag="SubAlarm">
				<stringFilterStatement>
					<fieldName>EventKey</fieldName>
					<operator>isEqual</operator>
					<fieldValue>50002/100/33</fieldValue>
				</stringFilterStatement>
			</allCondition>			
	
				<!-- 
	50002/100/30 (CienaLeosPortXcvrVoltageHighNotification, CienaLeosPortXcvrVoltageLowNotification, CienaLeosPortXcvrVoltageNormalNotification)
				-->
			<allCondition  tag="SubAlarm">
				<stringFilterStatement>
					<fieldName>EventKey</fieldName>
					<operator>isEqual</operator>
					<fieldValue>50002/100/30</fieldValue>
				</stringFilterStatement>
			</allCondition>			
				
				<!-- 
				-->
	
			<allCondition  tag="SubAlarm">
				<stringFilterStatement>
					<fieldName>EventKey</fieldName>
					<operator>isEqual</operator>
					<fieldValue>50002/100/23</fieldValue>
				</stringFilterStatement>
			</allCondition>			
			<allCondition  tag="SubAlarm">
				<stringFilterStatement>
					<fieldName>EventKey</fieldName>
					<operator>isEqual</operator>
					<fieldValue>50002/100/27</fieldValue>
				</stringFilterStatement>
			</allCondition>			
<!-- 			<allCondition  tag="SubAlarm">
				<stringFilterStatement>
					<fieldName>EventKey</fieldName>
					<operator>isEqual</operator>
					<fieldValue>50002/100/55</fieldValue>
				</stringFilterStatement>
			</allCondition>	 -->		
			<allCondition  tag="SubAlarm">
				<stringFilterStatement>
					<fieldName>EventKey</fieldName>
					<operator>isEqual</operator>
					<fieldValue>50002/100/14</fieldValue>
				</stringFilterStatement>
			</allCondition>			
			<allCondition  tag="SubAlarm">
				<stringFilterStatement>
					<fieldName>EventKey</fieldName>
					<operator>isEqual</operator>
					<fieldValue>50002/100/21</fieldValue>
				</stringFilterStatement>
			</allCondition>			
			<allCondition  tag="SubAlarm">
				<stringFilterStatement>
					<fieldName>EventKey</fieldName>
					<operator>isEqual</operator>
					<fieldValue>50002/100/19</fieldValue>
				</stringFilterStatement>
			</allCondition>			
			<allCondition  tag="SubAlarm">
				<stringFilterStatement>
					<fieldName>EventKey</fieldName>
					<operator>isEqual</operator>
					<fieldValue>50002/100/52</fieldValue>
				</stringFilterStatement>
			</allCondition>			
			<allCondition  tag="SubAlarm">
				<!-- cold start -->
				<stringFilterStatement>
					<fieldName>EventKey</fieldName>
					<operator>isEqual</operator>
					<fieldValue>50002/100/58</fieldValue>
				</stringFilterStatement>
			</allCondition>			
			<allCondition  tag="SubAlarm">
				<!-- Infovista  -->
				<stringFilterStatement>
					<fieldName>EventKey</fieldName>
					<operator>isEqual</operator>
					<fieldValue>50004/1/3</fieldValue>
				</stringFilterStatement>
			</allCondition>			
			<allCondition  tag="SubAlarm">
				<stringFilterStatement>
					<fieldName>EventKey</fieldName>
					<operator>isEqual</operator>
					<fieldValue>50004/1/4</fieldValue>
				</stringFilterStatement>
			</allCondition>			
			<allCondition  tag="SubAlarm">
				<stringFilterStatement>
					<fieldName>EventKey</fieldName>
					<operator>isEqual</operator>
					<fieldValue>50002/100/24</fieldValue>
				</stringFilterStatement>
			</allCondition>			
			<allCondition  tag="SubAlarm">
				<stringFilterStatement>
					<fieldName>EventKey</fieldName>
					<operator>isEqual</operator>
					<fieldValue>50002/100/25</fieldValue>
				</stringFilterStatement>
			</allCondition>			
			<allCondition  tag="SubAlarm">
				<stringFilterStatement>
					<fieldName>EventKey</fieldName>
					<operator>isEqual</operator>
					<fieldValue>50002/100/26</fieldValue>
				</stringFilterStatement>
			</allCondition>			
			<allCondition  tag="SubAlarm">
				<stringFilterStatement>
					<fieldName>EventKey</fieldName>
					<operator>isEqual</operator>
					<fieldValue>50002/100/28</fieldValue>
				</stringFilterStatement>
			</allCondition>			
			<allCondition  tag="SubAlarm">
				<stringFilterStatement>
					<fieldName>EventKey</fieldName>
					<operator>isEqual</operator>
					<fieldValue>50002/100/29</fieldValue>
				</stringFilterStatement>
			</allCondition>			
			<allCondition  tag="SubAlarm">
				<stringFilterStatement>
					<fieldName>EventKey</fieldName>
					<operator>isEqual</operator>
					<fieldValue>50002/100/37</fieldValue>
				</stringFilterStatement>
			</allCondition>			
			<allCondition  tag="SubAlarm">
				<stringFilterStatement>
					<fieldName>EventKey</fieldName>
					<operator>isEqual</operator>
					<fieldValue>50002/100/38</fieldValue>
				</stringFilterStatement>
			</allCondition>			
			<allCondition  tag="SubAlarm">
				<stringFilterStatement>
					<fieldName>EventKey</fieldName>
					<operator>isEqual</operator>
					<fieldValue>50002/100/39</fieldValue>
				</stringFilterStatement>
			</allCondition>			
			<allCondition  tag="SubAlarm">
				<stringFilterStatement>
					<fieldName>EventKey</fieldName>
					<operator>isEqual</operator>
					<fieldValue>50002/100/40</fieldValue>
				</stringFilterStatement>
			</allCondition>			
		</anyCondition>
	</topFilter>

	<topFilter name="CienaCFM_Suppression">
		<anyCondition>
			<allCondition  tag="Trigger">
 				<stringFilterStatement>
					<fieldName>EventKey</fieldName>
					<operator>isListedIn</operator>
					<fieldValue>50002/100/52</fieldValue>
				</stringFilterStatement>
			</allCondition>			
			<allCondition  tag="SubAlarm">
 				<stringFilterStatement>
					<fieldName>EventKey</fieldName>
					<operator>isListedIn</operator>
					<fieldValue>50002/100/14,50002/100/21,50003/100/1</fieldValue>
				</stringFilterStatement>
			</allCondition>			
		</anyCondition>
	</topFilter>

</filters>
