<?xml version="1.0" encoding="UTF-8" standalone="yes"?>

<Alarms xmlns="http://hp.com/uca/expert/x733Alarm">

	<AlarmCreationInterface>
		<sourceIdentifier>src</sourceIdentifier>
		<identifier>1</identifier>
		<originatingManagedEntity>BOX box2 CARD C1 PORT port2</originatingManagedEntity>
		<alarmType>COMMUNICATIONS_ALARM</alarmType>
		<probableCause>Unknown</probableCause>
		<perceivedSeverity>MAJOR</perceivedSeverity>
		<alarmRaisedTime>2009-09-16T12:00:00.000+02:00</alarmRaisedTime>
	</AlarmCreationInterface>
    <AlarmCreationInterface>
        <sourceIdentifier>src</sourceIdentifier>
        <identifier>2</identifier>
        <originatingManagedEntity>BOX box3 CARD C1 PORT port2</originatingManagedEntity>
        <alarmType>COMMUNICATIONS_ALARM</alarmType>
        <probableCause>Unknown</probableCause>
        <perceivedSeverity>MAJOR</perceivedSeverity>
        <alarmRaisedTime>2009-09-16T12:00:00.000+02:00</alarmRaisedTime>
    </AlarmCreationInterface>
    <AlarmCreationInterface>
        <sourceIdentifier>src</sourceIdentifier>
        <identifier>3</identifier>
        <originatingManagedEntity>BOX box1 CARD C1 PORT port1</originatingManagedEntity>
        <alarmType>COMMUNICATIONS_ALARM</alarmType>
        <probableCause>Unknown</probableCause>
        <perceivedSeverity>MAJOR</perceivedSeverity>
        <alarmRaisedTime>2009-09-16T12:00:00.000+02:00</alarmRaisedTime>
    </AlarmCreationInterface>
    
</Alarms>
