{ 
	"Tomcat Base Dir"					:	"." ,
  	"Servlet Port"						: 	"9858",
  	
  	"Prod|UAT|ST|Dev"					:	"Prod",
  	
  	"Prod_Alarm_DB_HOST"				:	"alnncrep02.wnsnet.attws.com",
  	"Prod_Alarm_DB_PORT"				:	"1521",
  	"Prod_Alarm_DB_SID"					:	"msghist",
  	"Prod_Alarm_DB_USER"				:	"sh1986",
  	"Prod_Alarm_DB_PASSWD"				: 	"arrs92066",
  	
  	"Prod_Bridge_DB_HOST"				:	"usprod98.wnsnet.attws.com",
  	"Prod_Bridge_DB_PORT"				:	"1524",
  	"Prod_Bridge_DB_SID"				:	"p1lte1d3",
  	"Prod_Bridge_DB_USER"				:	"sh1986",
  	"Prod_Bridge_DB_PASSWD"				: 	"arrs92066",
  	
  	"UAT_DB_HOST"						:	"",
  	"UAT_DB_PORT"						:	"",
  	"UAT_DB_SID"						:	"",
  	"UAT_DB_USER"						:	"",
  	"UAT_DB_PASSWD"						: 	"",
  	
	"GFPM_DB_HOST"						:	"usprod98.wnsnet.attws.com",
	"GFPM_DB_PORT"						:	"1524",
	"GFPM_DB_SID"						:	"p1lte1d3",
	
	"ST_DB_HOST"						:	"d1gfp3d3.vci.att.com",
	"ST_DB_PORT"						:	"1524",
	"ST_DB_SID"							:	"d1gfp3d3",
	"ST_DB_USER"						:	"netcool",
  	"ST_DB_PASSWD"						: 	"netcool",
  	
  	"Dev_DB_HOST"						:	"d1gfp2d9.vci.att.com",
	"Dev_DB_PORT"						:	"1524",
	"Dev_DB_SID"						:	"d1gfp2d9",
	"Dev_DB_USER"						:	"netcool",
  	"Dev_DB_PASSWD"						: 	"o1r2acle",
  	
  	"ReportBaseFileName"				:	"CorrelationReport",
  	"DetailedReportBaseFileName"		:	"DetailedCorrReport",
  	"DailyAlarmVolumesBaseFileName"		:	"DailyAlarmVolumes",
  	"TopoCorrBaseFileName"				:	"TopologicalCorrelationsCounts",
  	"RuleBasedCorrBaseFileName"			:	"RuleBasedCorrelationsCounts",
  	
  	"DailyAlarmVolumesReport"			:	"Run",
  	"TopoCorrCountsReport"				:	"Run",
  	"RuleBasedCorrCountsReport"			:	"Run",
  	
  	"ReportBaseFileName SAVE"			:	"/appl/netcool/gfpm_ops_web/data/corrreports/corr_reports/CorrelationReport",
  	"DailyAlarmVolumesBaseFileName SAVE" :	"/appl/netcool/gfpm_ops_web/data/corrreports/corr_reports/DailyAlarmVolumes",
  	"DetailedReportBaseFileName SAVE"	:	"/appl/netcool/gfpm_ops_web/data/corrreports/corr_reports/DetailedCorrReport",
  	
  	"uuencode tempFile"					:	"uuencodeTemp",
  	"uuencode Path"						:	"/bin/uuencode",
  	"mailx Path"						:	"/bin/mailx",
  	"mailTo"							:	"sh1986@att.com",
  	
  	"NO_CORRELATION_CORRSTATUS"			: 	"0",
  	
  	"TPVP_CORRSTATUS1"					: 	"17",
	"TPVP_CORRSTATUS2"					: 	"37",
	
	"BOTH_CORRSTATUS1"					: 	"18",
	"BOTH_CORRSTATUS2"					: 	"38",
	
	"PDVP_CORRSTATUS1"					: 	"19",
	"PDVP_CORRSTATUS2"					: 	"39",

	"PDVP_DIDNOT_PARTCORR_ALARMTYPE"	: 	"0",
	"PDVP_DIDNOT_PARTCORR_CORRSTATUS1"	: 	"19",
	"PDVP_DIDNOT_PARTCORR_CORRSTATUS2"	: 	"39",

	"TPVP_DIDNOT_PARTCORR_ALARMTYPE"	: 	"0",
	"TPVP_DIDNOT_PARTCORR_CORRSTATUS1"	: 	"17",
	"TPVP_DIDNOT_PARTCORR_CORRSTATUS2"	: 	"37",
	
	"BOTH_DIDNOT_PARTCORR_ALARMTYPE"	: 	"0",
	"BOTH_DIDNOT_PARTCORR_CORRSTATUS1"	: 	"18",
	"BOTH_DIDNOT_PARTCORR_CORRSTATUS2"	: 	"38",

}

