{
	     "cambria.partition": "DCAElocal",
	     "agent address": "12.123.80.127",
	     "time received": "1429634565",
	     "epoch_serno": "14296345650001",
	     "protocol version": "v2c",
	     "community len": "6",
	     "community": "public",
	     "trap category": "UNCONFIGURED",
	     "notify OID len": "14",
	     "notify OID": ".1.3.6.1.4.1.2636.3.51.1.13",
	     "originatingManagedEntity": "12.123.80.127/10",
	     "severity": "Critical",
	     "varbinds": [
	         {
	             "varbind_oid": ".1.1",
	             "varbind_type": "octet_string",
	             "varbind_value": "2"
	         },
	         {
	             "varbind_oid": ".1.2",
	             "varbind_type": "octet_string",
	             "varbind_value": "vb2"
	         },
	         {
	             "varbind_oid": ".1.3",
	             "varbind_type": "octet_string",
	             "varbind_value": "vb3"
	         }
		]
	}

