<?xml version="1.0" encoding="UTF-8" standalone="yes"?>
<Alarms xmlns="http://hp.com/uca/expert/x733Alarm">
<AlarmCreationInterface xmlns="http://hp.com/uca/expert/x733Alarm">
    <identifier>PPORT_10.204.65.149/21_.1.3.6.1.4.1.664.5.59.1.10/6/17/NA</identifier>
    <sourceIdentifier>adtran</sourceIdentifier>
   <!--   <alarmRaisedTime>2013-05-07T19:04:56.000-04:00</alarmRaisedTime> --> 
    <originatingManagedEntity>PPORT 10.204.65.149/21</originatingManagedEntity>
    <originatingManagedEntityStructure>
        <classInstance instance="10.204.65.149/21" clazz="PPORT"/>
    </originatingManagedEntityStructure>   
    <alarmType>COMMUNICATIONS_ALARM</alarmType>
    <probableCause>NTU SNR Margin Alarm detected</probableCause>
    <perceivedSeverity>MINOR</perceivedSeverity> 
    <networkState>NOT_CLEARED</networkState>
    <operatorState>NOT_ACKNOWLEDGED</operatorState>   
    <problemState>NOT_HANDLED</problemState>   
    <specificProblem>SPECIFIC_PROBLEM</specificProblem>
    <additionalText>ADDITIONAL_TEXT</additionalText>
    <notificationIdentifier>.1.3.6.1.4.1.664.5.59.1.10/6/17</notificationIdentifier>
    <customFields>
        <customField value="AD19467" name="SeqNumber"/>
        <customField value=".1.3.6.1.4.1.664.5.59.1.10" name="enterprise_id"/>
        <customField value="6" name="gtrap_no"/>
        <customField value="17" name="strap_no"/>
        <customField value="NA" name="reason_code"/>
        <customField value=".1.3.6.1.4.1.664.5.59.1.10/6/17/NA" name="EventName"/>
        <customField value="50001/100/37" name="EventKey"/>
        <customField value="1376426081" name="be_time"/>
        <customField value="false" name="isHealthCheckAlarm"/>
        <customField value="604800" name="purge-interval"/>
        <customField value="NFO-TA5000" name="classification"/>
        <customField value="TA5000" name="domain"/>
        <customField value="true" name="send-to-ruby"/>
        <customField value="0" name="aging"/>
        <customField value="deviceType=ADTRAN 5000 SERIES deviceModel=TA5000 " name="component"/>
        <customField value="1376426081" name="last-update"/>
        <customField value="GSVLFLSTX1X" name="node-name"/>
        <customField value="null-TA5000" name="sm-sourcedomain"/>
        <customField value="PPORT" name="sm-class"/>
        <customField value="" name="clli"/>
        <customField value="" name="clfi"/>
        <customField value="" name="clci"/>
        <customField value="" name="bmp-clci"/>
        <customField value="0.0" name="last-clear-time"/>
        <customField value="" name="info1"/>
        <customField value="" name="info2"/>
        <customField value="" name="info3"/>
        <customField value="" name="info"/>
        <customField value="" name="evc-name"/>
        <customField value="" name="acnaban"/>
        <customField value="" name="sec-alarm-time"/>
        <customField value="" name="ruby-delay"/>
        <customField value="" name="reason"/>
        <customField value="" name="customer"/>
        <customField value="" name="sm-event-text"/>
        <customField value="" name="xd-alarm-time"/>
        <customField value="" name="cfm-alarm-time"/>
        <customField value="" name="secondary-alert-id"/>
        <customField value="" name="mcn"/>
        <customField value="PPORT_10.204.144.92/SM-A/1_.1.3.6.1.4.1.664.5.59.1.10/6/17/NA" name="alert-id"/>
        <customField value="" name="circuit-id"/>
        <customField value="" name="sm-event"/>  
        <customField value="10.204.144.92/SM" name="remoteportkey"/>         
    </customFields>
</AlarmCreationInterface>
</Alarms>
