<?xml version="1.0" encoding="UTF-8" ?>
<filters xmlns="http://hp.com/uca/expert/filter">

	<topFilter name="NsNotifyStartSuppression">
		<anyCondition tag="">
			<allCondition tag="Trigger,SubAlarm">
				<stringFilterStatement>
					<fieldName>originatingManagedEntity</fieldName>
					<operator>contains</operator>
					<fieldValue>DEVICE</fieldValue>
				</stringFilterStatement>
				<stringFilterStatement>
					<fieldName>EventKey</fieldName>
					<operator>isEqual</operator>
					<fieldValue>50007/100/10</fieldValue>
				</stringFilterStatement>
			</allCondition>
			<allCondition tag="SubAlarm">
				<stringFilterStatement>
					<fieldName>originatingManagedEntity</fieldName>
					<operator>contains</operator>
					<fieldValue>DEVICE</fieldValue>
				</stringFilterStatement>
				<stringFilterStatement>
					<fieldName>EventKey</fieldName>
					<operator>isEqual</operator>
					<fieldValue>50007/100/7</fieldValue>
				</stringFilterStatement>
			</allCondition>
		</anyCondition>
	</topFilter>


</filters>