{
	"catalogs": [
        "com.att.gfp.uverse.processors.gfpUverseCatalog"
    ],
    "channels":
	[
		{
			"name":"PMOSS-Inbound",
			"type":"in",
			"class":"HpCambriaInputStream",

			"cambria.hosts":"${UEB_HOSTS}",
			"cambria.topic":"PMOSS-PERFORMANCE-ALERTS",
			"cambria.group":"gfpUvEventAdapter_pmossHandler_${HOSTNAME}_${user.name}",
			"cambria.filter": {
                "networkService" : "U-verse"
            },
			"cambria.instance":"0",

			"phase":"handleAlarm"
		},
		
		{
			"name":"ToNom",
			"type":"out",
			"class":"HpNomSocketOutputStream",

			"nom.host":"localhost",
			"nom.port":10000,
			"nom.fieldSet":["identifier", "sourceIdentifier", "alarmRaisedTime", "originatingManagedEntity", "originatingManagedEntityStructure/classInstance", "alarmType", "probableCause", "notificationIdentifier", "perceivedSeverity", "networkState", "operatorState", "problemState", "specificProblem", "additionalText", "specificProblem"],
			"nom.customFieldSet":["eventKey", "className", "instanceName", "Name", "SourceDomainName", "sourceDomain", "Active", "EventText", "InMaintenance", "UserDefined1", "UserDefined2", "UserDefined3", "UserDefined4", "UserDefined5", "UserDefined6", "UserDefined7", "UserDefined8", "UserDefined9", "UserDefined10", "incomingEventText", "incomingElementClassName", "incomingElementName", "enterpriseId", "gTrapNumber", "sTrapNumber", "eventName", "reason", "reasonCode", "incomingSourceDomainName", "incomingDisplayName", "elementName", "ElementClassName", "LastChangedAt", "feTimeStamp", "beTimeStamp", "LastNotifiedAt", "LastClearedAt", "severity", "component", "info1", "info2", "info3", "DisplayName"]
		},

		{
			"name":"ToCFM01-NOMinstance25",
			"type":"out",
			"class":"HpNomSocketOutputStream",

			"nom.host":"${CFM_SERVER}",
			"nom.port":26425,
			"nom.fieldSet":["identifier", "sourceIdentifier", "alarmRaisedTime", "originatingManagedEntity", "originatingManagedEntityStructure/classInstance", "alarmType", "probableCause", "notificationIdentifier", "perceivedSeverity", "networkState", "operatorState", "problemState", "specificProblem", "additionalText", "specificProblem"],
			"nom.customFieldSet":["eventKey", "className", "instanceName", "Name", "SourceDomainName", "sourceDomain", "Active", "EventText", "InMaintenance", "UserDefined1", "UserDefined2", "UserDefined3", "UserDefined4", "UserDefined5", "UserDefined6", "UserDefined7", "UserDefined8", "UserDefined9", "UserDefined10", "incomingEventText", "incomingElementClassName", "incomingElementName", "enterpriseId", "gTrapNumber", "sTrapNumber", "eventName", "reason", "reasonCode", "incomingSourceDomainName", "incomingDisplayName", "elementName", "ElementClassName", "LastChangedAt", "feTimeStamp", "beTimeStamp", "LastNotifiedAt", "LastClearedAt", "severity", "component", "info1", "info2", "info3", "DisplayName"]
		},
		
		{
			"name":"ToCFM02-NOMinstance39",
			"type":"out",
			"class":"HpNomSocketOutputStream",

			"nom.host":"${CFM_SERVER}",
			"nom.port":26439,
			"nom.fieldSet":["identifier", "sourceIdentifier", "alarmRaisedTime", "originatingManagedEntity", "originatingManagedEntityStructure/classInstance", "alarmType", "probableCause", "notificationIdentifier", "perceivedSeverity", "networkState", "operatorState", "problemState", "specificProblem", "additionalText", "specificProblem"],
			"nom.customFieldSet":["eventKey", "className", "instanceName", "Name", "SourceDomainName", "sourceDomain", "Active", "EventText", "InMaintenance", "UserDefined1", "UserDefined2", "UserDefined3", "UserDefined4", "UserDefined5", "UserDefined6", "UserDefined7", "UserDefined8", "UserDefined9", "UserDefined10", "incomingEventText", "incomingElementClassName", "incomingElementName", "enterpriseId", "gTrapNumber", "sTrapNumber", "eventName", "reason", "reasonCode", "incomingSourceDomainName", "incomingDisplayName", "elementName", "ElementClassName", "LastChangedAt", "feTimeStamp", "beTimeStamp", "LastNotifiedAt", "LastClearedAt", "severity", "component", "info1", "info2", "info3", "DisplayName"]
		}
	],

	"processing":
	[
		{
			"phase":"handleAlarm",
			"processors":
			[
				{ "class":"LogEvent", "title":"INPUT" }
			]
		},
		{
            "phase": "handleAlarm",
            "filter": {
            	"class":"And",
				"filters":
				[
					{ "class":"Equals", "field":"alertId", "value":"HEARTBEAT" },
	                { "class":"Equals", "field":"sourceName", "value":"U-verse Heartbeat" }
	            ]
            },
            "processors": [
                {
                    "class": "Set",
                    "updates": 
                    {
                    	"identifier" : "50000/900/6001-${dataSourceServer}",
                    	"sourceIdentifier" : "EnvAdp",
                    	"alarmRaisedTime" : "${alertGenerationTimestamp}",
                    	"originatingManagedEntity" : "PMOSS ${dataSourceServer}",
                    	"originatingManagedEntityStructure/classInstance" : "",
                    	"probableCause" : "DisplayName=;EventText=UD10=${elementName};UD11=${dataSourceServer};UD12=${dataCollector};UD13=${location};UD14=${alertDescription};UD15=${additionalParameters};UD16=${interfaceName};UD17=${alertValue};UD18=${elementType};UD19=${possibleRootCause};UD20=${overflowParameters};UD21=${derivationRole};UD22=${atomicAlertIdList};UD23=${derivedAlertIdList};UD24=${reservedA};UD25=${reservedB};UD26=${reserved1};UD27=${reserved2}",
                    	"notificationIdentifier" : "50000/900/6001",
                    	"eventKey" : "50000/900/6001",
                    	"perceivedSeverity" : "MAJOR",
                        "className" : "PMOSS",
				        "ElementClassName": "Host",
				        "instanceName" : "${dataSourceServer}",
				        "elementName" : "${dataSourceServer}",
				        "eventName" : "UVERSE-HEARTBEAT",  
				        "State" : "NOTIFY",
				        "Active" : "true",
				        "severity" : "1",
				        "EventText" : "UD10=${elementName};UD11=${dataSourceServer};UD12=${dataCollector};UD13=${location};UD14=${alertDescription};UD15=${additionalParameters};UD16=${interfaceName};UD17=${alertValue};UD18=${elementType};UD19=${possibleRootCause};UD20=${overflowParameters};UD21=${derivationRole};UD22=${atomicAlertIdList};UD23=${derivedAlertIdList};UD24=${reservedA};UD25=${reservedB};UD26=${reserved1};UD27=${reserved2}", 
				        "Category" : "PMOSS",
				        "UserDefined1" : "${alertId}",
				        "UserDefined2" : "${sourceName}",
				        "UserDefined3" : "${eventStartTimestamp}",
				        "UserDefined4" : "${collectionTimestamp}",
				        "UserDefined5" : "${alertGenerationTimestamp}",
				        "UserDefined6" : "${alertAction}",
				        "UserDefined7" : "${alertSeverity}",
				        "UserDefined8" : "${alertType}",
				        "UserDefined9" : "${networkService}",
				        "SourceDomainName" : "PMOSS UEB",
				        "sTrapNumber" : "6001",
				        "Forward" : "Yes",
				        "CfmInstance" : "1"
                    }
                }
            ]
        },
        {
            "phase": "handleAlarm",
            "filter": {
            	"class":"And",
				"filters":
				[
	                {
						"class":"OneOf", "field":"${sourceName}",
						"values":
						[
							"UVERSE-IPTV",
							"UVERSE-IPTV-DSPS"
						]
					},
	                { "class":"Equals", "field":"alertType", "value":"SERVICE-ANOMALY" },
	                {
						"class":"OneOf", "field":"${alertDescription}",
						"values":
						[
							"IPTV-VSERVER",
							"TCA-IPTV-VQA",
							"DSPS-TPNS"
						]
					}
	            ]
            },
            "processors": [
                {
                    "class": "Set",
                    "updates": 
                    {
                    	"identifier" : "50000/900/2030-${elementName}/${interfaceName}",
                    	"sourceIdentifier" : "EnvAdp",
                    	"alarmRaisedTime" : "${alertGenerationTimestamp}",
                    	"originatingManagedEntity" : "PMOSS ${elementName}/${interfaceName}",
                    	"originatingManagedEntityStructure/classInstance" : "",
                    	"probableCause" : "DisplayName=;EventText=\"UD10=${elementName};UD11=${dataSourceServer};UD12=${dataCollector};UD13=${location};UD14=${alertDescription};UD15=${additionalParameters};UD16=${interfaceName};UD17=${alertValue};UD18=${elementType};UD19=${possibleRootCause};UD20=${overflowParameters};UD21=${derivationRole};UD22=${atomicAlertIdList};UD23=${derivedAlertIdList};UD24=${reservedA};UD25=${reservedB};UD26=${reserved1};UD27=${reserved2}\"",
                    	"notificationIdentifier" : "50000/900/2030",
                    	"eventKey" : "50000/900/2030",
                    	"perceivedSeverity" : "${alertSeverity}",
                        "className" : "PMOSS",
				        "ElementClassName": "Host",
				        "instanceName" : "${elementName}",
				        "elementName" : "${elementName}",
				        "eventName" : "TCA-IPTV",  
				        "State" : "NOTIFY",
				        "Active" : "true",
				        "severity" : "1", 
				        "Category" : "PMOSS",
				        "UserDefined1" : "${alertId}",
				        "UserDefined2" : "${sourceName}",
				        "UserDefined3" : "${eventStartTimestamp}",
				        "UserDefined4" : "${collectionTimestamp}",
				        "UserDefined5" : "${alertGenerationTimestamp}",
				        "UserDefined6" : "${alertAction}",
				        "UserDefined7" : "${alertSeverity}",
				        "UserDefined8" : "${alertType}",
				        "UserDefined9" : "${networkService}",
				        "SourceDomainName" : "PMOSS UEB",
				        "sTrapNumber" : "2030",
				        "Forward" : "Yes",
				        "CfmInstance" : "1"
                    }
                }
            ]
        },
		{
            "phase": "handleAlarm",
            "filter": {
            	"class":"And",
				"filters":
				[
	                { "class":"Equals", "field":"sourceName", "value":"UVERSE-AMS-SC" },
	                { "class":"Equals", "field":"alertType", "value":"INTERFACE-ANOMALY" },
	                { "class":"Equals", "field":"alertDescription", "value":"IF-SHUB-ERRDROP" }
	            ]
            },
            "processors": [
                {
                    "class": "Set",
                    "updates": 
                    {
                    	"identifier" : "50000/900/2050-${elementName}/${interfaceName}",
                    	"sourceIdentifier" : "EnvAdp",
                    	"alarmRaisedTime" : "${alertGenerationTimestamp}",
                    	"originatingManagedEntity" : "PMOSS ${elementName}/${interfaceName}",
                    	"originatingManagedEntityStructure/classInstance" : "",
                    	"probableCause" : "DisplayName=;EventText=\"UD10=${elementName};UD11=${dataSourceServer};UD12=${dataCollector};UD13=${location};UD14=${alertDescription};UD15=${additionalParameters};UD16=${interfaceName};UD17=${alertValue};UD18=${elementType};UD19=${possibleRootCause};UD20=${overflowParameters};UD21=${derivationRole};UD22=${atomicAlertIdList};UD23=${derivedAlertIdList};UD24=${reservedA};UD25=${reservedB};UD26=${reserved1};UD27=${reserved2}\"",
                    	"notificationIdentifier" : "50000/900/2050",
                    	"eventKey" : "50000/900/2050",
                    	"perceivedSeverity" : "${alertSeverity}",
                        "className" : "PMOSS",
				        "ElementClassName": "Host",
				        "instanceName" : "${elementName}/${interfaceName}",
				        "elementName" : "${elementName}",
				        "eventName" : "IF-SHUB-ERRDROP",  
				        "State" : "NOTIFY",
				        "Active" : "true",
				        "severity" : "1", 
				        "Category" : "PMOSS",
				        "UserDefined1" : "${alertId}",
				        "UserDefined2" : "${sourceName}",
				        "UserDefined3" : "${eventStartTimestamp}",
				        "UserDefined4" : "${collectionTimestamp}",
				        "UserDefined5" : "${alertGenerationTimestamp}",
				        "UserDefined6" : "${alertAction}",
				        "UserDefined7" : "${alertSeverity}",
				        "UserDefined8" : "${alertType}",
				        "UserDefined9" : "${networkService}",
				        "SourceDomainName" : "PMOSS UEB",
				        "sTrapNumber" : "2050",
				        "Forward" : "Yes",
				        "CfmInstance" : "1"
                    }
                }
            ]
        },
        {
            "phase": "handleAlarm",
            "filter": 
            {
            	"class":"And",
				"filters":
				[
	                { "class":"Equals", "field":"sourceName", "value":"UVERSE-SAM" },
	                { "class":"Equals", "field":"alertType", "value":"ELEMENT-ANOMALY" },
	                {
						"class":"OneOf", "field":"${alertDescription}",
						"values":
						[
							"FTR-NE-CPUMEM",
							"NE-CPUMEM",
							"WHOLESALE-NE-CPUMEM"
						]
					}
	            ]
            },
            "processors": [
                {
                    "class": "Set",
                    "updates": 
                    {
                    	"identifier" : "50000/900/2053-${elementName}/${interfaceName}",
                    	"sourceIdentifier" : "EnvAdp",
                    	"alarmRaisedTime" : "${alertGenerationTimestamp}",
                    	"originatingManagedEntity" : "PMOSS ${elementName}/${interfaceName}",
                    	"originatingManagedEntityStructure/classInstance" : "",
                    	"probableCause" : "DisplayName=;EventText=\"UD10=${elementName};UD11=${dataSourceServer};UD12=${dataCollector};UD13=${location};UD14=${alertDescription};UD15=${additionalParameters};UD16=${interfaceName};UD17=${alertValue};UD18=${elementType};UD19=${possibleRootCause};UD20=${overflowParameters};UD21=${derivationRole};UD22=${atomicAlertIdList};UD23=${derivedAlertIdList};UD24=${reservedA};UD25=${reservedB};UD26=${reserved1};UD27=${reserved2}\"",
                    	"notificationIdentifier" : "50000/900/2053",
                    	"eventKey" : "50000/900/2053",
                    	"perceivedSeverity" : "${alertSeverity}",
                        "className" : "PMOSS",
				        "ElementClassName": "Host",
				        "instanceName" : "${reserved1}",
				        "elementName" : "${elementName}",
				        "eventName" : "NE-CPUMEM",  
				        "State" : "NOTIFY",
				        "Active" : "true",
				        "severity" : "1", 
				        "Category" : "PMOSS",
				        "UserDefined1" : "${alertId}",
				        "UserDefined2" : "${sourceName}",
				        "UserDefined3" : "${eventStartTimestamp}",
				        "UserDefined4" : "${collectionTimestamp}",
				        "UserDefined5" : "${alertGenerationTimestamp}",
				        "UserDefined6" : "${alertAction}",
				        "UserDefined7" : "${alertSeverity}",
				        "UserDefined8" : "${alertType}",
				        "UserDefined9" : "${networkService}",
				        "SourceDomainName" : "PMOSS UEB",
				        "sTrapNumber" : "2053",
				        "Forward" : "Yes",
				        "CfmInstance" : "2"
                    }
                }
            ]
        },
        {
            "phase": "handleAlarm",
            "filter": {
            	"class":"And",
				"filters":
				[
	                { "class":"Equals", "field":"sourceName", "value":"UVERSE-SAM" },
	                { "class":"Equals", "field":"alertType", "value":"INTERFACE-ANOMALY" },
	                {
						"class":"OneOf", "field":"${alertDescription}",
						"values":
						[
							"ASE-LAG-ERRDROP",
							"ASE-PORT-ERRDROP",
							"ASE-PORT-TRAFDROP",
							"FBS-PORT-TRAFDROP",
							"FBS-LAG-ERRDROP",
							"FBS-PORT-ERRDROP",
							"FTR-LAG-ERRDROP",
							"FTR-PORT-ERRDROP",
							"LAG-ERRDROP",
							"PORT-ERRDROP",
							"WHOLESALE-LAG-ERRDROP",
							"WHOLESALE-PORT-ERRDROP"
						]
					}
	            ]
            },
            "processors": [
                {
                    "class": "Set",
                    "updates": 
                    {
                    	"identifier" : "50000/900/2054-${elementName}/${interfaceName}",
                    	"sourceIdentifier" : "EnvAdp",
                    	"alarmRaisedTime" : "${alertGenerationTimestamp}",
                    	"originatingManagedEntity" : "PMOSS ${elementName}/${interfaceName}",
                    	"originatingManagedEntityStructure/classInstance" : "",
                    	"probableCause" : "DisplayName=;EventText=\"UD10=${elementName};UD11=${dataSourceServer};UD12=${dataCollector};UD13=${location};UD14=${alertDescription};UD15=${additionalParameters};UD16=${interfaceName};UD17=${alertValue};UD18=${elementType};UD19=${possibleRootCause};UD20=${overflowParameters};UD21=${derivationRole};UD22=${atomicAlertIdList};UD23=${derivedAlertIdList};UD24=${reservedA};UD25=${reservedB};UD26=${reserved1};UD27=${reserved2}\"",
                    	"notificationIdentifier" : "50000/900/2054",
                    	"eventKey" : "50000/900/2054",
                    	"perceivedSeverity" : "${alertSeverity}",
                        "className" : "PMOSS",
				        "ElementClassName": "Host",
				        "instanceName" : "IF-${reserved1}",
				        "elementName" : "${elementName}",
				        "eventName" : "PORT-ERRDROP",  
				        "State" : "NOTIFY",
				        "severity" : "1",
				        "EventText" : "UD10=${elementName};UD11=${dataSourceServer};UD12=${dataCollector};UD13=${location};UD14=${alertDescription};UD15=${additionalParameters};UD16=${interfaceName};UD17=${alertValue};UD18=${elementType};UD19=${possibleRootCause};UD20=${overflowParameters};UD21=${derivationRole};UD22=${atomicAlertIdList};UD23=${derivedAlertIdList};UD24=${reservedA};UD25=${reservedB};UD26=${reserved1};UD27=${reserved2}", 
				        "Category" : "PMOSS",
				        "UserDefined1" : "${alertId}",
				        "UserDefined2" : "${sourceName}",
				        "UserDefined3" : "${eventStartTimestamp}",
				        "UserDefined4" : "${collectionTimestamp}",
				        "UserDefined5" : "${alertGenerationTimestamp}",
				        "UserDefined6" : "${alertAction}",
				        "UserDefined7" : "${alertSeverity}",
				        "UserDefined8" : "${alertType}",
				        "UserDefined9" : "${networkService}",
				        "SourceDomainName" : "PMOSS UEB",
				        "sTrapNumber" : "2054",
				        "Forward" : "Yes",
				        "CfmInstance" : "2"
                    }
                }
            ]
        },
        {
            "phase": "handleAlarm",
            "filter": {
            	"class":"And",
				"filters":
				[
	                { "class":"Equals", "field":"sourceName", "value":"UVERSE-SAM" },
	                { "class":"Equals", "field":"alertType", "value":"DNA" },
	                { "class":"Equals", "field":"alertDescription", "value":"DNR-SAM" }
	            ]
            },
            "processors": [
                {
                    "class": "Set",
                    "updates": 
                    {
                    	"identifier" : "50000/900/2057-${elementName}/${interfaceName}",
                    	"sourceIdentifier" : "EnvAdp",
                    	"alarmRaisedTime" : "${alertGenerationTimestamp}",
                    	"originatingManagedEntity" : "PMOSS ${elementName}/${interfaceName}",
                    	"originatingManagedEntityStructure/classInstance" : "",
                    	"probableCause" : "DisplayName=;EventText=\"UD10=${elementName};UD11=${dataSourceServer};UD12=${dataCollector};UD13=${location};UD14=${alertDescription};UD15=${additionalParameters};UD16=${interfaceName};UD17=${alertValue};UD18=${elementType};UD19=${possibleRootCause};UD20=${overflowParameters};UD21=${derivationRole};UD22=${atomicAlertIdList};UD23=${derivedAlertIdList};UD24=${reservedA};UD25=${reservedB};UD26=${reserved1};UD27=${reserved2}\"",
                    	"notificationIdentifier" : "50000/900/2057",
                    	"eventKey" : "50000/900/2057",
                    	"perceivedSeverity" : "${alertSeverity}",
                        "className" : "PMOSS",
				        "ElementClassName": "Host",
				        "instanceName" : "${additionalParameters}_${overflowParameters}",
				        "elementName" : "${elementName}",
				        "eventName" : "DNR-SAM",  
				        "State" : "NOTIFY",
				        "Active" : "true",
				        "severity" : "2", 
				        "Category" : "PMOSS",
				        "UserDefined1" : "${alertId}",
				        "UserDefined2" : "${sourceName}",
				        "UserDefined3" : "${eventStartTimestamp}",
				        "UserDefined4" : "${collectionTimestamp}",
				        "UserDefined5" : "${alertGenerationTimestamp}",
				        "UserDefined6" : "${alertAction}",
				        "UserDefined7" : "${alertSeverity}",
				        "UserDefined8" : "${alertType}",
				        "UserDefined9" : "${networkService}",
				        "SourceDomainName" : "PMOSS UEB",
				        "sTrapNumber" : "2057",
				        "Forward" : "Yes",
				        "CfmInstance" : "2"
                    }
                }
            ]
        },
        {
            "phase": "handleAlarm",
            "filter": {
            	"class":"And",
				"filters":
				[
	                { "class":"Equals", "field":"sourceName", "value":"UVERSE-IQ" },
	                { "class":"Equals", "field":"alertType", "value":"SERVICE-ANOMALY" },
	                { "class":"Equals", "field":"alertDescription", "value":"PRE-A-IQ-STREAM-ERR" }
	            ]
            },
            "processors": [
                {
                    "class": "Set",
                    "updates": 
                    {
                    	"identifier" : "50000/900/2062-${elementName}/${interfaceName}",
                    	"sourceIdentifier" : "EnvAdp",
                    	"alarmRaisedTime" : "${alertGenerationTimestamp}",
                    	"originatingManagedEntity" : "PMOSS ${elementName}/${interfaceName}",
                    	"originatingManagedEntityStructure/classInstance" : "",
                    	"probableCause" : "DisplayName=;EventText=\"UD10=${elementName};UD11=${dataSourceServer};UD12=${dataCollector};UD13=${location};UD14=${alertDescription};UD15=${additionalParameters};UD16=${interfaceName};UD17=${alertValue};UD18=${elementType};UD19=${possibleRootCause};UD20=${overflowParameters};UD21=${derivationRole};UD22=${atomicAlertIdList};UD23=${derivedAlertIdList};UD24=${reservedA};UD25=${reservedB};UD26=${reserved1};UD27=${reserved2}\"",
                    	"notificationIdentifier" : "50000/900/2062",
                    	"eventKey" : "50000/900/2062",
                    	"perceivedSeverity" : "${alertSeverity}",
                        "className" : "PMOSS",
				        "ElementClassName": "Host",
				        "instanceName" : "${elementName}",
				        "elementName" : "${elementName}",
				        "eventName" : "MCAST-ADDR-ERR-ONE",  
				        "State" : "NOTIFY",
				        "Active" : "true",
				        "severity" : "2", 
				        "Category" : "PMOSS",
				        "UserDefined1" : "${alertId}",
				        "UserDefined2" : "${sourceName}",
				        "UserDefined3" : "${eventStartTimestamp}",
				        "UserDefined4" : "${collectionTimestamp}",
				        "UserDefined5" : "${alertGenerationTimestamp}",
				        "UserDefined6" : "${alertAction}",
				        "UserDefined7" : "${alertSeverity}",
				        "UserDefined8" : "${alertType}",
				        "UserDefined9" : "${networkService}",
				        "SourceDomainName" : "PMOSS UEB",
				        "sTrapNumber" : "2062",
				        "Forward" : "Yes",
				        "CfmInstance" : "1"
                    }
                }
            ]
        },
        {
            "phase": "handleAlarm",
            "filter": {
            	"class":"And",
				"filters":
				[
	                { "class":"Equals", "field":"sourceName", "value":"UVERSE-IQ" },
	                { "class":"Equals", "field":"alertType", "value":"SERVICE-ANOMALY" },
	                { "class":"Equals", "field":"alertDescription", "value":"POST-A-IQ-STREAM-ERR" }
	            ]
            },
            "processors": [
                {
                    "class": "Set",
                    "updates": 
                    {
                    	"identifier" : "50000/900/2063-${elementName}/${interfaceName}",
                    	"sourceIdentifier" : "EnvAdp",
                    	"alarmRaisedTime" : "${alertGenerationTimestamp}",
                    	"originatingManagedEntity" : "PMOSS ${elementName}/${interfaceName}",
                    	"originatingManagedEntityStructure/classInstance" : "",
                    	"probableCause" : "DisplayName=;EventText=\"UD10=${elementName};UD11=${dataSourceServer};UD12=${dataCollector};UD13=${location};UD14=${alertDescription};UD15=${additionalParameters};UD16=${interfaceName};UD17=${alertValue};UD18=${elementType};UD19=${possibleRootCause};UD20=${overflowParameters};UD21=${derivationRole};UD22=${atomicAlertIdList};UD23=${derivedAlertIdList};UD24=${reservedA};UD25=${reservedB};UD26=${reserved1};UD27=${reserved2}\"",
                    	"notificationIdentifier" : "50000/900/2063",
                    	"eventKey" : "50000/900/2063",
                    	"perceivedSeverity" : "${alertSeverity}",
                        "className" : "PMOSS",
				        "ElementClassName": "Host",
				        "instanceName" : "${elementName}",
				        "elementName" : "${elementName}",
				        "eventName" : "MCAST-ADDR-ERR-MANY",  
				        "State" : "NOTIFY",
				        "Active" : "true",
				        "severity" : "2", 
				        "Category" : "PMOSS",
				        "UserDefined1" : "${alertId}",
				        "UserDefined2" : "${sourceName}",
				        "UserDefined3" : "${eventStartTimestamp}",
				        "UserDefined4" : "${collectionTimestamp}",
				        "UserDefined5" : "${alertGenerationTimestamp}",
				        "UserDefined6" : "${alertAction}",
				        "UserDefined7" : "${alertSeverity}",
				        "UserDefined8" : "${alertType}",
				        "UserDefined9" : "${networkService}",
				        "SourceDomainName" : "PMOSS UEB",
				        "sTrapNumber" : "2063",
				        "Forward" : "Yes",
				        "CfmInstance" : "1"
                    }
                }
            ]
        },
        {
            "phase": "handleAlarm",
            "filter": {
            	"class":"And",
				"filters":
				[
	                { "class":"Equals", "field":"sourceName", "value":"UVERSE-SAM" },
	                { "class":"Equals", "field":"alertType", "value":"INTERFACE-ANOMALY" },
	                { "class":"Equals", "field":"alertDescription", "value":"CGN-ERR" }
	            ]
            },
            "processors": [
                {
                    "class": "Set",
                    "updates": 
                    {
                    	"identifier" : "50000/900/2067-${elementName}/${interfaceName}",
                    	"sourceIdentifier" : "EnvAdp",
                    	"alarmRaisedTime" : "${alertGenerationTimestamp}",
                    	"originatingManagedEntity" : "PMOSS ${elementName}/${interfaceName}",
                    	"originatingManagedEntityStructure/classInstance" : "",
                    	"probableCause" : "DisplayName=;EventText=\"UD10=${elementName};UD11=${dataSourceServer};UD12=${dataCollector};UD13=${location};UD14=${alertDescription};UD15=${additionalParameters};UD16=${interfaceName};UD17=${alertValue};UD18=${elementType};UD19=${possibleRootCause};UD20=${overflowParameters};UD21=${derivationRole};UD22=${atomicAlertIdList};UD23=${derivedAlertIdList};UD24=${reservedA};UD25=${reservedB};UD26=${reserved1};UD27=${reserved2}\"",
                    	"notificationIdentifier" : "50000/900/2067",
                    	"eventKey" : "50000/900/2067",
                    	"perceivedSeverity" : "${alertSeverity}",
                        "className" : "PMOSS",
				        "ElementClassName": "Host",
				        "instanceName" : "${elementName}",
				        "elementName" : "${elementName}",
				        "eventName" : "INTERFACE_ANOMALY-2067",  
				        "State" : "NOTIFY",
				        "Active" : "true",
				        "severity" : "2", 
				        "Category" : "PMOSS",
				        "UserDefined1" : "${alertId}",
				        "UserDefined2" : "${sourceName}",
				        "UserDefined3" : "${eventStartTimestamp}",
				        "UserDefined4" : "${collectionTimestamp}",
				        "UserDefined5" : "${alertGenerationTimestamp}",
				        "UserDefined6" : "${alertAction}",
				        "UserDefined7" : "${alertSeverity}",
				        "UserDefined8" : "${alertType}",
				        "UserDefined9" : "${networkService}",
				        "SourceDomainName" : "PMOSS UEB",
				        "sTrapNumber" : "2067",
				        "Forward" : "Yes",
				        "CfmInstance" : "2"
                    }
                }
            ]
        },
		{
            "phase": "handleAlarm",
            "filter": {
            	"class":"And",
				"filters":
				[
	                { "class":"Equals", "field":"sourceName", "value":"UVERSE-MULTI" },
	                { "class":"Equals", "field":"alertType", "value":"INTERFACE-ANOMALY" },
	                {
						"class":"OneOf", "field":"${alertDescription}",
						"values":
						[
							"FBS-LAG-AGG",
							"FTR-LAG-AGG",
							"FTR-TCA-SHO-DEMARC-7750",
							"SHUB-LAG-AGG",
							"TCA-7330-7450",
							"TCA-7340-7450",
							"TCA-7342-7450",
							"TCA-7360-7450",
							"TCA-7750-CBB",
							"TCA-LAG-AGG",
							"WHOLESALE-LAG-AGG",
							"WHOLESALE-TCA-7450-7750",
							"WHOLESALE-TCA-7450-CARD-AGG",
							"WHOLESALE-TCA-7750-CARD-AGG"
						]
					}
	            ]
            },
            "processors": [
                {
                    "class": "Set",
                    "updates": 
                    {
                    	"identifier" : "50000/900/2071-${elementName}/${interfaceName}",
                    	"sourceIdentifier" : "EnvAdp",
                    	"alarmRaisedTime" : "${alertGenerationTimestamp}",
                    	"originatingManagedEntity" : "PMOSS ${elementName}/${interfaceName}",
                    	"originatingManagedEntityStructure/classInstance" : "",
                    	"probableCause" : "DisplayName=;EventText=\"UD10=${elementName};UD11=${dataSourceServer};UD12=${dataCollector};UD13=${location};UD14=${alertDescription};UD15=${additionalParameters};UD16=${interfaceName};UD17=${alertValue};UD18=${elementType};UD19=${possibleRootCause};UD20=${overflowParameters};UD21=${derivationRole};UD22=${atomicAlertIdList};UD23=${derivedAlertIdList};UD24=${reservedA};UD25=${reservedB};UD26=${reserved1};UD27=${reserved2}\"",
                    	"notificationIdentifier" : "50000/900/2071",
                    	"eventKey" : "50000/900/2071",
                    	"perceivedSeverity" : "${alertSeverity}",
                        "className" : "PMOSS",
				        "ElementClassName": "Host",
				        "instanceName" : "${alertId}",
				        "elementName" : "${elementName}",
				        "eventName" : "INTERFACE-ANOMALY",  
				        "State" : "NOTIFY",
				        "severity" : "1",
				        "EventText" : "UD10=${elementName};UD11=${dataSourceServer};UD12=${dataCollector};UD13=${location};UD14=${alertDescription};UD15=${additionalParameters};UD16=${interfaceName};UD17=${alertValue};UD18=${elementType};UD19=${possibleRootCause};UD20=${overflowParameters};UD21=${derivationRole};UD22=${atomicAlertIdList};UD23=${derivedAlertIdList};UD24=${reservedA};UD25=${reservedB};UD26=${reserved1};UD27=${reserved2}", 
				        "Category" : "PMOSS",
				        "UserDefined1" : "${alertId}",
				        "UserDefined2" : "${sourceName}",
				        "UserDefined3" : "${eventStartTimestamp}",
				        "UserDefined4" : "${collectionTimestamp}",
				        "UserDefined5" : "${alertGenerationTimestamp}",
				        "UserDefined6" : "${alertAction}",
				        "UserDefined7" : "${alertSeverity}",
				        "UserDefined8" : "${alertType}",
				        "UserDefined9" : "${networkService}",
				        "SourceDomainName" : "PMOSS UEB",
				        "sTrapNumber" : "2071",
				        "Forward" : "Yes",
				        "CfmInstance" : "1"
                    }
                }
            ]
        },
        {
            "phase": "handleAlarm",
            "filter": {
            	"class":"And",
				"filters":
				[
	                { "class":"Equals", "field":"sourceName", "value":"UVERSE-MULTI" },
	                { "class":"Equals", "field":"alertType", "value":"SERVICE-ANOMALY" },
	                {
						"class":"OneOf", "field":"${alertDescription}",
						"values":
						[
							"TCA-IPTV-SERVER-SG",
							"TCA-VOD",
							"TCA-WAVE-SERVER-SG"
						]
					}
	            ]
            },
            "processors": [
                {
                    "class": "Set",
                    "updates": 
                    {
                    	"identifier" : "50000/900/2072-${elementName}/${interfaceName}",
                    	"sourceIdentifier" : "EnvAdp",
                    	"alarmRaisedTime" : "${alertGenerationTimestamp}",
                    	"originatingManagedEntity" : "PMOSS ${elementName}/${interfaceName}",
                    	"originatingManagedEntityStructure/classInstance" : "",
                    	"probableCause" : "DisplayName=;EventText=\"UD10=${elementName};UD11=${dataSourceServer};UD12=${dataCollector};UD13=${location};UD14=${alertDescription};UD15=${additionalParameters};UD16=${interfaceName};UD17=${alertValue};UD18=${elementType};UD19=${possibleRootCause};UD20=${overflowParameters};UD21=${derivationRole};UD22=${atomicAlertIdList};UD23=${derivedAlertIdList};UD24=${reservedA};UD25=${reservedB};UD26=${reserved1};UD27=${reserved2}\"",
                    	"notificationIdentifier" : "50000/900/2072",
                    	"eventKey" : "50000/900/2072",
                    	"perceivedSeverity" : "${alertSeverity}",
                        "className" : "PMOSS",
				        "ElementClassName": "Host",
				        "instanceName" : "${alertId}",
				        "elementName" : "${elementName}",
				        "eventName" : "NE-CPUMEM",  
				        "State" : "NOTIFY",
				        "Active" : "true",
				        "severity" : "1", 
				        "Category" : "PMOSS",
				        "UserDefined1" : "${alertId}",
				        "UserDefined2" : "${sourceName}",
				        "UserDefined3" : "${eventStartTimestamp}",
				        "UserDefined4" : "${collectionTimestamp}",
				        "UserDefined5" : "${alertGenerationTimestamp}",
				        "UserDefined6" : "${alertAction}",
				        "UserDefined7" : "${alertSeverity}",
				        "UserDefined8" : "${alertType}",
				        "UserDefined9" : "${networkService}",
				        "SourceDomainName" : "PMOSS UEB",
				        "sTrapNumber" : "2072",
				        "Forward" : "Yes",
				        "CfmInstance" : "1"
                    }
                }
            ]
        },
        {
            "phase": "handleAlarm",
            "filter": {
            	"class":"And",
				"filters":
				[
	                { "class":"Equals", "field":"sourceName", "value":"UVERSE-MULTI" },
	                { "class":"Equals", "field":"alertType", "value":"MISC-ANOMALY" }
	            ]
            },
            "processors": [
            	{
                    "class":"HaltProcessing",
                    "logMsg":"Ignoring TCA UVERSE-MULTI/MISC-ANOMALY/TRAP-2073",
                    "updates": 
                    {
                    	"Forward" : "No"
                    }
                }
            ]
        },
        {
            "phase": "handleAlarm",
            "filter": {
            	"class":"And",
				"filters":
				[
	                { "class":"Equals", "field":"sourceName", "value":"UVERSE-MULTI" },
	                { "class":"Equals", "field":"alertType", "value":"DNA" }
	            ]
            },
            "processors": [
            	{
                    "class":"HaltProcessing",
                    "logMsg":"Ignoring TCA UVERSE-MULTI/DNA/TRAP-2074",
                    "updates": 
                    {
                    	"Forward" : "No"
                    }
                }
            ]
        },
        {
            "phase": "handleAlarm",
            "filter": {
            	"class":"And",
				"filters":
				[
	                { "class":"Equals", "field":"sourceName", "value":"UVERSE-MULTI" },
	                { "class":"Equals", "field":"alertType", "value":"INTERFACE-ANOMALY" },
	                { "class":"Equals", "field":"alertDescription", "value":"TCA-XVU-SHUB-ERRDROP" }
	            ]
            },
            "processors": [
                {
                    "class": "Set",
                    "updates": 
                    {
                    	"identifier" : "50000/900/2080-${elementName}/${interfaceName}",
                    	"sourceIdentifier" : "EnvAdp",
                    	"alarmRaisedTime" : "${alertGenerationTimestamp}",
                    	"originatingManagedEntity" : "PMOSS ${elementName}/${interfaceName}",
                    	"originatingManagedEntityStructure/classInstance" : "",
                    	"probableCause" : "DisplayName=;EventText=\"UD10=${elementName};UD11=${dataSourceServer};UD12=${dataCollector};UD13=${location};UD14=${alertDescription};UD15=${additionalParameters};UD16=${interfaceName};UD17=${alertValue};UD18=${elementType};UD19=${possibleRootCause};UD20=${overflowParameters};UD21=${derivationRole};UD22=${atomicAlertIdList};UD23=${derivedAlertIdList};UD24=${reservedA};UD25=${reservedB};UD26=${reserved1};UD27=${reserved2}\"",
                    	"notificationIdentifier" : "50000/900/2080",
                    	"eventKey" : "50000/900/2080",
                    	"perceivedSeverity" : "${alertSeverity}",
                        "className" : "PMOSS",
				        "ElementClassName": "UVERSE-XVU",
				        "instanceName" : "${elementName}",
				        "elementName" : "${elementName}",
				        "eventName" : "INTERFACE_ANOMALY-2080",  
				        "State" : "NOTIFY",
				        "Active" : "true",
				        "severity" : "2", 
				        "Category" : "PMOSS",
				        "UserDefined1" : "${alertId}",
				        "UserDefined2" : "${sourceName}",
				        "UserDefined3" : "${eventStartTimestamp}",
				        "UserDefined4" : "${collectionTimestamp}",
				        "UserDefined5" : "${alertGenerationTimestamp}",
				        "UserDefined6" : "${alertAction}",
				        "UserDefined7" : "${alertSeverity}",
				        "UserDefined8" : "${alertType}",
				        "UserDefined9" : "${networkService}",
				        "SourceDomainName" : "PMOSS UEB",
				        "sTrapNumber" : "2080",
				        "Forward" : "Yes",
				        "CfmInstance" : "1"
                    }
                }
            ]
        },
        {
            "phase": "handleAlarm",
            "filter": {
            	"class":"And",
				"filters":
				[
	                { "class":"Equals", "field":"sourceName", "value":"UVERSE-XVU" },
	                { "class":"Equals", "field":"alertType", "value":"INTERFACE-ANOMALY" },
	                { "class":"Equals", "field":"alertDescription", "value":"XVU-VQA-NODE-NRC" }
	            ]
            },
            "processors": [
                {
                    "class": "Set",
                    "updates": 
                    {
                    	"identifier" : "50000/900/2081-${elementName}/${interfaceName}",
                    	"sourceIdentifier" : "EnvAdp",
                    	"alarmRaisedTime" : "${alertGenerationTimestamp}",
                    	"originatingManagedEntity" : "PMOSS ${elementName}/${interfaceName}",
                    	"originatingManagedEntityStructure/classInstance" : "",
                    	"probableCause" : "DisplayName=;EventText=\"UD10=${elementName};UD11=${dataSourceServer};UD12=${dataCollector};UD13=${location};UD14=${alertDescription};UD15=${additionalParameters};UD16=${interfaceName};UD17=${alertValue};UD18=${elementType};UD19=${possibleRootCause};UD20=${overflowParameters};UD21=${derivationRole};UD22=${atomicAlertIdList};UD23=${derivedAlertIdList};UD24=${reservedA};UD25=${reservedB};UD26=${reserved1};UD27=${reserved2}\"",
                    	"notificationIdentifier" : "50000/900/2081",
                    	"eventKey" : "50000/900/2081",
                    	"perceivedSeverity" : "${alertSeverity}",
                        "className" : "PMOSS",
				        "ElementClassName": "UVERSE-XVU",
				        "instanceName" : "${elementName}",
				        "elementName" : "${elementName}",
				        "eventName" : "INTERFACE_ANOMALY-2081",  
				        "State" : "NOTIFY",
				        "Active" : "true",
				        "severity" : "2", 
				        "Category" : "PMOSS",
				        "UserDefined1" : "${alertId}",
				        "UserDefined2" : "${sourceName}",
				        "UserDefined3" : "${eventStartTimestamp}",
				        "UserDefined4" : "${collectionTimestamp}",
				        "UserDefined5" : "${alertGenerationTimestamp}",
				        "UserDefined6" : "${alertAction}",
				        "UserDefined7" : "${alertSeverity}",
				        "UserDefined8" : "${alertType}",
				        "UserDefined9" : "${networkService}",
				        "SourceDomainName" : "PMOSS UEB",
				        "sTrapNumber" : "2081",
				        "Forward" : "Yes",
				        "CfmInstance" : "1"
                    }
                }
            ]
        },
        {
            "phase": "handleAlarm",
            "filter": {
            	"class":"And",
				"filters":
				[
	                { "class":"Equals", "field":"sourceName", "value":"UVERSE-XVU" },
	                { "class":"Equals", "field":"alertType", "value":"INTERFACE-ANOMALY" },
	                { "class":"Equals", "field":"alertDescription", "value":"XVU-VQA-NODE-FMT" }
	            ]
            },
            "processors": [
                {
                    "class": "Set",
                    "updates": 
                    {
                    	"identifier" : "50000/900/2082-${elementName}/${interfaceName}",
                    	"sourceIdentifier" : "EnvAdp",
                    	"alarmRaisedTime" : "${alertGenerationTimestamp}",
                    	"originatingManagedEntity" : "PMOSS ${elementName}/${interfaceName}",
                    	"originatingManagedEntityStructure/classInstance" : "",
                    	"probableCause" : "DisplayName=;EventText=\"UD10=${elementName};UD11=${dataSourceServer};UD12=${dataCollector};UD13=${location};UD14=${alertDescription};UD15=${additionalParameters};UD16=${interfaceName};UD17=${alertValue};UD18=${elementType};UD19=${possibleRootCause};UD20=${overflowParameters};UD21=${derivationRole};UD22=${atomicAlertIdList};UD23=${derivedAlertIdList};UD24=${reservedA};UD25=${reservedB};UD26=${reserved1};UD27=${reserved2}\"",
                    	"notificationIdentifier" : "50000/900/2082",
                    	"eventKey" : "50000/900/2082",
                    	"perceivedSeverity" : "${alertSeverity}",
                        "className" : "PMOSS",
				        "ElementClassName": "UVERSE-XVU",
				        "instanceName" : "${elementName}",
				        "elementName" : "${elementName}",
				        "eventName" : "INTERFACE_ANOMALY-2082",  
				        "State" : "NOTIFY",
				        "Active" : "true",
				        "severity" : "2", 
				        "Category" : "PMOSS",
				        "UserDefined1" : "${alertId}",
				        "UserDefined2" : "${sourceName}",
				        "UserDefined3" : "${eventStartTimestamp}",
				        "UserDefined4" : "${collectionTimestamp}",
				        "UserDefined5" : "${alertGenerationTimestamp}",
				        "UserDefined6" : "${alertAction}",
				        "UserDefined7" : "${alertSeverity}",
				        "UserDefined8" : "${alertType}",
				        "UserDefined9" : "${networkService}",
				        "SourceDomainName" : "PMOSS UEB",
				        "sTrapNumber" : "2082",
				        "Forward" : "Yes",
				        "CfmInstance" : "1"
                    }
                }
            ]
        },
        {
            "phase": "handleAlarm",
            "filter": 
            {
            	"class":"Unassigned",
				"field":"Forward",
				"emptyIsAssigned":"False"
            },
            "processors": 
            [
                {
                    "class":"HaltProcessing",
                    "logMsg":"Discarding event, no filter match: ",
                    "updates": 
                    {
                    	"Forward" : "No"
                    }
                }
            ]
        },
        {
			"phase":"handleAlarm",
			"filter": 
			{
            	"class":"Equals",
				"field":"Forward",
				"value":"Yes"
            },
			"processors":
			[
				{
                    "class": "Set",
                    "updates": 
                    {
                    	"sourceIdentifier" : "EnvAdp",
                    	"alarmRaisedTime" : "${alertGenerationTimestamp}",
                    	"originatingManagedEntityStructure/classInstance" : "",
                        "className" : "PMOSS",
				        "ElementClassName": "Host",
				        "elementName" : "${elementName}",
				        "EventText" : "UD10=${elementName};UD11=${dataSourceServer};UD12=${dataCollector};UD13=${location};UD14=${alertDescription};UD15=${additionalParameters};UD16=${interfaceName};UD17=${alertValue};UD18=${elementType};UD19=${possibleRootCause};UD20=${overflowParameters};UD21=${derivationRole};UD22=${atomicAlertIdList};UD23=${derivedAlertIdList};UD24=${reservedA};UD25=${reservedB};UD26=${reserved1};UD27=${reserved2}", 
				        "Category" : "PMOSS",
				        "probableCause" : "DisplayName=;EventText=${EventText}",
				        "Name" : "NOTIFICATION-PMOSS_${instanceName}_${eventName}",
				        "UserDefined1" : "${alertId}",
				        "UserDefined2" : "${sourceName}",
				        "UserDefined3" : "${eventStartTimestamp}",
				        "UserDefined4" : "${collectionTimestamp}",
				        "UserDefined5" : "${alertGenerationTimestamp}",
				        "UserDefined6" : "${alertAction}",
				        "UserDefined7" : "${alertSeverity}",
				        "UserDefined8" : "${alertType}",
				        "UserDefined9" : "${networkService}",
				        "SourceDomainName" : "PMOSS UEB",
				        "sourceDomain" : "PMOSS UEB",
				        "alarmType" : "COMMUNICATIONS_ALARM",
				        "networkState" : "NOT_CLEARED",
				        "operatorState" : "NOT_ACKNOWLEDGED",
				        "problemState" : "NOT_HANDLED",
				        "specificProblem" : "SPECIFIC_PROBLEM",
				        "additionalText" : "ADDITIONAL_TEXT",
				        "InMaintenance" : "false",
				        "enterpriseId" : "50000",
				        "gTrapNumber" : "900",
				        "reason" : "${probableCause}",
				        "component" : "${instanceName}",
				        "info1" : "EventName=${eventName};ClassName=PMOSS;InstanceName=${instanceName}",
				        "info2" : "InMaintenance=false;ElementName=${elementName};SourceDomainName=${SourceDomainName}",
				        "info3" : "UD1=${UserDefined1};UD2=${UserDefined2};UD3=${UserDefined3};UD4=${UserDefined4};UD5=${UserDefined5};UD6=${UserDefined6};UD7=${UserDefined7};UD8=${UserDefined8};UD9=${UserDefined9};UD10=${UserDefined10}"
                    }
                },
                {
                    "class": "DateFormatter",
                    "fromFormat": "yyyyMMddHHmmss",
                    "fromField": "alertGenerationTimestamp",
                    "toFormat": "yyyy-MM-dd'T'HH:mm:ss",
                    "toField": "alarmRaisedTime",
                    "value": "${alertGenerationTimestamp}"
                },
                {
                    "class": "Set",
                    "updates":
                    {
                    	"feTimeStamp": "%{now}",
                    	"beTimeStamp": "%{now}"
                    }
                },
                {
                    "class": "DateFormatter",
                    "fromFormat": "yyyyMMddHHmmss",
                    "fromField": "alertGenerationTimestamp",
                    "toFormat": "yyyy-MM-dd'T'HH:mm:ss",
                    "toField": "UserDefined5",
                    "value": "${alertGenerationTimestamp}"
                }
			]
		},
		{
			"phase":"handleAlarm",
			"filter": 
			{
            	"class":"Equals",
				"field":"CfmInstance",
				"value":"1"
            },
			"processors":
			[
				{
					"class":"LogEvent",
					"title":"Sending to CFM instance 1 (NOM container 25)...JSON OUTPUT, before conversion to XML: "
				},
				{
					"class":"SendEvent",
					"channel":"ToCFM01-NOMinstance25"
				}
			]
		},
		{
			"phase":"handleAlarm",
			"filter": 
			{
            	"class":"Equals",
				"field":"CfmInstance",
				"value":"2"
            },
			"processors":
			[
				{
					"class":"LogEvent",
					"title":"Sending to CFM instance 2 (NOM container 39)...JSON OUTPUT, before conversion to XML: "
				},
				{
					"class":"SendEvent",
					"channel":"ToCFM02-NOMinstance39"
				}
			]
		}
	]
}
